instance_id,n,m,density,profit_type,alpha,greedy_profit,exact_profit,approximation_ratio,profit_gap,relative_profit_gap,greedy_feasible,exact_feasible,greedy_consistent,exact_consistent,is_optimal
1,5,1,dense,random,0.3,95,95,1.0,0,0.0,True,True,True,True,True
2,5,1,dense,random,0.3,55,55,1.0,0,0.0,True,True,True,True,True
3,5,1,dense,random,0.3,270,270,1.0,0,0.0,True,True,True,True,True
4,5,1,dense,random,0.3,294,294,1.0,0,0.0,True,True,True,True,True
5,5,1,dense,random,0.3,98,98,1.0,0,0.0,True,True,True,True,True
6,5,1,dense,random,0.3,147,147,1.0,0,0.0,True,True,True,True,True
7,5,1,dense,random,0.3,91,91,1.0,0,0.0,True,True,True,True,True
8,5,1,dense,random,0.3,164,164,1.0,0,0.0,True,True,True,True,True
9,5,1,dense,random,0.3,166,166,1.0,0,0.0,True,True,True,True,True
10,5,1,dense,random,0.3,282,282,1.0,0,0.0,True,True,True,True,True
11,5,1,dense,random,0.3,100,100,1.0,0,0.0,True,True,True,True,True
12,5,1,dense,random,0.3,92,92,1.0,0,0.0,True,True,True,True,True
13,5,1,dense,random,0.3,177,177,1.0,0,0.0,True,True,True,True,True
14,5,1,dense,random,0.3,104,104,1.0,0,0.0,True,True,True,True,True
15,5,1,dense,random,0.3,194,194,1.0,0,0.0,True,True,True,True,True
16,5,1,dense,random,0.3,204,204,1.0,0,0.0,True,True,True,True,True
17,5,1,dense,random,0.3,207,207,1.0,0,0.0,True,True,True,True,True
18,5,1,dense,random,0.3,93,94,0.9893617021276596,1,0.010638297872340425,True,True,True,True,False
19,5,1,dense,random,0.3,246,246,1.0,0,0.0,True,True,True,True,True
20,5,1,dense,random,0.3,200,200,1.0,0,0.0,True,True,True,True,True
21,5,1,dense,random,0.3,73,73,1.0,0,0.0,True,True,True,True,True
22,5,1,dense,random,0.3,297,297,1.0,0,0.0,True,True,True,True,True
23,5,1,dense,random,0.3,97,98,0.9897959183673469,1,0.01020408163265306,True,True,True,True,False
24,5,1,dense,random,0.3,252,252,1.0,0,0.0,True,True,True,True,True
25,5,1,dense,random,0.3,76,76,1.0,0,0.0,True,True,True,True,True
26,5,1,dense,random,0.3,60,60,1.0,0,0.0,True,True,True,True,True
27,5,1,dense,random,0.3,140,140,1.0,0,0.0,True,True,True,True,True
28,5,1,dense,random,0.3,61,61,1.0,0,0.0,True,True,True,True,True
29,5,1,dense,random,0.3,94,94,1.0,0,0.0,True,True,True,True,True
30,5,1,dense,random,0.3,96,96,1.0,0,0.0,True,True,True,True,True
1,5,1,dense,random,0.8,232,248,0.9354838709677419,16,0.06451612903225806,True,True,True,True,False
2,5,1,dense,random,0.8,165,177,0.9322033898305084,12,0.06779661016949153,True,True,True,True,False
3,5,1,dense,random,0.8,720,720,1.0,0,0.0,True,True,True,True,True
4,5,1,dense,random,0.8,784,784,1.0,0,0.0,True,True,True,True,True
5,5,1,dense,random,0.8,294,294,1.0,0,0.0,True,True,True,True,True
6,5,1,dense,random,0.8,392,392,1.0,0,0.0,True,True,True,True,True
7,5,1,dense,random,0.8,273,273,1.0,0,0.0,True,True,True,True,True
8,5,1,dense,random,0.8,492,492,1.0,0,0.0,True,True,True,True,True
9,5,1,dense,random,0.8,498,498,1.0,0,0.0,True,True,True,True,True
10,5,1,dense,random,0.8,752,752,1.0,0,0.0,True,True,True,True,True
11,5,1,dense,random,0.8,352,364,0.967032967032967,12,0.03296703296703297,True,True,True,True,False
12,5,1,dense,random,0.8,276,276,1.0,0,0.0,True,True,True,True,True
13,5,1,dense,random,0.8,472,472,1.0,0,0.0,True,True,True,True,True
14,5,1,dense,random,0.8,260,283,0.9187279151943463,23,0.0812720848056537,True,True,True,True,False
15,5,1,dense,random,0.8,582,582,1.0,0,0.0,True,True,True,True,True
16,5,1,dense,random,0.8,544,544,1.0,0,0.0,True,True,True,True,True
17,5,1,dense,random,0.8,621,621,1.0,0,0.0,True,True,True,True,True
18,5,1,dense,random,0.8,372,372,1.0,0,0.0,True,True,True,True,True
19,5,1,dense,random,0.8,656,656,1.0,0,0.0,True,True,True,True,True
20,5,1,dense,random,0.8,600,600,1.0,0,0.0,True,True,True,True,True
21,5,1,dense,random,0.8,219,219,1.0,0,0.0,True,True,True,True,True
22,5,1,dense,random,0.8,792,792,1.0,0,0.0,True,True,True,True,True
23,5,1,dense,random,0.8,291,308,0.9448051948051948,17,0.05519480519480519,True,True,True,True,False
24,5,1,dense,random,0.8,672,672,1.0,0,0.0,True,True,True,True,True
25,5,1,dense,random,0.8,304,304,1.0,0,0.0,True,True,True,True,True
26,5,1,dense,random,0.8,210,210,1.0,0,0.0,True,True,True,True,True
27,5,1,dense,random,0.8,490,490,1.0,0,0.0,True,True,True,True,True
28,5,1,dense,random,0.8,183,183,1.0,0,0.0,True,True,True,True,True
29,5,1,dense,random,0.8,376,376,1.0,0,0.0,True,True,True,True,True
30,5,1,dense,random,0.8,256,256,1.0,0,0.0,True,True,True,True,True
1,5,1,dense,correlated,0.3,7,8,0.875,1,0.125,True,True,True,True,False
2,5,1,dense,correlated,0.3,3,3,1.0,0,0.0,True,True,True,True,True
3,5,1,dense,correlated,0.3,9,9,1.0,0,0.0,True,True,True,True,True
4,5,1,dense,correlated,0.3,4,4,1.0,0,0.0,True,True,True,True,True
5,5,1,dense,correlated,0.3,10,10,1.0,0,0.0,True,True,True,True,True
6,5,1,dense,correlated,0.3,18,18,1.0,0,0.0,True,True,True,True,True
7,5,1,dense,correlated,0.3,8,8,1.0,0,0.0,True,True,True,True,True
8,5,1,dense,correlated,0.3,12,12,1.0,0,0.0,True,True,True,True,True
9,5,1,dense,correlated,0.3,18,18,1.0,0,0.0,True,True,True,True,True
10,5,1,dense,correlated,0.3,18,18,1.0,0,0.0,True,True,True,True,True
11,5,1,dense,correlated,0.3,3,3,1.0,0,0.0,True,True,True,True,True
12,5,1,dense,correlated,0.3,9,10,0.9,1,0.1,True,True,True,True,False
13,5,1,dense,correlated,0.3,15,15,1.0,0,0.0,True,True,True,True,True
14,5,1,dense,correlated,0.3,4,4,1.0,0,0.0,True,True,True,True,True
15,5,1,dense,correlated,0.3,6,8,0.75,2,0.25,True,True,True,True,False
16,5,1,dense,correlated,0.3,8,8,1.0,0,0.0,True,True,True,True,True
17,5,1,dense,correlated,0.3,5,5,1.0,0,0.0,True,True,True,True,True
18,5,1,dense,correlated,0.3,15,15,1.0,0,0.0,True,True,True,True,True
19,5,1,dense,correlated,0.3,5,5,1.0,0,0.0,True,True,True,True,True
20,5,1,dense,correlated,0.3,6,6,1.0,0,0.0,True,True,True,True,True
21,5,1,dense,correlated,0.3,6,7,0.8571428571428571,1,0.14285714285714285,True,True,True,True,False
22,5,1,dense,correlated,0.3,8,8,1.0,0,0.0,True,True,True,True,True
23,5,1,dense,correlated,0.3,10,10,1.0,0,0.0,True,True,True,True,True
24,5,1,dense,correlated,0.3,12,12,1.0,0,0.0,True,True,True,True,True
25,5,1,dense,correlated,0.3,8,8,1.0,0,0.0,True,True,True,True,True
26,5,1,dense,correlated,0.3,5,5,1.0,0,0.0,True,True,True,True,True
27,5,1,dense,correlated,0.3,7,9,0.7777777777777778,2,0.2222222222222222,True,True,True,True,False
28,5,1,dense,correlated,0.3,3,3,1.0,0,0.0,True,True,True,True,True
29,5,1,dense,correlated,0.3,6,6,1.0,0,0.0,True,True,True,True,True
30,5,1,dense,correlated,0.3,4,4,1.0,0,0.0,True,True,True,True,True
1,5,1,dense,correlated,0.8,28,28,1.0,0,0.0,True,True,True,True,True
2,5,1,dense,correlated,0.8,9,9,1.0,0,0.0,True,True,True,True,True
3,5,1,dense,correlated,0.8,24,24,1.0,0,0.0,True,True,True,True,True
4,5,1,dense,correlated,0.8,8,10,0.8,2,0.2,True,True,True,True,False
5,5,1,dense,correlated,0.8,25,25,1.0,0,0.0,True,True,True,True,True
6,5,1,dense,correlated,0.8,48,48,1.0,0,0.0,True,True,True,True,True
7,5,1,dense,correlated,0.8,16,18,0.8888888888888888,2,0.1111111111111111,True,True,True,True,False
8,5,1,dense,correlated,0.8,36,36,1.0,0,0.0,True,True,True,True,True
9,5,1,dense,correlated,0.8,54,54,1.0,0,0.0,True,True,True,True,True
10,5,1,dense,correlated,0.8,48,48,1.0,0,0.0,True,True,True,True,True
11,5,1,dense,correlated,0.8,9,9,1.0,0,0.0,True,True,True,True,True
12,5,1,dense,correlated,0.8,28,31,0.9032258064516129,3,0.0967741935483871,True,True,True,True,False
13,5,1,dense,correlated,0.8,40,40,1.0,0,0.0,True,True,True,True,True
14,5,1,dense,correlated,0.8,12,13,0.9230769230769231,1,0.07692307692307693,True,True,True,True,False
15,5,1,dense,correlated,0.8,24,26,0.9230769230769231,2,0.07692307692307693,True,True,True,True,False
16,5,1,dense,correlated,0.8,28,29,0.9655172413793104,1,0.034482758620689655,True,True,True,True,False
17,5,1,dense,correlated,0.8,15,15,1.0,0,0.0,True,True,True,True,True
18,5,1,dense,correlated,0.8,45,45,1.0,0,0.0,True,True,True,True,True
19,5,1,dense,correlated,0.8,10,12,0.8333333333333334,2,0.16666666666666666,True,True,True,True,False
20,5,1,dense,correlated,0.8,18,18,1.0,0,0.0,True,True,True,True,True
21,5,1,dense,correlated,0.8,24,24,1.0,0,0.0,True,True,True,True,True
22,5,1,dense,correlated,0.8,16,18,0.8888888888888888,2,0.1111111111111111,True,True,True,True,False
23,5,1,dense,correlated,0.8,35,35,1.0,0,0.0,True,True,True,True,True
24,5,1,dense,correlated,0.8,42,42,1.0,0,0.0,True,True,True,True,True
25,5,1,dense,correlated,0.8,24,24,1.0,0,0.0,True,True,True,True,True
26,5,1,dense,correlated,0.8,15,15,1.0,0,0.0,True,True,True,True,True
27,5,1,dense,correlated,0.8,28,28,1.0,0,0.0,True,True,True,True,True
28,5,1,dense,correlated,0.8,8,8,1.0,0,0.0,True,True,True,True,True
29,5,1,dense,correlated,0.8,21,21,1.0,0,0.0,True,True,True,True,True
30,5,1,dense,correlated,0.8,8,10,0.8,2,0.2,True,True,True,True,False
1,5,1,dense,anticorrelated,0.3,30,30,1.0,0,0.0,True,True,True,True,True
2,5,1,dense,anticorrelated,0.3,24,24,1.0,0,0.0,True,True,True,True,True
3,5,1,dense,anticorrelated,0.3,42,42,1.0,0,0.0,True,True,True,True,True
4,5,1,dense,anticorrelated,0.3,33,33,1.0,0,0.0,True,True,True,True,True
5,5,1,dense,anticorrelated,0.3,30,30,1.0,0,0.0,True,True,True,True,True
6,5,1,dense,anticorrelated,0.3,51,51,1.0,0,0.0,True,True,True,True,True
7,5,1,dense,anticorrelated,0.3,30,30,1.0,0,0.0,True,True,True,True,True
8,5,1,dense,anticorrelated,0.3,32,32,1.0,0,0.0,True,True,True,True,True
9,5,1,dense,anticorrelated,0.3,51,51,1.0,0,0.0,True,True,True,True,True
10,5,1,dense,anticorrelated,0.3,51,51,1.0,0,0.0,True,True,True,True,True
11,5,1,dense,anticorrelated,0.3,22,22,1.0,0,0.0,True,True,True,True,True
12,5,1,dense,anticorrelated,0.3,42,42,1.0,0,0.0,True,True,True,True,True
13,5,1,dense,anticorrelated,0.3,48,48,1.0,0,0.0,True,True,True,True,True
14,5,1,dense,anticorrelated,0.3,16,16,1.0,0,0.0,True,True,True,True,True
15,5,1,dense,anticorrelated,0.3,39,39,1.0,0,0.0,True,True,True,True,True
16,5,1,dense,anticorrelated,0.3,33,33,1.0,0,0.0,True,True,True,True,True
17,5,1,dense,anticorrelated,0.3,16,16,1.0,0,0.0,True,True,True,True,True
18,5,1,dense,anticorrelated,0.3,48,48,1.0,0,0.0,True,True,True,True,True
19,5,1,dense,anticorrelated,0.3,36,36,1.0,0,0.0,True,True,True,True,True
20,5,1,dense,anticorrelated,0.3,28,28,1.0,0,0.0,True,True,True,True,True
21,5,1,dense,anticorrelated,0.3,33,33,1.0,0,0.0,True,True,True,True,True
22,5,1,dense,anticorrelated,0.3,36,36,1.0,0,0.0,True,True,True,True,True
23,5,1,dense,anticorrelated,0.3,32,32,1.0,0,0.0,True,True,True,True,True
24,5,1,dense,anticorrelated,0.3,34,34,1.0,0,0.0,True,True,True,True,True
25,5,1,dense,anticorrelated,0.3,30,30,1.0,0,0.0,True,True,True,True,True
26,5,1,dense,anticorrelated,0.3,30,30,1.0,0,0.0,True,True,True,True,True
27,5,1,dense,anticorrelated,0.3,39,39,1.0,0,0.0,True,True,True,True,True
28,5,1,dense,anticorrelated,0.3,30,30,1.0,0,0.0,True,True,True,True,True
29,5,1,dense,anticorrelated,0.3,28,28,1.0,0,0.0,True,True,True,True,True
30,5,1,dense,anticorrelated,0.3,30,30,1.0,0,0.0,True,True,True,True,True
1,5,1,dense,anticorrelated,0.8,80,80,1.0,0,0.0,True,True,True,True,True
2,5,1,dense,anticorrelated,0.8,72,72,1.0,0,0.0,True,True,True,True,True
3,5,1,dense,anticorrelated,0.8,112,112,1.0,0,0.0,True,True,True,True,True
4,5,1,dense,anticorrelated,0.8,88,88,1.0,0,0.0,True,True,True,True,True
5,5,1,dense,anticorrelated,0.8,75,75,1.0,0,0.0,True,True,True,True,True
6,5,1,dense,anticorrelated,0.8,136,136,1.0,0,0.0,True,True,True,True,True
7,5,1,dense,anticorrelated,0.8,80,80,1.0,0,0.0,True,True,True,True,True
8,5,1,dense,anticorrelated,0.8,96,96,1.0,0,0.0,True,True,True,True,True
9,5,1,dense,anticorrelated,0.8,153,153,1.0,0,0.0,True,True,True,True,True
10,5,1,dense,anticorrelated,0.8,136,136,1.0,0,0.0,True,True,True,True,True
11,5,1,dense,anticorrelated,0.8,66,66,1.0,0,0.0,True,True,True,True,True
12,5,1,dense,anticorrelated,0.8,126,126,1.0,0,0.0,True,True,True,True,True
13,5,1,dense,anticorrelated,0.8,128,128,1.0,0,0.0,True,True,True,True,True
14,5,1,dense,anticorrelated,0.8,56,56,1.0,0,0.0,True,True,True,True,True
15,5,1,dense,anticorrelated,0.8,117,117,1.0,0,0.0,True,True,True,True,True
16,5,1,dense,anticorrelated,0.8,99,99,1.0,0,0.0,True,True,True,True,True
17,5,1,dense,anticorrelated,0.8,48,48,1.0,0,0.0,True,True,True,True,True
18,5,1,dense,anticorrelated,0.8,144,144,1.0,0,0.0,True,True,True,True,True
19,5,1,dense,anticorrelated,0.8,96,96,1.0,0,0.0,True,True,True,True,True
20,5,1,dense,anticorrelated,0.8,84,84,1.0,0,0.0,True,True,True,True,True
21,5,1,dense,anticorrelated,0.8,88,88,1.0,0,0.0,True,True,True,True,True
22,5,1,dense,anticorrelated,0.8,96,96,1.0,0,0.0,True,True,True,True,True
23,5,1,dense,anticorrelated,0.8,112,112,1.0,0,0.0,True,True,True,True,True
24,5,1,dense,anticorrelated,0.8,119,119,1.0,0,0.0,True,True,True,True,True
25,5,1,dense,anticorrelated,0.8,90,90,1.0,0,0.0,True,True,True,True,True
26,5,1,dense,anticorrelated,0.8,90,90,1.0,0,0.0,True,True,True,True,True
27,5,1,dense,anticorrelated,0.8,104,104,1.0,0,0.0,True,True,True,True,True
28,5,1,dense,anticorrelated,0.8,80,80,1.0,0,0.0,True,True,True,True,True
29,5,1,dense,anticorrelated,0.8,98,98,1.0,0,0.0,True,True,True,True,True
30,5,1,dense,anticorrelated,0.8,80,80,1.0,0,0.0,True,True,True,True,True
1,5,1,sparse,random,0.3,12,12,1.0,0,0.0,True,True,True,True,True
2,5,1,sparse,random,0.3,196,196,1.0,0,0.0,True,True,True,True,True
3,5,1,sparse,random,0.3,94,94,1.0,0,0.0,True,True,True,True,True
4,5,1,sparse,random,0.3,38,38,1.0,0,0.0,True,True,True,True,True
5,5,1,sparse,random,0.3,90,90,1.0,0,0.0,True,True,True,True,True
6,5,1,sparse,random,0.3,5,5,1.0,0,0.0,True,True,True,True,True
7,5,1,sparse,random,0.3,0,0,1.0,0,0.0,True,True,True,True,True
8,5,1,sparse,random,0.3,97,97,1.0,0,0.0,True,True,True,True,True
9,5,1,sparse,random,0.3,68,68,1.0,0,0.0,True,True,True,True,True
10,5,1,sparse,random,0.3,0,0,1.0,0,0.0,True,True,True,True,True
11,5,1,sparse,random,0.3,140,140,1.0,0,0.0,True,True,True,True,True
12,5,1,sparse,random,0.3,9,9,1.0,0,0.0,True,True,True,True,True
13,5,1,sparse,random,0.3,194,194,1.0,0,0.0,True,True,True,True,True
14,5,1,sparse,random,0.3,0,0,1.0,0,0.0,True,True,True,True,True
15,5,1,sparse,random,0.3,70,70,1.0,0,0.0,True,True,True,True,True
16,5,1,sparse,random,0.3,94,94,1.0,0,0.0,True,True,True,True,True
17,5,1,sparse,random,0.3,60,60,1.0,0,0.0,True,True,True,True,True
18,5,1,sparse,random,0.3,97,97,1.0,0,0.0,True,True,True,True,True
19,5,1,sparse,random,0.3,0,0,1.0,0,0.0,True,True,True,True,True
20,5,1,sparse,random,0.3,65,65,1.0,0,0.0,True,True,True,True,True
21,5,1,sparse,random,0.3,75,75,1.0,0,0.0,True,True,True,True,True
22,5,1,sparse,random,0.3,0,0,1.0,0,0.0,True,True,True,True,True
23,5,1,sparse,random,0.3,48,48,1.0,0,0.0,True,True,True,True,True
24,5,1,sparse,random,0.3,85,85,1.0,0,0.0,True,True,True,True,True
25,5,1,sparse,random,0.3,34,34,1.0,0,0.0,True,True,True,True,True
26,5,1,sparse,random,0.3,142,142,1.0,0,0.0,True,True,True,True,True
27,5,1,sparse,random,0.3,0,0,1.0,0,0.0,True,True,True,True,True
28,5,1,sparse,random,0.3,31,31,1.0,0,0.0,True,True,True,True,True
29,5,1,sparse,random,0.3,180,180,1.0,0,0.0,True,True,True,True,True
30,5,1,sparse,random,0.3,0,0,1.0,0,0.0,True,True,True,True,True
1,5,1,sparse,random,0.8,12,12,1.0,0,0.0,True,True,True,True,True
2,5,1,sparse,random,0.8,490,490,1.0,0,0.0,True,True,True,True,True
3,5,1,sparse,random,0.8,188,188,1.0,0,0.0,True,True,True,True,True
4,5,1,sparse,random,0.8,99,137,0.7226277372262774,38,0.2773722627737226,True,True,True,True,False
5,5,1,sparse,random,0.8,360,360,1.0,0,0.0,True,True,True,True,True
6,5,1,sparse,random,0.8,30,30,1.0,0,0.0,True,True,True,True,True
7,5,1,sparse,random,0.8,0,0,1.0,0,0.0,True,True,True,True,True
8,5,1,sparse,random,0.8,97,97,1.0,0,0.0,True,True,True,True,True
9,5,1,sparse,random,0.8,272,272,1.0,0,0.0,True,True,True,True,True
10,5,1,sparse,random,0.8,0,0,1.0,0,0.0,True,True,True,True,True
11,5,1,sparse,random,0.8,350,350,1.0,0,0.0,True,True,True,True,True
12,5,1,sparse,random,0.8,94,94,1.0,0,0.0,True,True,True,True,True
13,5,1,sparse,random,0.8,679,679,1.0,0,0.0,True,True,True,True,True
14,5,1,sparse,random,0.8,142,142,1.0,0,0.0,True,True,True,True,True
15,5,1,sparse,random,0.8,280,280,1.0,0,0.0,True,True,True,True,True
16,5,1,sparse,random,0.8,376,376,1.0,0,0.0,True,True,True,True,True
17,5,1,sparse,random,0.8,180,180,1.0,0,0.0,True,True,True,True,True
18,5,1,sparse,random,0.8,388,388,1.0,0,0.0,True,True,True,True,True
19,5,1,sparse,random,0.8,0,0,1.0,0,0.0,True,True,True,True,True
20,5,1,sparse,random,0.8,65,65,1.0,0,0.0,True,True,True,True,True
21,5,1,sparse,random,0.8,300,300,1.0,0,0.0,True,True,True,True,True
22,5,1,sparse,random,0.8,0,0,1.0,0,0.0,True,True,True,True,True
23,5,1,sparse,random,0.8,144,144,1.0,0,0.0,True,True,True,True,True
24,5,1,sparse,random,0.8,255,255,1.0,0,0.0,True,True,True,True,True
25,5,1,sparse,random,0.8,136,136,1.0,0,0.0,True,True,True,True,True
26,5,1,sparse,random,0.8,355,355,1.0,0,0.0,True,True,True,True,True
27,5,1,sparse,random,0.8,40,40,1.0,0,0.0,True,True,True,True,True
28,5,1,sparse,random,0.8,124,124,1.0,0,0.0,True,True,True,True,True
29,5,1,sparse,random,0.8,540,540,1.0,0,0.0,True,True,True,True,True
30,5,1,sparse,random,0.8,0,0,1.0,0,0.0,True,True,True,True,True
1,5,1,sparse,correlated,0.3,1,1,1.0,0,0.0,True,True,True,True,True
2,5,1,sparse,correlated,0.3,2,2,1.0,0,0.0,True,True,True,True,True
3,5,1,sparse,correlated,0.3,4,4,1.0,0,0.0,True,True,True,True,True
4,5,1,sparse,correlated,0.3,1,1,1.0,0,0.0,True,True,True,True,True
5,5,1,sparse,correlated,0.3,0,0,1.0,0,0.0,True,True,True,True,True
6,5,1,sparse,correlated,0.3,1,1,1.0,0,0.0,True,True,True,True,True
7,5,1,sparse,correlated,0.3,1,1,1.0,0,0.0,True,True,True,True,True
8,5,1,sparse,correlated,0.3,6,6,1.0,0,0.0,True,True,True,True,True
9,5,1,sparse,correlated,0.3,12,12,1.0,0,0.0,True,True,True,True,True
10,5,1,sparse,correlated,0.3,6,6,1.0,0,0.0,True,True,True,True,True
11,5,1,sparse,correlated,0.3,2,2,1.0,0,0.0,True,True,True,True,True
12,5,1,sparse,correlated,0.3,8,8,1.0,0,0.0,True,True,True,True,True
13,5,1,sparse,correlated,0.3,1,1,1.0,0,0.0,True,True,True,True,True
14,5,1,sparse,correlated,0.3,1,1,1.0,0,0.0,True,True,True,True,True
15,5,1,sparse,correlated,0.3,1,1,1.0,0,0.0,True,True,True,True,True
16,5,1,sparse,correlated,0.3,2,2,1.0,0,0.0,True,True,True,True,True
17,5,1,sparse,correlated,0.3,6,6,1.0,0,0.0,True,True,True,True,True
18,5,1,sparse,correlated,0.3,0,0,1.0,0,0.0,True,True,True,True,True
19,5,1,sparse,correlated,0.3,4,4,1.0,0,0.0,True,True,True,True,True
20,5,1,sparse,correlated,0.3,5,5,1.0,0,0.0,True,True,True,True,True
21,5,1,sparse,correlated,0.3,0,0,1.0,0,0.0,True,True,True,True,True
22,5,1,sparse,correlated,0.3,1,1,1.0,0,0.0,True,True,True,True,True
23,5,1,sparse,correlated,0.3,8,8,1.0,0,0.0,True,True,True,True,True
24,5,1,sparse,correlated,0.3,1,1,1.0,0,0.0,True,True,True,True,True
25,5,1,sparse,correlated,0.3,8,8,1.0,0,0.0,True,True,True,True,True
26,5,1,sparse,correlated,0.3,1,1,1.0,0,0.0,True,True,True,True,True
27,5,1,sparse,correlated,0.3,1,1,1.0,0,0.0,True,True,True,True,True
28,5,1,sparse,correlated,0.3,3,3,1.0,0,0.0,True,True,True,True,True
29,5,1,sparse,correlated,0.3,1,1,1.0,0,0.0,True,True,True,True,True
30,5,1,sparse,correlated,0.3,0,0,1.0,0,0.0,True,True,True,True,True
1,5,1,sparse,correlated,0.8,1,1,1.0,0,0.0,True,True,True,True,True
2,5,1,sparse,correlated,0.8,5,6,0.8333333333333334,1,0.16666666666666666,True,True,True,True,False
3,5,1,sparse,correlated,0.8,8,8,1.0,0,0.0,True,True,True,True,True
4,5,1,sparse,correlated,0.8,2,2,1.0,0,0.0,True,True,True,True,True
5,5,1,sparse,correlated,0.8,10,10,1.0,0,0.0,True,True,True,True,True
6,5,1,sparse,correlated,0.8,4,5,0.8,1,0.2,True,True,True,True,False
7,5,1,sparse,correlated,0.8,3,3,1.0,0,0.0,True,True,True,True,True
8,5,1,sparse,correlated,0.8,24,24,1.0,0,0.0,True,True,True,True,True
9,5,1,sparse,correlated,0.8,36,36,1.0,0,0.0,True,True,True,True,True
10,5,1,sparse,correlated,0.8,18,18,1.0,0,0.0,True,True,True,True,True
11,5,1,sparse,correlated,0.8,5,5,1.0,0,0.0,True,True,True,True,True
12,5,1,sparse,correlated,0.8,24,24,1.0,0,0.0,True,True,True,True,True
13,5,1,sparse,correlated,0.8,14,14,1.0,0,0.0,True,True,True,True,True
14,5,1,sparse,correlated,0.8,1,1,1.0,0,0.0,True,True,True,True,True
15,5,1,sparse,correlated,0.8,3,3,1.0,0,0.0,True,True,True,True,True
16,5,1,sparse,correlated,0.8,6,6,1.0,0,0.0,True,True,True,True,True
17,5,1,sparse,correlated,0.8,6,6,1.0,0,0.0,True,True,True,True,True
18,5,1,sparse,correlated,0.8,0,0,1.0,0,0.0,True,True,True,True,True
19,5,1,sparse,correlated,0.8,4,4,1.0,0,0.0,True,True,True,True,True
20,5,1,sparse,correlated,0.8,20,20,1.0,0,0.0,True,True,True,True,True
21,5,1,sparse,correlated,0.8,0,0,1.0,0,0.0,True,True,True,True,True
22,5,1,sparse,correlated,0.8,3,3,1.0,0,0.0,True,True,True,True,True
23,5,1,sparse,correlated,0.8,24,24,1.0,0,0.0,True,True,True,True,True
24,5,1,sparse,correlated,0.8,6,7,0.8571428571428571,1,0.14285714285714285,True,True,True,True,False
25,5,1,sparse,correlated,0.8,20,20,1.0,0,0.0,True,True,True,True,True
26,5,1,sparse,correlated,0.8,4,4,1.0,0,0.0,True,True,True,True,True
27,5,1,sparse,correlated,0.8,6,6,1.0,0,0.0,True,True,True,True,True
28,5,1,sparse,correlated,0.8,10,10,1.0,0,0.0,True,True,True,True,True
29,5,1,sparse,correlated,0.8,1,1,1.0,0,0.0,True,True,True,True,True
30,5,1,sparse,correlated,0.8,0,0,1.0,0,0.0,True,True,True,True,True
1,5,1,sparse,anticorrelated,0.3,6,6,1.0,0,0.0,True,True,True,True,True
2,5,1,sparse,anticorrelated,0.3,18,18,1.0,0,0.0,True,True,True,True,True
3,5,1,sparse,anticorrelated,0.3,14,14,1.0,0,0.0,True,True,True,True,True
4,5,1,sparse,anticorrelated,0.3,10,10,1.0,0,0.0,True,True,True,True,True
5,5,1,sparse,anticorrelated,0.3,0,0,1.0,0,0.0,True,True,True,True,True
6,5,1,sparse,anticorrelated,0.3,11,11,1.0,0,0.0,True,True,True,True,True
7,5,1,sparse,anticorrelated,0.3,11,11,1.0,0,0.0,True,True,True,True,True
8,5,1,sparse,anticorrelated,0.3,16,16,1.0,0,0.0,True,True,True,True,True
9,5,1,sparse,anticorrelated,0.3,34,34,1.0,0,0.0,True,True,True,True,True
10,5,1,sparse,anticorrelated,0.3,17,17,1.0,0,0.0,True,True,True,True,True
11,5,1,sparse,anticorrelated,0.3,24,24,1.0,0,0.0,True,True,True,True,True
12,5,1,sparse,anticorrelated,0.3,30,30,1.0,0,0.0,True,True,True,True,True
13,5,1,sparse,anticorrelated,0.3,12,12,1.0,0,0.0,True,True,True,True,True
14,5,1,sparse,anticorrelated,0.3,8,8,1.0,0,0.0,True,True,True,True,True
15,5,1,sparse,anticorrelated,0.3,10,10,1.0,0,0.0,True,True,True,True,True
16,5,1,sparse,anticorrelated,0.3,12,12,1.0,0,0.0,True,True,True,True,True
17,5,1,sparse,anticorrelated,0.3,15,15,1.0,0,0.0,True,True,True,True,True
18,5,1,sparse,anticorrelated,0.3,0,0,1.0,0,0.0,True,True,True,True,True
19,5,1,sparse,anticorrelated,0.3,13,13,1.0,0,0.0,True,True,True,True,True
20,5,1,sparse,anticorrelated,0.3,16,16,1.0,0,0.0,True,True,True,True,True
21,5,1,sparse,anticorrelated,0.3,0,0,1.0,0,0.0,True,True,True,True,True
22,5,1,sparse,anticorrelated,0.3,12,12,1.0,0,0.0,True,True,True,True,True
23,5,1,sparse,anticorrelated,0.3,15,15,1.0,0,0.0,True,True,True,True,True
24,5,1,sparse,anticorrelated,0.3,11,11,1.0,0,0.0,True,True,True,True,True
25,5,1,sparse,anticorrelated,0.3,30,30,1.0,0,0.0,True,True,True,True,True
26,5,1,sparse,anticorrelated,0.3,7,7,1.0,0,0.0,True,True,True,True,True
27,5,1,sparse,anticorrelated,0.3,10,10,1.0,0,0.0,True,True,True,True,True
28,5,1,sparse,anticorrelated,0.3,16,16,1.0,0,0.0,True,True,True,True,True
29,5,1,sparse,anticorrelated,0.3,6,6,1.0,0,0.0,True,True,True,True,True
30,5,1,sparse,anticorrelated,0.3,0,0,1.0,0,0.0,True,True,True,True,True
1,5,1,sparse,anticorrelated,0.8,6,6,1.0,0,0.0,True,True,True,True,True
2,5,1,sparse,anticorrelated,0.8,45,45,1.0,0,0.0,True,True,True,True,True
3,5,1,sparse,anticorrelated,0.8,28,28,1.0,0,0.0,True,True,True,True,True
4,5,1,sparse,anticorrelated,0.8,20,20,1.0,0,0.0,True,True,True,True,True
5,5,1,sparse,anticorrelated,0.8,28,28,1.0,0,0.0,True,True,True,True,True
6,5,1,sparse,anticorrelated,0.8,44,44,1.0,0,0.0,True,True,True,True,True
7,5,1,sparse,anticorrelated,0.8,33,33,1.0,0,0.0,True,True,True,True,True
8,5,1,sparse,anticorrelated,0.8,64,64,1.0,0,0.0,True,True,True,True,True
9,5,1,sparse,anticorrelated,0.8,102,102,1.0,0,0.0,True,True,True,True,True
10,5,1,sparse,anticorrelated,0.8,51,51,1.0,0,0.0,True,True,True,True,True
11,5,1,sparse,anticorrelated,0.8,60,60,1.0,0,0.0,True,True,True,True,True
12,5,1,sparse,anticorrelated,0.8,90,90,1.0,0,0.0,True,True,True,True,True
13,5,1,sparse,anticorrelated,0.8,48,48,1.0,0,0.0,True,True,True,True,True
14,5,1,sparse,anticorrelated,0.8,8,8,1.0,0,0.0,True,True,True,True,True
15,5,1,sparse,anticorrelated,0.8,30,30,1.0,0,0.0,True,True,True,True,True
16,5,1,sparse,anticorrelated,0.8,36,36,1.0,0,0.0,True,True,True,True,True
17,5,1,sparse,anticorrelated,0.8,15,15,1.0,0,0.0,True,True,True,True,True
18,5,1,sparse,anticorrelated,0.8,0,0,1.0,0,0.0,True,True,True,True,True
19,5,1,sparse,anticorrelated,0.8,13,13,1.0,0,0.0,True,True,True,True,True
20,5,1,sparse,anticorrelated,0.8,64,64,1.0,0,0.0,True,True,True,True,True
21,5,1,sparse,anticorrelated,0.8,0,0,1.0,0,0.0,True,True,True,True,True
22,5,1,sparse,anticorrelated,0.8,36,36,1.0,0,0.0,True,True,True,True,True
23,5,1,sparse,anticorrelated,0.8,45,45,1.0,0,0.0,True,True,True,True,True
24,5,1,sparse,anticorrelated,0.8,44,44,1.0,0,0.0,True,True,True,True,True
25,5,1,sparse,anticorrelated,0.8,75,75,1.0,0,0.0,True,True,True,True,True
26,5,1,sparse,anticorrelated,0.8,28,28,1.0,0,0.0,True,True,True,True,True
27,5,1,sparse,anticorrelated,0.8,40,40,1.0,0,0.0,True,True,True,True,True
28,5,1,sparse,anticorrelated,0.8,48,48,1.0,0,0.0,True,True,True,True,True
29,5,1,sparse,anticorrelated,0.8,6,6,1.0,0,0.0,True,True,True,True,True
30,5,1,sparse,anticorrelated,0.8,0,0,1.0,0,0.0,True,True,True,True,True
1,5,2,dense,random,0.3,190,190,1.0,0,0.0,True,True,True,True,True
2,5,2,dense,random,0.3,92,92,1.0,0,0.0,True,True,True,True,True
3,5,2,dense,random,0.3,98,98,1.0,0,0.0,True,True,True,True,True
4,5,2,dense,random,0.3,98,108,0.9074074074074074,10,0.09259259259259259,True,True,True,True,False
5,5,2,dense,random,0.3,38,38,1.0,0,0.0,True,True,True,True,True
6,5,2,dense,random,0.3,90,90,1.0,0,0.0,True,True,True,True,True
7,5,2,dense,random,0.3,89,89,1.0,0,0.0,True,True,True,True,True
8,5,2,dense,random,0.3,92,92,1.0,0,0.0,True,True,True,True,True
9,5,2,dense,random,0.3,96,96,1.0,0,0.0,True,True,True,True,True
10,5,2,dense,random,0.3,176,176,1.0,0,0.0,True,True,True,True,True
11,5,2,dense,random,0.3,93,93,1.0,0,0.0,True,True,True,True,True
12,5,2,dense,random,0.3,196,196,1.0,0,0.0,True,True,True,True,True
13,5,2,dense,random,0.3,100,100,1.0,0,0.0,True,True,True,True,True
14,5,2,dense,random,0.3,73,73,1.0,0,0.0,True,True,True,True,True
15,5,2,dense,random,0.3,84,106,0.7924528301886793,22,0.20754716981132076,True,True,True,True,False
16,5,2,dense,random,0.3,67,67,1.0,0,0.0,True,True,True,True,True
17,5,2,dense,random,0.3,182,182,1.0,0,0.0,True,True,True,True,True
18,5,2,dense,random,0.3,140,140,1.0,0,0.0,True,True,True,True,True
19,5,2,dense,random,0.3,106,106,1.0,0,0.0,True,True,True,True,True
20,5,2,dense,random,0.3,116,116,1.0,0,0.0,True,True,True,True,True
21,5,2,dense,random,0.3,194,194,1.0,0,0.0,True,True,True,True,True
22,5,2,dense,random,0.3,59,59,1.0,0,0.0,True,True,True,True,True
23,5,2,dense,random,0.3,95,95,1.0,0,0.0,True,True,True,True,True
24,5,2,dense,random,0.3,24,24,1.0,0,0.0,True,True,True,True,True
25,5,2,dense,random,0.3,85,85,1.0,0,0.0,True,True,True,True,True
26,5,2,dense,random,0.3,86,86,1.0,0,0.0,True,True,True,True,True
27,5,2,dense,random,0.3,69,69,1.0,0,0.0,True,True,True,True,True
28,5,2,dense,random,0.3,86,86,1.0,0,0.0,True,True,True,True,True
29,5,2,dense,random,0.3,78,78,1.0,0,0.0,True,True,True,True,True
30,5,2,dense,random,0.3,82,82,1.0,0,0.0,True,True,True,True,True
1,5,2,dense,random,0.8,475,475,1.0,0,0.0,True,True,True,True,True
2,5,2,dense,random,0.8,360,364,0.989010989010989,4,0.01098901098901099,True,True,True,True,False
3,5,2,dense,random,0.8,196,240,0.8166666666666667,44,0.18333333333333332,True,True,True,True,False
4,5,2,dense,random,0.8,245,275,0.8909090909090909,30,0.10909090909090909,True,True,True,True,False
5,5,2,dense,random,0.8,198,236,0.8389830508474576,38,0.16101694915254236,True,True,True,True,False
6,5,2,dense,random,0.8,344,352,0.9772727272727273,8,0.022727272727272728,True,True,True,True,False
7,5,2,dense,random,0.8,288,322,0.8944099378881988,34,0.10559006211180125,True,True,True,True,False
8,5,2,dense,random,0.8,276,276,1.0,0,0.0,True,True,True,True,True
9,5,2,dense,random,0.8,288,288,1.0,0,0.0,True,True,True,True,True
10,5,2,dense,random,0.8,528,528,1.0,0,0.0,True,True,True,True,True
11,5,2,dense,random,0.8,279,362,0.7707182320441989,83,0.2292817679558011,True,True,True,True,False
12,5,2,dense,random,0.8,588,588,1.0,0,0.0,True,True,True,True,True
13,5,2,dense,random,0.8,400,400,1.0,0,0.0,True,True,True,True,True
14,5,2,dense,random,0.8,155,177,0.8757062146892656,22,0.12429378531073447,True,True,True,True,False
15,5,2,dense,random,0.8,312,312,1.0,0,0.0,True,True,True,True,True
16,5,2,dense,random,0.8,201,217,0.9262672811059908,16,0.07373271889400922,True,True,True,True,False
17,5,2,dense,random,0.8,546,546,1.0,0,0.0,True,True,True,True,True
18,5,2,dense,random,0.8,420,424,0.9905660377358491,4,0.009433962264150943,True,True,True,True,False
19,5,2,dense,random,0.8,318,318,1.0,0,0.0,True,True,True,True,True
20,5,2,dense,random,0.8,406,406,1.0,0,0.0,True,True,True,True,True
21,5,2,dense,random,0.8,582,582,1.0,0,0.0,True,True,True,True,True
22,5,2,dense,random,0.8,177,177,1.0,0,0.0,True,True,True,True,True
23,5,2,dense,random,0.8,285,313,0.9105431309904153,28,0.08945686900958466,True,True,True,True,False
24,5,2,dense,random,0.8,132,132,1.0,0,0.0,True,True,True,True,True
25,5,2,dense,random,0.8,170,182,0.9340659340659341,12,0.06593406593406594,True,True,True,True,False
26,5,2,dense,random,0.8,415,424,0.9787735849056604,9,0.02122641509433962,True,True,True,True,False
27,5,2,dense,random,0.8,207,207,1.0,0,0.0,True,True,True,True,True
28,5,2,dense,random,0.8,336,340,0.9882352941176471,4,0.011764705882352941,True,True,True,True,False
29,5,2,dense,random,0.8,156,230,0.6782608695652174,74,0.3217391304347826,True,True,True,True,False
30,5,2,dense,random,0.8,220,220,1.0,0,0.0,True,True,True,True,True
1,5,2,dense,correlated,0.3,10,10,1.0,0,0.0,True,True,True,True,True
2,5,2,dense,correlated,0.3,9,9,1.0,0,0.0,True,True,True,True,True
3,5,2,dense,correlated,0.3,6,6,1.0,0,0.0,True,True,True,True,True
4,5,2,dense,correlated,0.3,8,15,0.5333333333333333,7,0.4666666666666667,True,True,True,True,False
5,5,2,dense,correlated,0.3,8,8,1.0,0,0.0,True,True,True,True,True
6,5,2,dense,correlated,0.3,10,10,1.0,0,0.0,True,True,True,True,True
7,5,2,dense,correlated,0.3,10,10,1.0,0,0.0,True,True,True,True,True
8,5,2,dense,correlated,0.3,14,14,1.0,0,0.0,True,True,True,True,True
9,5,2,dense,correlated,0.3,9,9,1.0,0,0.0,True,True,True,True,True
10,5,2,dense,correlated,0.3,6,6,1.0,0,0.0,True,True,True,True,True
11,5,2,dense,correlated,0.3,11,11,1.0,0,0.0,True,True,True,True,True
12,5,2,dense,correlated,0.3,14,15,0.9333333333333333,1,0.06666666666666667,True,True,True,True,False
13,5,2,dense,correlated,0.3,8,8,1.0,0,0.0,True,True,True,True,True
14,5,2,dense,correlated,0.3,8,8,1.0,0,0.0,True,True,True,True,True
15,5,2,dense,correlated,0.3,11,11,1.0,0,0.0,True,True,True,True,True
16,5,2,dense,correlated,0.3,7,7,1.0,0,0.0,True,True,True,True,True
17,5,2,dense,correlated,0.3,5,5,1.0,0,0.0,True,True,True,True,True
18,5,2,dense,correlated,0.3,10,10,1.0,0,0.0,True,True,True,True,True
19,5,2,dense,correlated,0.3,6,6,1.0,0,0.0,True,True,True,True,True
20,5,2,dense,correlated,0.3,8,8,1.0,0,0.0,True,True,True,True,True
21,5,2,dense,correlated,0.3,4,4,1.0,0,0.0,True,True,True,True,True
22,5,2,dense,correlated,0.3,7,7,1.0,0,0.0,True,True,True,True,True
23,5,2,dense,correlated,0.3,8,8,1.0,0,0.0,True,True,True,True,True
24,5,2,dense,correlated,0.3,12,12,1.0,0,0.0,True,True,True,True,True
25,5,2,dense,correlated,0.3,11,11,1.0,0,0.0,True,True,True,True,True
26,5,2,dense,correlated,0.3,7,7,1.0,0,0.0,True,True,True,True,True
27,5,2,dense,correlated,0.3,8,8,1.0,0,0.0,True,True,True,True,True
28,5,2,dense,correlated,0.3,8,8,1.0,0,0.0,True,True,True,True,True
29,5,2,dense,correlated,0.3,10,10,1.0,0,0.0,True,True,True,True,True
30,5,2,dense,correlated,0.3,10,10,1.0,0,0.0,True,True,True,True,True
1,5,2,dense,correlated,0.8,25,29,0.8620689655172413,4,0.13793103448275862,True,True,True,True,False
2,5,2,dense,correlated,0.8,18,26,0.6923076923076923,8,0.3076923076923077,True,True,True,True,False
3,5,2,dense,correlated,0.8,18,18,1.0,0,0.0,True,True,True,True,True
4,5,2,dense,correlated,0.8,32,38,0.8421052631578947,6,0.15789473684210525,True,True,True,True,False
5,5,2,dense,correlated,0.8,24,24,1.0,0,0.0,True,True,True,True,True
6,5,2,dense,correlated,0.8,30,37,0.8108108108108109,7,0.1891891891891892,True,True,True,True,False
7,5,2,dense,correlated,0.8,20,28,0.7142857142857143,8,0.2857142857142857,True,True,True,True,False
8,5,2,dense,correlated,0.8,42,42,1.0,0,0.0,True,True,True,True,True
9,5,2,dense,correlated,0.8,27,27,1.0,0,0.0,True,True,True,True,True
10,5,2,dense,correlated,0.8,18,19,0.9473684210526315,1,0.05263157894736842,True,True,True,True,False
11,5,2,dense,correlated,0.8,22,29,0.7586206896551724,7,0.2413793103448276,True,True,True,True,False
12,5,2,dense,correlated,0.8,42,45,0.9333333333333333,3,0.06666666666666667,True,True,True,True,False
13,5,2,dense,correlated,0.8,16,18,0.8888888888888888,2,0.1111111111111111,True,True,True,True,False
14,5,2,dense,correlated,0.8,24,28,0.8571428571428571,4,0.14285714285714285,True,True,True,True,False
15,5,2,dense,correlated,0.8,33,33,1.0,0,0.0,True,True,True,True,True
16,5,2,dense,correlated,0.8,28,28,1.0,0,0.0,True,True,True,True,True
17,5,2,dense,correlated,0.8,20,20,1.0,0,0.0,True,True,True,True,True
18,5,2,dense,correlated,0.8,20,23,0.8695652173913043,3,0.13043478260869565,True,True,True,True,False
19,5,2,dense,correlated,0.8,12,14,0.8571428571428571,2,0.14285714285714285,True,True,True,True,False
20,5,2,dense,correlated,0.8,24,24,1.0,0,0.0,True,True,True,True,True
21,5,2,dense,correlated,0.8,12,14,0.8571428571428571,2,0.14285714285714285,True,True,True,True,False
22,5,2,dense,correlated,0.8,28,28,1.0,0,0.0,True,True,True,True,True
23,5,2,dense,correlated,0.8,16,26,0.6153846153846154,10,0.38461538461538464,True,True,True,True,False
24,5,2,dense,correlated,0.8,36,36,1.0,0,0.0,True,True,True,True,True
25,5,2,dense,correlated,0.8,22,27,0.8148148148148148,5,0.18518518518518517,True,True,True,True,False
26,5,2,dense,correlated,0.8,21,22,0.9545454545454546,1,0.045454545454545456,True,True,True,True,False
27,5,2,dense,correlated,0.8,24,31,0.7741935483870968,7,0.22580645161290322,True,True,True,True,False
28,5,2,dense,correlated,0.8,24,26,0.9230769230769231,2,0.07692307692307693,True,True,True,True,False
29,5,2,dense,correlated,0.8,30,30,1.0,0,0.0,True,True,True,True,True
30,5,2,dense,correlated,0.8,30,30,1.0,0,0.0,True,True,True,True,True
1,5,2,dense,anticorrelated,0.3,34,34,1.0,0,0.0,True,True,True,True,True
2,5,2,dense,anticorrelated,0.3,15,15,1.0,0,0.0,True,True,True,True,True
3,5,2,dense,anticorrelated,0.3,28,28,1.0,0,0.0,True,True,True,True,True
4,5,2,dense,anticorrelated,0.3,18,35,0.5142857142857142,17,0.4857142857142857,True,True,True,True,False
5,5,2,dense,anticorrelated,0.3,32,32,1.0,0,0.0,True,True,True,True,True
6,5,2,dense,anticorrelated,0.3,16,16,1.0,0,0.0,True,True,True,True,True
7,5,2,dense,anticorrelated,0.3,15,15,1.0,0,0.0,True,True,True,True,True
8,5,2,dense,anticorrelated,0.3,36,36,1.0,0,0.0,True,True,True,True,True
9,5,2,dense,anticorrelated,0.3,28,28,1.0,0,0.0,True,True,True,True,True
10,5,2,dense,anticorrelated,0.3,28,28,1.0,0,0.0,True,True,True,True,True
11,5,2,dense,anticorrelated,0.3,15,15,1.0,0,0.0,True,True,True,True,True
12,5,2,dense,anticorrelated,0.3,36,36,1.0,0,0.0,True,True,True,True,True
13,5,2,dense,anticorrelated,0.3,30,30,1.0,0,0.0,True,True,True,True,True
14,5,2,dense,anticorrelated,0.3,18,18,1.0,0,0.0,True,True,True,True,True
15,5,2,dense,anticorrelated,0.3,39,39,1.0,0,0.0,True,True,True,True,True
16,5,2,dense,anticorrelated,0.3,15,15,1.0,0,0.0,True,True,True,True,True
17,5,2,dense,anticorrelated,0.3,16,16,1.0,0,0.0,True,True,True,True,True
18,5,2,dense,anticorrelated,0.3,27,27,1.0,0,0.0,True,True,True,True,True
19,5,2,dense,anticorrelated,0.3,11,11,1.0,0,0.0,True,True,True,True,True
20,5,2,dense,anticorrelated,0.3,30,30,1.0,0,0.0,True,True,True,True,True
21,5,2,dense,anticorrelated,0.3,16,16,1.0,0,0.0,True,True,True,True,True
22,5,2,dense,anticorrelated,0.3,12,12,1.0,0,0.0,True,True,True,True,True
23,5,2,dense,anticorrelated,0.3,14,14,1.0,0,0.0,True,True,True,True,True
24,5,2,dense,anticorrelated,0.3,32,32,1.0,0,0.0,True,True,True,True,True
25,5,2,dense,anticorrelated,0.3,15,15,1.0,0,0.0,True,True,True,True,True
26,5,2,dense,anticorrelated,0.3,16,16,1.0,0,0.0,True,True,True,True,True
27,5,2,dense,anticorrelated,0.3,16,16,1.0,0,0.0,True,True,True,True,True
28,5,2,dense,anticorrelated,0.3,16,16,1.0,0,0.0,True,True,True,True,True
29,5,2,dense,anticorrelated,0.3,15,15,1.0,0,0.0,True,True,True,True,True
30,5,2,dense,anticorrelated,0.3,34,34,1.0,0,0.0,True,True,True,True,True
1,5,2,dense,anticorrelated,0.8,85,85,1.0,0,0.0,True,True,True,True,True
2,5,2,dense,anticorrelated,0.8,56,58,0.9655172413793104,2,0.034482758620689655,True,True,True,True,False
3,5,2,dense,anticorrelated,0.8,84,84,1.0,0,0.0,True,True,True,True,True
4,5,2,dense,anticorrelated,0.8,72,88,0.8181818181818182,16,0.18181818181818182,True,True,True,True,False
5,5,2,dense,anticorrelated,0.8,96,96,1.0,0,0.0,True,True,True,True,True
6,5,2,dense,anticorrelated,0.8,64,80,0.8,16,0.2,True,True,True,True,False
7,5,2,dense,anticorrelated,0.8,33,52,0.6346153846153846,19,0.36538461538461536,True,True,True,True,False
8,5,2,dense,anticorrelated,0.8,108,108,1.0,0,0.0,True,True,True,True,True
9,5,2,dense,anticorrelated,0.8,70,71,0.9859154929577465,1,0.014084507042253521,True,True,True,True,False
10,5,2,dense,anticorrelated,0.8,84,84,1.0,0,0.0,True,True,True,True,True
11,5,2,dense,anticorrelated,0.8,65,65,1.0,0,0.0,True,True,True,True,True
12,5,2,dense,anticorrelated,0.8,108,108,1.0,0,0.0,True,True,True,True,True
13,5,2,dense,anticorrelated,0.8,80,80,1.0,0,0.0,True,True,True,True,True
14,5,2,dense,anticorrelated,0.8,54,60,0.9,6,0.1,True,True,True,True,False
15,5,2,dense,anticorrelated,0.8,117,117,1.0,0,0.0,True,True,True,True,True
16,5,2,dense,anticorrelated,0.8,60,60,1.0,0,0.0,True,True,True,True,True
17,5,2,dense,anticorrelated,0.8,64,64,1.0,0,0.0,True,True,True,True,True
18,5,2,dense,anticorrelated,0.8,72,72,1.0,0,0.0,True,True,True,True,True
19,5,2,dense,anticorrelated,0.8,28,36,0.7777777777777778,8,0.2222222222222222,True,True,True,True,False
20,5,2,dense,anticorrelated,0.8,90,90,1.0,0,0.0,True,True,True,True,True
21,5,2,dense,anticorrelated,0.8,48,49,0.9795918367346939,1,0.02040816326530612,True,True,True,True,False
22,5,2,dense,anticorrelated,0.8,48,48,1.0,0,0.0,True,True,True,True,True
23,5,2,dense,anticorrelated,0.8,28,54,0.5185185185185185,26,0.48148148148148145,True,True,True,True,False
24,5,2,dense,anticorrelated,0.8,96,96,1.0,0,0.0,True,True,True,True,True
25,5,2,dense,anticorrelated,0.8,40,50,0.8,10,0.2,True,True,True,True,False
26,5,2,dense,anticorrelated,0.8,48,55,0.8727272727272727,7,0.12727272727272726,True,True,True,True,False
27,5,2,dense,anticorrelated,0.8,48,63,0.7619047619047619,15,0.23809523809523808,True,True,True,True,False
28,5,2,dense,anticorrelated,0.8,64,64,1.0,0,0.0,True,True,True,True,True
29,5,2,dense,anticorrelated,0.8,52,54,0.9629629629629629,2,0.037037037037037035,True,True,True,True,False
30,5,2,dense,anticorrelated,0.8,102,102,1.0,0,0.0,True,True,True,True,True
1,5,2,sparse,random,0.3,76,76,1.0,0,0.0,True,True,True,True,True
2,5,2,sparse,random,0.3,80,127,0.6299212598425197,47,0.3700787401574803,True,True,True,True,False
3,5,2,sparse,random,0.3,22,22,1.0,0,0.0,True,True,True,True,True
4,5,2,sparse,random,0.3,64,64,1.0,0,0.0,True,True,True,True,True
5,5,2,sparse,random,0.3,77,127,0.6062992125984252,50,0.3937007874015748,True,True,True,True,False
6,5,2,sparse,random,0.3,162,227,0.7136563876651982,65,0.28634361233480177,True,True,True,True,False
7,5,2,sparse,random,0.3,0,0,1.0,0,0.0,True,True,True,True,True
8,5,2,sparse,random,0.3,76,79,0.9620253164556962,3,0.0379746835443038,True,True,True,True,False
9,5,2,sparse,random,0.3,96,96,1.0,0,0.0,True,True,True,True,True
10,5,2,sparse,random,0.3,13,13,1.0,0,0.0,True,True,True,True,True
11,5,2,sparse,random,0.3,20,20,1.0,0,0.0,True,True,True,True,True
12,5,2,sparse,random,0.3,80,157,0.5095541401273885,77,0.49044585987261147,True,True,True,True,False
13,5,2,sparse,random,0.3,0,0,1.0,0,0.0,True,True,True,True,True
14,5,2,sparse,random,0.3,35,35,1.0,0,0.0,True,True,True,True,True
15,5,2,sparse,random,0.3,15,15,1.0,0,0.0,True,True,True,True,True
16,5,2,sparse,random,0.3,40,40,1.0,0,0.0,True,True,True,True,True
17,5,2,sparse,random,0.3,52,52,1.0,0,0.0,True,True,True,True,True
18,5,2,sparse,random,0.3,66,66,1.0,0,0.0,True,True,True,True,True
19,5,2,sparse,random,0.3,106,106,1.0,0,0.0,True,True,True,True,True
20,5,2,sparse,random,0.3,22,22,1.0,0,0.0,True,True,True,True,True
21,5,2,sparse,random,0.3,64,64,1.0,0,0.0,True,True,True,True,True
22,5,2,sparse,random,0.3,186,186,1.0,0,0.0,True,True,True,True,True
23,5,2,sparse,random,0.3,89,139,0.6402877697841727,50,0.3597122302158273,True,True,True,True,False
24,5,2,sparse,random,0.3,138,164,0.8414634146341463,26,0.15853658536585366,True,True,True,True,False
25,5,2,sparse,random,0.3,60,60,1.0,0,0.0,True,True,True,True,True
26,5,2,sparse,random,0.3,3,3,1.0,0,0.0,True,True,True,True,True
27,5,2,sparse,random,0.3,51,61,0.8360655737704918,10,0.16393442622950818,True,True,True,True,False
28,5,2,sparse,random,0.3,164,164,1.0,0,0.0,True,True,True,True,True
29,5,2,sparse,random,0.3,86,86,1.0,0,0.0,True,True,True,True,True
30,5,2,sparse,random,0.3,0,0,1.0,0,0.0,True,True,True,True,True
1,5,2,sparse,random,0.8,76,134,0.5671641791044776,58,0.43283582089552236,True,True,True,True,False
2,5,2,sparse,random,0.8,160,254,0.6299212598425197,94,0.3700787401574803,True,True,True,True,False
3,5,2,sparse,random,0.8,138,185,0.745945945945946,47,0.25405405405405407,True,True,True,True,False
4,5,2,sparse,random,0.8,256,358,0.7150837988826816,102,0.2849162011173184,True,True,True,True,False
5,5,2,sparse,random,0.8,200,354,0.5649717514124294,154,0.4350282485875706,True,True,True,True,False
6,5,2,sparse,random,0.8,405,665,0.6090225563909775,260,0.39097744360902253,True,True,True,True,False
7,5,2,sparse,random,0.8,196,196,1.0,0,0.0,True,True,True,True,True
8,5,2,sparse,random,0.8,152,240,0.6333333333333333,88,0.36666666666666664,True,True,True,True,False
9,5,2,sparse,random,0.8,256,277,0.924187725631769,21,0.07581227436823104,True,True,True,True,False
10,5,2,sparse,random,0.8,71,84,0.8452380952380952,13,0.15476190476190477,True,True,True,True,False
11,5,2,sparse,random,0.8,80,121,0.6611570247933884,41,0.33884297520661155,True,True,True,True,False
12,5,2,sparse,random,0.8,80,157,0.5095541401273885,77,0.49044585987261147,True,True,True,True,False
13,5,2,sparse,random,0.8,17,17,1.0,0,0.0,True,True,True,True,True
14,5,2,sparse,random,0.8,74,109,0.6788990825688074,35,0.3211009174311927,True,True,True,True,False
15,5,2,sparse,random,0.8,110,197,0.5583756345177665,87,0.4416243654822335,True,True,True,True,False
16,5,2,sparse,random,0.8,100,176,0.5681818181818182,76,0.4318181818181818,True,True,True,True,False
17,5,2,sparse,random,0.8,156,156,1.0,0,0.0,True,True,True,True,True
18,5,2,sparse,random,0.8,74,140,0.5285714285714286,66,0.4714285714285714,True,True,True,True,False
19,5,2,sparse,random,0.8,371,371,1.0,0,0.0,True,True,True,True,True
20,5,2,sparse,random,0.8,170,292,0.5821917808219178,122,0.4178082191780822,True,True,True,True,False
21,5,2,sparse,random,0.8,256,306,0.8366013071895425,50,0.16339869281045752,True,True,True,True,False
22,5,2,sparse,random,0.8,558,558,1.0,0,0.0,True,True,True,True,True
23,5,2,sparse,random,0.8,267,367,0.7275204359673024,100,0.2724795640326976,True,True,True,True,False
24,5,2,sparse,random,0.8,345,397,0.8690176322418136,52,0.1309823677581864,True,True,True,True,False
25,5,2,sparse,random,0.8,120,203,0.5911330049261084,83,0.4088669950738916,True,True,True,True,False
26,5,2,sparse,random,0.8,32,32,1.0,0,0.0,True,True,True,True,True
27,5,2,sparse,random,0.8,102,192,0.53125,90,0.46875,True,True,True,True,False
28,5,2,sparse,random,0.8,574,574,1.0,0,0.0,True,True,True,True,True
29,5,2,sparse,random,0.8,344,417,0.8249400479616307,73,0.1750599520383693,True,True,True,True,False
30,5,2,sparse,random,0.8,166,166,1.0,0,0.0,True,True,True,True,True
1,5,2,sparse,correlated,0.3,5,5,1.0,0,0.0,True,True,True,True,True
2,5,2,sparse,correlated,0.3,5,6,0.8333333333333334,1,0.16666666666666666,True,True,True,True,False
3,5,2,sparse,correlated,0.3,1,1,1.0,0,0.0,True,True,True,True,True
4,5,2,sparse,correlated,0.3,1,1,1.0,0,0.0,True,True,True,True,True
5,5,2,sparse,correlated,0.3,3,3,1.0,0,0.0,True,True,True,True,True
6,5,2,sparse,correlated,0.3,12,16,0.75,4,0.25,True,True,True,True,False
7,5,2,sparse,correlated,0.3,0,0,1.0,0,0.0,True,True,True,True,True
8,5,2,sparse,correlated,0.3,0,0,1.0,0,0.0,True,True,True,True,True
9,5,2,sparse,correlated,0.3,4,5,0.8,1,0.2,True,True,True,True,False
10,5,2,sparse,correlated,0.3,1,1,1.0,0,0.0,True,True,True,True,True
11,5,2,sparse,correlated,0.3,1,1,1.0,0,0.0,True,True,True,True,True
12,5,2,sparse,correlated,0.3,5,10,0.5,5,0.5,True,True,True,True,False
13,5,2,sparse,correlated,0.3,0,0,1.0,0,0.0,True,True,True,True,True
14,5,2,sparse,correlated,0.3,1,1,1.0,0,0.0,True,True,True,True,True
15,5,2,sparse,correlated,0.3,1,1,1.0,0,0.0,True,True,True,True,True
16,5,2,sparse,correlated,0.3,3,3,1.0,0,0.0,True,True,True,True,True
17,5,2,sparse,correlated,0.3,3,3,1.0,0,0.0,True,True,True,True,True
18,5,2,sparse,correlated,0.3,4,4,1.0,0,0.0,True,True,True,True,True
19,5,2,sparse,correlated,0.3,4,4,1.0,0,0.0,True,True,True,True,True
20,5,2,sparse,correlated,0.3,12,12,1.0,0,0.0,True,True,True,True,True
21,5,2,sparse,correlated,0.3,3,3,1.0,0,0.0,True,True,True,True,True
22,5,2,sparse,correlated,0.3,6,6,1.0,0,0.0,True,True,True,True,True
23,5,2,sparse,correlated,0.3,1,2,0.5,1,0.5,True,True,True,True,False
24,5,2,sparse,correlated,0.3,4,4,1.0,0,0.0,True,True,True,True,True
25,5,2,sparse,correlated,0.3,0,0,1.0,0,0.0,True,True,True,True,True
26,5,2,sparse,correlated,0.3,1,1,1.0,0,0.0,True,True,True,True,True
27,5,2,sparse,correlated,0.3,6,7,0.8571428571428571,1,0.14285714285714285,True,True,True,True,False
28,5,2,sparse,correlated,0.3,9,9,1.0,0,0.0,True,True,True,True,True
29,5,2,sparse,correlated,0.3,3,3,1.0,0,0.0,True,True,True,True,True
30,5,2,sparse,correlated,0.3,0,0,1.0,0,0.0,True,True,True,True,True
1,5,2,sparse,correlated,0.8,5,10,0.5,5,0.5,True,True,True,True,False
2,5,2,sparse,correlated,0.8,10,12,0.8333333333333334,2,0.16666666666666666,True,True,True,True,False
3,5,2,sparse,correlated,0.8,12,16,0.75,4,0.25,True,True,True,True,False
4,5,2,sparse,correlated,0.8,6,7,0.8571428571428571,1,0.14285714285714285,True,True,True,True,False
5,5,2,sparse,correlated,0.8,12,12,1.0,0,0.0,True,True,True,True,True
6,5,2,sparse,correlated,0.8,30,46,0.6521739130434783,16,0.34782608695652173,True,True,True,True,False
7,5,2,sparse,correlated,0.8,12,12,1.0,0,0.0,True,True,True,True,True
8,5,2,sparse,correlated,0.8,14,14,1.0,0,0.0,True,True,True,True,True
9,5,2,sparse,correlated,0.8,16,18,0.8888888888888888,2,0.1111111111111111,True,True,True,True,False
10,5,2,sparse,correlated,0.8,6,7,0.8571428571428571,1,0.14285714285714285,True,True,True,True,False
11,5,2,sparse,correlated,0.8,5,8,0.625,3,0.375,True,True,True,True,False
12,5,2,sparse,correlated,0.8,5,10,0.5,5,0.5,True,True,True,True,False
13,5,2,sparse,correlated,0.8,1,1,1.0,0,0.0,True,True,True,True,True
14,5,2,sparse,correlated,0.8,4,5,0.8,1,0.2,True,True,True,True,False
15,5,2,sparse,correlated,0.8,6,13,0.46153846153846156,7,0.5384615384615384,True,True,True,True,False
16,5,2,sparse,correlated,0.8,6,9,0.6666666666666666,3,0.3333333333333333,True,True,True,True,False
17,5,2,sparse,correlated,0.8,6,6,1.0,0,0.0,True,True,True,True,True
18,5,2,sparse,correlated,0.8,7,11,0.6363636363636364,4,0.36363636363636365,True,True,True,True,False
19,5,2,sparse,correlated,0.8,14,15,0.9333333333333333,1,0.06666666666666667,True,True,True,True,False
20,5,2,sparse,correlated,0.8,30,32,0.9375,2,0.0625,True,True,True,True,False
21,5,2,sparse,correlated,0.8,12,14,0.8571428571428571,2,0.14285714285714285,True,True,True,True,False
22,5,2,sparse,correlated,0.8,24,24,1.0,0,0.0,True,True,True,True,True
23,5,2,sparse,correlated,0.8,2,4,0.5,2,0.5,True,True,True,True,False
24,5,2,sparse,correlated,0.8,12,24,0.5,12,0.5,True,True,True,True,False
25,5,2,sparse,correlated,0.8,8,14,0.5714285714285714,6,0.42857142857142855,True,True,True,True,False
26,5,2,sparse,correlated,0.8,2,2,1.0,0,0.0,True,True,True,True,True
27,5,2,sparse,correlated,0.8,18,22,0.8181818181818182,4,0.18181818181818182,True,True,True,True,False
28,5,2,sparse,correlated,0.8,27,27,1.0,0,0.0,True,True,True,True,True
29,5,2,sparse,correlated,0.8,8,8,1.0,0,0.0,True,True,True,True,True
30,5,2,sparse,correlated,0.8,20,20,1.0,0,0.0,True,True,True,True,True
1,5,2,sparse,anticorrelated,0.3,16,16,1.0,0,0.0,True,True,True,True,True
2,5,2,sparse,anticorrelated,0.3,16,28,0.5714285714285714,12,0.42857142857142855,True,True,True,True,False
3,5,2,sparse,anticorrelated,0.3,10,10,1.0,0,0.0,True,True,True,True,True
4,5,2,sparse,anticorrelated,0.3,10,10,1.0,0,0.0,True,True,True,True,True
5,5,2,sparse,anticorrelated,0.3,14,14,1.0,0,0.0,True,True,True,True,True
6,5,2,sparse,anticorrelated,0.3,38,55,0.6909090909090909,17,0.3090909090909091,True,True,True,True,False
7,5,2,sparse,anticorrelated,0.3,0,0,1.0,0,0.0,True,True,True,True,True
8,5,2,sparse,anticorrelated,0.3,0,0,1.0,0,0.0,True,True,True,True,True
9,5,2,sparse,anticorrelated,0.3,33,33,1.0,0,0.0,True,True,True,True,True
10,5,2,sparse,anticorrelated,0.3,8,8,1.0,0,0.0,True,True,True,True,True
11,5,2,sparse,anticorrelated,0.3,11,11,1.0,0,0.0,True,True,True,True,True
12,5,2,sparse,anticorrelated,0.3,14,28,0.5,14,0.5,True,True,True,True,False
13,5,2,sparse,anticorrelated,0.3,0,0,1.0,0,0.0,True,True,True,True,True
14,5,2,sparse,anticorrelated,0.3,11,11,1.0,0,0.0,True,True,True,True,True
15,5,2,sparse,anticorrelated,0.3,7,7,1.0,0,0.0,True,True,True,True,True
16,5,2,sparse,anticorrelated,0.3,22,22,1.0,0,0.0,True,True,True,True,True
17,5,2,sparse,anticorrelated,0.3,12,12,1.0,0,0.0,True,True,True,True,True
18,5,2,sparse,anticorrelated,0.3,15,15,1.0,0,0.0,True,True,True,True,True
19,5,2,sparse,anticorrelated,0.3,32,32,1.0,0,0.0,True,True,True,True,True
20,5,2,sparse,anticorrelated,0.3,40,40,1.0,0,0.0,True,True,True,True,True
21,5,2,sparse,anticorrelated,0.3,22,22,1.0,0,0.0,True,True,True,True,True
22,5,2,sparse,anticorrelated,0.3,15,15,1.0,0,0.0,True,True,True,True,True
23,5,2,sparse,anticorrelated,0.3,11,21,0.5238095238095238,10,0.47619047619047616,True,True,True,True,False
24,5,2,sparse,anticorrelated,0.3,24,24,1.0,0,0.0,True,True,True,True,True
25,5,2,sparse,anticorrelated,0.3,0,0,1.0,0,0.0,True,True,True,True,True
26,5,2,sparse,anticorrelated,0.3,10,10,1.0,0,0.0,True,True,True,True,True
27,5,2,sparse,anticorrelated,0.3,18,27,0.6666666666666666,9,0.3333333333333333,True,True,True,True,False
28,5,2,sparse,anticorrelated,0.3,22,22,1.0,0,0.0,True,True,True,True,True
29,5,2,sparse,anticorrelated,0.3,11,11,1.0,0,0.0,True,True,True,True,True
30,5,2,sparse,anticorrelated,0.3,0,0,1.0,0,0.0,True,True,True,True,True
1,5,2,sparse,anticorrelated,0.8,16,28,0.5714285714285714,12,0.42857142857142855,True,True,True,True,False
2,5,2,sparse,anticorrelated,0.8,32,56,0.5714285714285714,24,0.42857142857142855,True,True,True,True,False
3,5,2,sparse,anticorrelated,0.8,40,45,0.8888888888888888,5,0.1111111111111111,True,True,True,True,False
4,5,2,sparse,anticorrelated,0.8,40,40,1.0,0,0.0,True,True,True,True,True
5,5,2,sparse,anticorrelated,0.8,56,56,1.0,0,0.0,True,True,True,True,True
6,5,2,sparse,anticorrelated,0.8,95,163,0.5828220858895705,68,0.4171779141104294,True,True,True,True,False
7,5,2,sparse,anticorrelated,0.8,28,28,1.0,0,0.0,True,True,True,True,True
8,5,2,sparse,anticorrelated,0.8,34,34,1.0,0,0.0,True,True,True,True,True
9,5,2,sparse,anticorrelated,0.8,88,88,1.0,0,0.0,True,True,True,True,True
10,5,2,sparse,anticorrelated,0.8,24,24,1.0,0,0.0,True,True,True,True,True
11,5,2,sparse,anticorrelated,0.8,44,55,0.8,11,0.2,True,True,True,True,False
12,5,2,sparse,anticorrelated,0.8,14,28,0.5,14,0.5,True,True,True,True,False
13,5,2,sparse,anticorrelated,0.8,10,10,1.0,0,0.0,True,True,True,True,True
14,5,2,sparse,anticorrelated,0.8,22,32,0.6875,10,0.3125,True,True,True,True,False
15,5,2,sparse,anticorrelated,0.8,24,44,0.5454545454545454,20,0.45454545454545453,True,True,True,True,False
16,5,2,sparse,anticorrelated,0.8,55,73,0.7534246575342466,18,0.2465753424657534,True,True,True,True,False
17,5,2,sparse,anticorrelated,0.8,24,24,1.0,0,0.0,True,True,True,True,True
18,5,2,sparse,anticorrelated,0.8,18,33,0.5454545454545454,15,0.45454545454545453,True,True,True,True,False
19,5,2,sparse,anticorrelated,0.8,112,112,1.0,0,0.0,True,True,True,True,True
20,5,2,sparse,anticorrelated,0.8,100,120,0.8333333333333334,20,0.16666666666666666,True,True,True,True,False
21,5,2,sparse,anticorrelated,0.8,66,66,1.0,0,0.0,True,True,True,True,True
22,5,2,sparse,anticorrelated,0.8,60,60,1.0,0,0.0,True,True,True,True,True
23,5,2,sparse,anticorrelated,0.8,22,42,0.5238095238095238,20,0.47619047619047616,True,True,True,True,False
24,5,2,sparse,anticorrelated,0.8,72,106,0.6792452830188679,34,0.32075471698113206,True,True,True,True,False
25,5,2,sparse,anticorrelated,0.8,26,50,0.52,24,0.48,True,True,True,True,False
26,5,2,sparse,anticorrelated,0.8,20,20,1.0,0,0.0,True,True,True,True,True
27,5,2,sparse,anticorrelated,0.8,54,90,0.6,36,0.4,True,True,True,True,False
28,5,2,sparse,anticorrelated,0.8,66,73,0.9041095890410958,7,0.0958904109589041,True,True,True,True,False
29,5,2,sparse,anticorrelated,0.8,44,44,1.0,0,0.0,True,True,True,True,True
30,5,2,sparse,anticorrelated,0.8,30,30,1.0,0,0.0,True,True,True,True,True
1,5,3,dense,random,0.3,55,55,1.0,0,0.0,True,True,True,True,True
2,5,3,dense,random,0.3,98,98,1.0,0,0.0,True,True,True,True,True
3,5,3,dense,random,0.3,98,98,1.0,0,0.0,True,True,True,True,True
4,5,3,dense,random,0.3,82,82,1.0,0,0.0,True,True,True,True,True
5,5,3,dense,random,0.3,94,94,1.0,0,0.0,True,True,True,True,True
6,5,3,dense,random,0.3,168,168,1.0,0,0.0,True,True,True,True,True
7,5,3,dense,random,0.3,75,75,1.0,0,0.0,True,True,True,True,True
8,5,3,dense,random,0.3,71,71,1.0,0,0.0,True,True,True,True,True
9,5,3,dense,random,0.3,98,98,1.0,0,0.0,True,True,True,True,True
10,5,3,dense,random,0.3,63,63,1.0,0,0.0,True,True,True,True,True
11,5,3,dense,random,0.3,71,71,1.0,0,0.0,True,True,True,True,True
12,5,3,dense,random,0.3,44,44,1.0,0,0.0,True,True,True,True,True
13,5,3,dense,random,0.3,66,66,1.0,0,0.0,True,True,True,True,True
14,5,3,dense,random,0.3,106,106,1.0,0,0.0,True,True,True,True,True
15,5,3,dense,random,0.3,58,58,1.0,0,0.0,True,True,True,True,True
16,5,3,dense,random,0.3,62,62,1.0,0,0.0,True,True,True,True,True
17,5,3,dense,random,0.3,95,95,1.0,0,0.0,True,True,True,True,True
18,5,3,dense,random,0.3,87,87,1.0,0,0.0,True,True,True,True,True
19,5,3,dense,random,0.3,92,92,1.0,0,0.0,True,True,True,True,True
20,5,3,dense,random,0.3,69,69,1.0,0,0.0,True,True,True,True,True
21,5,3,dense,random,0.3,86,86,1.0,0,0.0,True,True,True,True,True
22,5,3,dense,random,0.3,82,82,1.0,0,0.0,True,True,True,True,True
23,5,3,dense,random,0.3,110,146,0.7534246575342466,36,0.2465753424657534,True,True,True,True,False
24,5,3,dense,random,0.3,88,88,1.0,0,0.0,True,True,True,True,True
25,5,3,dense,random,0.3,95,95,1.0,0,0.0,True,True,True,True,True
26,5,3,dense,random,0.3,86,86,1.0,0,0.0,True,True,True,True,True
27,5,3,dense,random,0.3,94,94,1.0,0,0.0,True,True,True,True,True
28,5,3,dense,random,0.3,95,95,1.0,0,0.0,True,True,True,True,True
29,5,3,dense,random,0.3,90,90,1.0,0,0.0,True,True,True,True,True
30,5,3,dense,random,0.3,75,75,1.0,0,0.0,True,True,True,True,True
1,5,3,dense,random,0.8,110,138,0.7971014492753623,28,0.2028985507246377,True,True,True,True,False
2,5,3,dense,random,0.8,196,287,0.6829268292682927,91,0.3170731707317073,True,True,True,True,False
3,5,3,dense,random,0.8,245,265,0.9245283018867925,20,0.07547169811320754,True,True,True,True,False
4,5,3,dense,random,0.8,410,410,1.0,0,0.0,True,True,True,True,True
5,5,3,dense,random,0.8,282,282,1.0,0,0.0,True,True,True,True,True
6,5,3,dense,random,0.8,504,504,1.0,0,0.0,True,True,True,True,True
7,5,3,dense,random,0.8,225,254,0.8858267716535433,29,0.1141732283464567,True,True,True,True,False
8,5,3,dense,random,0.8,142,208,0.6826923076923077,66,0.3173076923076923,True,True,True,True,False
9,5,3,dense,random,0.8,294,359,0.8189415041782729,65,0.181058495821727,True,True,True,True,False
10,5,3,dense,random,0.8,126,156,0.8076923076923077,30,0.19230769230769232,True,True,True,True,False
11,5,3,dense,random,0.8,156,217,0.7188940092165899,61,0.28110599078341014,True,True,True,True,False
12,5,3,dense,random,0.8,88,117,0.7521367521367521,29,0.24786324786324787,True,True,True,True,False
13,5,3,dense,random,0.8,172,188,0.9148936170212766,16,0.0851063829787234,True,True,True,True,False
14,5,3,dense,random,0.8,318,320,0.99375,2,0.00625,True,True,True,True,False
15,5,3,dense,random,0.8,174,192,0.90625,18,0.09375,True,True,True,True,False
16,5,3,dense,random,0.8,186,238,0.7815126050420168,52,0.2184873949579832,True,True,True,True,False
17,5,3,dense,random,0.8,285,285,1.0,0,0.0,True,True,True,True,True
18,5,3,dense,random,0.8,261,261,1.0,0,0.0,True,True,True,True,True
19,5,3,dense,random,0.8,276,317,0.8706624605678234,41,0.12933753943217666,True,True,True,True,False
20,5,3,dense,random,0.8,207,207,1.0,0,0.0,True,True,True,True,True
21,5,3,dense,random,0.8,344,344,1.0,0,0.0,True,True,True,True,True
22,5,3,dense,random,0.8,260,260,1.0,0,0.0,True,True,True,True,True
23,5,3,dense,random,0.8,364,402,0.9054726368159204,38,0.0945273631840796,True,True,True,True,False
24,5,3,dense,random,0.8,344,344,1.0,0,0.0,True,True,True,True,True
25,5,3,dense,random,0.8,344,344,1.0,0,0.0,True,True,True,True,True
26,5,3,dense,random,0.8,258,258,1.0,0,0.0,True,True,True,True,True
27,5,3,dense,random,0.8,376,376,1.0,0,0.0,True,True,True,True,True
28,5,3,dense,random,0.8,264,362,0.7292817679558011,98,0.27071823204419887,True,True,True,True,False
29,5,3,dense,random,0.8,180,233,0.7725321888412017,53,0.22746781115879827,True,True,True,True,False
30,5,3,dense,random,0.8,150,206,0.7281553398058253,56,0.27184466019417475,True,True,True,True,False
1,5,3,dense,correlated,0.3,8,8,1.0,0,0.0,True,True,True,True,True
2,5,3,dense,correlated,0.3,9,9,1.0,0,0.0,True,True,True,True,True
3,5,3,dense,correlated,0.3,8,8,1.0,0,0.0,True,True,True,True,True
4,5,3,dense,correlated,0.3,9,9,1.0,0,0.0,True,True,True,True,True
5,5,3,dense,correlated,0.3,11,11,1.0,0,0.0,True,True,True,True,True
6,5,3,dense,correlated,0.3,16,16,1.0,0,0.0,True,True,True,True,True
7,5,3,dense,correlated,0.3,11,11,1.0,0,0.0,True,True,True,True,True
8,5,3,dense,correlated,0.3,11,11,1.0,0,0.0,True,True,True,True,True
9,5,3,dense,correlated,0.3,11,11,1.0,0,0.0,True,True,True,True,True
10,5,3,dense,correlated,0.3,6,6,1.0,0,0.0,True,True,True,True,True
11,5,3,dense,correlated,0.3,10,10,1.0,0,0.0,True,True,True,True,True
12,5,3,dense,correlated,0.3,10,10,1.0,0,0.0,True,True,True,True,True
13,5,3,dense,correlated,0.3,8,8,1.0,0,0.0,True,True,True,True,True
14,5,3,dense,correlated,0.3,10,10,1.0,0,0.0,True,True,True,True,True
15,5,3,dense,correlated,0.3,2,2,1.0,0,0.0,True,True,True,True,True
16,5,3,dense,correlated,0.3,8,8,1.0,0,0.0,True,True,True,True,True
17,5,3,dense,correlated,0.3,12,12,1.0,0,0.0,True,True,True,True,True
18,5,3,dense,correlated,0.3,11,11,1.0,0,0.0,True,True,True,True,True
19,5,3,dense,correlated,0.3,11,11,1.0,0,0.0,True,True,True,True,True
20,5,3,dense,correlated,0.3,4,4,1.0,0,0.0,True,True,True,True,True
21,5,3,dense,correlated,0.3,8,8,1.0,0,0.0,True,True,True,True,True
22,5,3,dense,correlated,0.3,7,7,1.0,0,0.0,True,True,True,True,True
23,5,3,dense,correlated,0.3,10,10,1.0,0,0.0,True,True,True,True,True
24,5,3,dense,correlated,0.3,10,10,1.0,0,0.0,True,True,True,True,True
25,5,3,dense,correlated,0.3,7,7,1.0,0,0.0,True,True,True,True,True
26,5,3,dense,correlated,0.3,10,10,1.0,0,0.0,True,True,True,True,True
27,5,3,dense,correlated,0.3,10,10,1.0,0,0.0,True,True,True,True,True
28,5,3,dense,correlated,0.3,12,12,1.0,0,0.0,True,True,True,True,True
29,5,3,dense,correlated,0.3,12,12,1.0,0,0.0,True,True,True,True,True
30,5,3,dense,correlated,0.3,12,12,1.0,0,0.0,True,True,True,True,True
1,5,3,dense,correlated,0.8,16,20,0.8,4,0.2,True,True,True,True,False
2,5,3,dense,correlated,0.8,18,25,0.72,7,0.28,True,True,True,True,False
3,5,3,dense,correlated,0.8,32,32,1.0,0,0.0,True,True,True,True,True
4,5,3,dense,correlated,0.8,36,36,1.0,0,0.0,True,True,True,True,True
5,5,3,dense,correlated,0.8,33,36,0.9166666666666666,3,0.08333333333333333,True,True,True,True,False
6,5,3,dense,correlated,0.8,40,40,1.0,0,0.0,True,True,True,True,True
7,5,3,dense,correlated,0.8,33,33,1.0,0,0.0,True,True,True,True,True
8,5,3,dense,correlated,0.8,22,28,0.7857142857142857,6,0.21428571428571427,True,True,True,True,False
9,5,3,dense,correlated,0.8,33,33,1.0,0,0.0,True,True,True,True,True
10,5,3,dense,correlated,0.8,16,17,0.9411764705882353,1,0.058823529411764705,True,True,True,True,False
11,5,3,dense,correlated,0.8,20,29,0.6896551724137931,9,0.3103448275862069,True,True,True,True,False
12,5,3,dense,correlated,0.8,32,36,0.8888888888888888,4,0.1111111111111111,True,True,True,True,False
13,5,3,dense,correlated,0.8,32,32,1.0,0,0.0,True,True,True,True,True
14,5,3,dense,correlated,0.8,36,40,0.9,4,0.1,True,True,True,True,False
15,5,3,dense,correlated,0.8,20,20,1.0,0,0.0,True,True,True,True,True
16,5,3,dense,correlated,0.8,20,23,0.8695652173913043,3,0.13043478260869565,True,True,True,True,False
17,5,3,dense,correlated,0.8,28,33,0.8484848484848485,5,0.15151515151515152,True,True,True,True,False
18,5,3,dense,correlated,0.8,32,36,0.8888888888888888,4,0.1111111111111111,True,True,True,True,False
19,5,3,dense,correlated,0.8,44,44,1.0,0,0.0,True,True,True,True,True
20,5,3,dense,correlated,0.8,14,19,0.7368421052631579,5,0.2631578947368421,True,True,True,True,False
21,5,3,dense,correlated,0.8,24,27,0.8888888888888888,3,0.1111111111111111,True,True,True,True,False
22,5,3,dense,correlated,0.8,16,22,0.7272727272727273,6,0.2727272727272727,True,True,True,True,False
23,5,3,dense,correlated,0.8,20,30,0.6666666666666666,10,0.3333333333333333,True,True,True,True,False
24,5,3,dense,correlated,0.8,20,22,0.9090909090909091,2,0.09090909090909091,True,True,True,True,False
25,5,3,dense,correlated,0.8,21,22,0.9545454545454546,1,0.045454545454545456,True,True,True,True,False
26,5,3,dense,correlated,0.8,30,36,0.8333333333333334,6,0.16666666666666666,True,True,True,True,False
27,5,3,dense,correlated,0.8,20,32,0.625,12,0.375,True,True,True,True,False
28,5,3,dense,correlated,0.8,36,45,0.8,9,0.2,True,True,True,True,False
29,5,3,dense,correlated,0.8,40,44,0.9090909090909091,4,0.09090909090909091,True,True,True,True,False
30,5,3,dense,correlated,0.8,24,34,0.7058823529411765,10,0.29411764705882354,True,True,True,True,False
1,5,3,dense,anticorrelated,0.3,11,11,1.0,0,0.0,True,True,True,True,True
2,5,3,dense,anticorrelated,0.3,11,11,1.0,0,0.0,True,True,True,True,True
3,5,3,dense,anticorrelated,0.3,15,15,1.0,0,0.0,True,True,True,True,True
4,5,3,dense,anticorrelated,0.3,19,19,1.0,0,0.0,True,True,True,True,True
5,5,3,dense,anticorrelated,0.3,17,17,1.0,0,0.0,True,True,True,True,True
6,5,3,dense,anticorrelated,0.3,40,40,1.0,0,0.0,True,True,True,True,True
7,5,3,dense,anticorrelated,0.3,15,15,1.0,0,0.0,True,True,True,True,True
8,5,3,dense,anticorrelated,0.3,16,16,1.0,0,0.0,True,True,True,True,True
9,5,3,dense,anticorrelated,0.3,17,17,1.0,0,0.0,True,True,True,True,True
10,5,3,dense,anticorrelated,0.3,26,26,1.0,0,0.0,True,True,True,True,True
11,5,3,dense,anticorrelated,0.3,26,26,1.0,0,0.0,True,True,True,True,True
12,5,3,dense,anticorrelated,0.3,15,15,1.0,0,0.0,True,True,True,True,True
13,5,3,dense,anticorrelated,0.3,18,18,1.0,0,0.0,True,True,True,True,True
14,5,3,dense,anticorrelated,0.3,18,18,1.0,0,0.0,True,True,True,True,True
15,5,3,dense,anticorrelated,0.3,18,18,1.0,0,0.0,True,True,True,True,True
16,5,3,dense,anticorrelated,0.3,28,28,1.0,0,0.0,True,True,True,True,True
17,5,3,dense,anticorrelated,0.3,15,15,1.0,0,0.0,True,True,True,True,True
18,5,3,dense,anticorrelated,0.3,17,17,1.0,0,0.0,True,True,True,True,True
19,5,3,dense,anticorrelated,0.3,17,17,1.0,0,0.0,True,True,True,True,True
20,5,3,dense,anticorrelated,0.3,28,28,1.0,0,0.0,True,True,True,True,True
21,5,3,dense,anticorrelated,0.3,17,17,1.0,0,0.0,True,True,True,True,True
22,5,3,dense,anticorrelated,0.3,10,10,1.0,0,0.0,True,True,True,True,True
23,5,3,dense,anticorrelated,0.3,13,13,1.0,0,0.0,True,True,True,True,True
24,5,3,dense,anticorrelated,0.3,16,16,1.0,0,0.0,True,True,True,True,True
25,5,3,dense,anticorrelated,0.3,14,14,1.0,0,0.0,True,True,True,True,True
26,5,3,dense,anticorrelated,0.3,16,16,1.0,0,0.0,True,True,True,True,True
27,5,3,dense,anticorrelated,0.3,16,16,1.0,0,0.0,True,True,True,True,True
28,5,3,dense,anticorrelated,0.3,17,17,1.0,0,0.0,True,True,True,True,True
29,5,3,dense,anticorrelated,0.3,18,18,1.0,0,0.0,True,True,True,True,True
30,5,3,dense,anticorrelated,0.3,15,15,1.0,0,0.0,True,True,True,True,True
1,5,3,dense,anticorrelated,0.8,27,31,0.8709677419354839,4,0.12903225806451613,True,True,True,True,False
2,5,3,dense,anticorrelated,0.8,36,40,0.9,4,0.1,True,True,True,True,False
3,5,3,dense,anticorrelated,0.8,60,60,1.0,0,0.0,True,True,True,True,True
4,5,3,dense,anticorrelated,0.8,76,76,1.0,0,0.0,True,True,True,True,True
5,5,3,dense,anticorrelated,0.8,51,56,0.9107142857142857,5,0.08928571428571429,True,True,True,True,False
6,5,3,dense,anticorrelated,0.8,100,100,1.0,0,0.0,True,True,True,True,True
7,5,3,dense,anticorrelated,0.8,60,60,1.0,0,0.0,True,True,True,True,True
8,5,3,dense,anticorrelated,0.8,48,56,0.8571428571428571,8,0.14285714285714285,True,True,True,True,False
9,5,3,dense,anticorrelated,0.8,51,51,1.0,0,0.0,True,True,True,True,True
10,5,3,dense,anticorrelated,0.8,91,91,1.0,0,0.0,True,True,True,True,True
11,5,3,dense,anticorrelated,0.8,91,91,1.0,0,0.0,True,True,True,True,True
12,5,3,dense,anticorrelated,0.8,60,60,1.0,0,0.0,True,True,True,True,True
13,5,3,dense,anticorrelated,0.8,72,72,1.0,0,0.0,True,True,True,True,True
14,5,3,dense,anticorrelated,0.8,72,72,1.0,0,0.0,True,True,True,True,True
15,5,3,dense,anticorrelated,0.8,54,54,1.0,0,0.0,True,True,True,True,True
16,5,3,dense,anticorrelated,0.8,70,70,1.0,0,0.0,True,True,True,True,True
17,5,3,dense,anticorrelated,0.8,60,60,1.0,0,0.0,True,True,True,True,True
18,5,3,dense,anticorrelated,0.8,68,68,1.0,0,0.0,True,True,True,True,True
19,5,3,dense,anticorrelated,0.8,68,68,1.0,0,0.0,True,True,True,True,True
20,5,3,dense,anticorrelated,0.8,98,98,1.0,0,0.0,True,True,True,True,True
21,5,3,dense,anticorrelated,0.8,51,61,0.8360655737704918,10,0.16393442622950818,True,True,True,True,False
22,5,3,dense,anticorrelated,0.8,30,38,0.7894736842105263,8,0.21052631578947367,True,True,True,True,False
23,5,3,dense,anticorrelated,0.8,33,43,0.7674418604651163,10,0.23255813953488372,True,True,True,True,False
24,5,3,dense,anticorrelated,0.8,48,54,0.8888888888888888,6,0.1111111111111111,True,True,True,True,False
25,5,3,dense,anticorrelated,0.8,42,42,1.0,0,0.0,True,True,True,True,True
26,5,3,dense,anticorrelated,0.8,48,60,0.8,12,0.2,True,True,True,True,False
27,5,3,dense,anticorrelated,0.8,42,60,0.7,18,0.3,True,True,True,True,False
28,5,3,dense,anticorrelated,0.8,51,65,0.7846153846153846,14,0.2153846153846154,True,True,True,True,False
29,5,3,dense,anticorrelated,0.8,72,72,1.0,0,0.0,True,True,True,True,True
30,5,3,dense,anticorrelated,0.8,40,46,0.8695652173913043,6,0.13043478260869565,True,True,True,True,False
1,5,3,sparse,random,0.3,14,14,1.0,0,0.0,True,True,True,True,True
2,5,3,sparse,random,0.3,35,35,1.0,0,0.0,True,True,True,True,True
3,5,3,sparse,random,0.3,69,69,1.0,0,0.0,True,True,True,True,True
4,5,3,sparse,random,0.3,56,56,1.0,0,0.0,True,True,True,True,True
5,5,3,sparse,random,0.3,196,196,1.0,0,0.0,True,True,True,True,True
6,5,3,sparse,random,0.3,66,76,0.868421052631579,10,0.13157894736842105,True,True,True,True,False
7,5,3,sparse,random,0.3,57,57,1.0,0,0.0,True,True,True,True,True
8,5,3,sparse,random,0.3,75,82,0.9146341463414634,7,0.08536585365853659,True,True,True,True,False
9,5,3,sparse,random,0.3,97,97,1.0,0,0.0,True,True,True,True,True
10,5,3,sparse,random,0.3,92,119,0.773109243697479,27,0.226890756302521,True,True,True,True,False
11,5,3,sparse,random,0.3,47,47,1.0,0,0.0,True,True,True,True,True
12,5,3,sparse,random,0.3,45,45,1.0,0,0.0,True,True,True,True,True
13,5,3,sparse,random,0.3,93,162,0.5740740740740741,69,0.42592592592592593,True,True,True,True,False
14,5,3,sparse,random,0.3,150,150,1.0,0,0.0,True,True,True,True,True
15,5,3,sparse,random,0.3,84,116,0.7241379310344828,32,0.27586206896551724,True,True,True,True,False
16,5,3,sparse,random,0.3,100,100,1.0,0,0.0,True,True,True,True,True
17,5,3,sparse,random,0.3,194,194,1.0,0,0.0,True,True,True,True,True
18,5,3,sparse,random,0.3,44,44,1.0,0,0.0,True,True,True,True,True
19,5,3,sparse,random,0.3,96,188,0.5106382978723404,92,0.48936170212765956,True,True,True,True,False
20,5,3,sparse,random,0.3,164,164,1.0,0,0.0,True,True,True,True,True
21,5,3,sparse,random,0.3,90,90,1.0,0,0.0,True,True,True,True,True
22,5,3,sparse,random,0.3,41,41,1.0,0,0.0,True,True,True,True,True
23,5,3,sparse,random,0.3,61,61,1.0,0,0.0,True,True,True,True,True
24,5,3,sparse,random,0.3,95,176,0.5397727272727273,81,0.4602272727272727,True,True,True,True,False
25,5,3,sparse,random,0.3,96,96,1.0,0,0.0,True,True,True,True,True
26,5,3,sparse,random,0.3,0,0,1.0,0,0.0,True,True,True,True,True
27,5,3,sparse,random,0.3,81,81,1.0,0,0.0,True,True,True,True,True
28,5,3,sparse,random,0.3,142,142,1.0,0,0.0,True,True,True,True,True
29,5,3,sparse,random,0.3,100,100,1.0,0,0.0,True,True,True,True,True
30,5,3,sparse,random,0.3,51,51,1.0,0,0.0,True,True,True,True,True
1,5,3,sparse,random,0.8,44,44,1.0,0,0.0,True,True,True,True,True
2,5,3,sparse,random,0.8,90,176,0.5113636363636364,86,0.48863636363636365,True,True,True,True,False
3,5,3,sparse,random,0.8,138,138,1.0,0,0.0,True,True,True,True,True
4,5,3,sparse,random,0.8,224,227,0.986784140969163,3,0.013215859030837005,True,True,True,True,False
5,5,3,sparse,random,0.8,490,589,0.831918505942275,99,0.16808149405772496,True,True,True,True,False
6,5,3,sparse,random,0.8,132,185,0.7135135135135136,53,0.2864864864864865,True,True,True,True,False
7,5,3,sparse,random,0.8,171,238,0.7184873949579832,67,0.2815126050420168,True,True,True,True,False
8,5,3,sparse,random,0.8,225,308,0.7305194805194806,83,0.2694805194805195,True,True,True,True,False
9,5,3,sparse,random,0.8,194,194,1.0,0,0.0,True,True,True,True,True
10,5,3,sparse,random,0.8,368,449,0.8195991091314031,81,0.18040089086859687,True,True,True,True,False
11,5,3,sparse,random,0.8,141,153,0.9215686274509803,12,0.0784313725490196,True,True,True,True,False
12,5,3,sparse,random,0.8,180,234,0.7692307692307693,54,0.23076923076923078,True,True,True,True,False
13,5,3,sparse,random,0.8,372,441,0.8435374149659864,69,0.1564625850340136,True,True,True,True,False
14,5,3,sparse,random,0.8,375,453,0.8278145695364238,78,0.17218543046357615,True,True,True,True,False
15,5,3,sparse,random,0.8,168,296,0.5675675675675675,128,0.43243243243243246,True,True,True,True,False
16,5,3,sparse,random,0.8,396,432,0.9166666666666666,36,0.08333333333333333,True,True,True,True,False
17,5,3,sparse,random,0.8,485,485,1.0,0,0.0,True,True,True,True,True
18,5,3,sparse,random,0.8,196,280,0.7,84,0.3,True,True,True,True,False
19,5,3,sparse,random,0.8,276,468,0.5897435897435898,192,0.41025641025641024,True,True,True,True,False
20,5,3,sparse,random,0.8,574,574,1.0,0,0.0,True,True,True,True,True
21,5,3,sparse,random,0.8,308,352,0.875,44,0.125,True,True,True,True,False
22,5,3,sparse,random,0.8,123,216,0.5694444444444444,93,0.4305555555555556,True,True,True,True,False
23,5,3,sparse,random,0.8,183,245,0.746938775510204,62,0.2530612244897959,True,True,True,True,False
24,5,3,sparse,random,0.8,324,514,0.6303501945525292,190,0.36964980544747084,True,True,True,True,False
25,5,3,sparse,random,0.8,288,365,0.7890410958904109,77,0.21095890410958903,True,True,True,True,False
26,5,3,sparse,random,0.8,84,183,0.45901639344262296,99,0.5409836065573771,True,True,True,True,False
27,5,3,sparse,random,0.8,324,324,1.0,0,0.0,True,True,True,True,True
28,5,3,sparse,random,0.8,355,473,0.7505285412262156,118,0.24947145877378435,True,True,True,True,False
29,5,3,sparse,random,0.8,200,250,0.8,50,0.2,True,True,True,True,False
30,5,3,sparse,random,0.8,102,183,0.5573770491803278,81,0.4426229508196721,True,True,True,True,False
1,5,3,sparse,correlated,0.3,1,1,1.0,0,0.0,True,True,True,True,True
2,5,3,sparse,correlated,0.3,2,2,1.0,0,0.0,True,True,True,True,True
3,5,3,sparse,correlated,0.3,4,5,0.8,1,0.2,True,True,True,True,False
4,5,3,sparse,correlated,0.3,6,6,1.0,0,0.0,True,True,True,True,True
5,5,3,sparse,correlated,0.3,12,12,1.0,0,0.0,True,True,True,True,True
6,5,3,sparse,correlated,0.3,4,5,0.8,1,0.2,True,True,True,True,False
7,5,3,sparse,correlated,0.3,6,6,1.0,0,0.0,True,True,True,True,True
8,5,3,sparse,correlated,0.3,4,4,1.0,0,0.0,True,True,True,True,True
9,5,3,sparse,correlated,0.3,1,1,1.0,0,0.0,True,True,True,True,True
10,5,3,sparse,correlated,0.3,1,1,1.0,0,0.0,True,True,True,True,True
11,5,3,sparse,correlated,0.3,1,1,1.0,0,0.0,True,True,True,True,True
12,5,3,sparse,correlated,0.3,8,8,1.0,0,0.0,True,True,True,True,True
13,5,3,sparse,correlated,0.3,5,5,1.0,0,0.0,True,True,True,True,True
14,5,3,sparse,correlated,0.3,6,6,1.0,0,0.0,True,True,True,True,True
15,5,3,sparse,correlated,0.3,1,1,1.0,0,0.0,True,True,True,True,True
16,5,3,sparse,correlated,0.3,2,2,1.0,0,0.0,True,True,True,True,True
17,5,3,sparse,correlated,0.3,5,6,0.8333333333333334,1,0.16666666666666666,True,True,True,True,False
18,5,3,sparse,correlated,0.3,7,7,1.0,0,0.0,True,True,True,True,True
19,5,3,sparse,correlated,0.3,7,7,1.0,0,0.0,True,True,True,True,True
20,5,3,sparse,correlated,0.3,8,8,1.0,0,0.0,True,True,True,True,True
21,5,3,sparse,correlated,0.3,2,2,1.0,0,0.0,True,True,True,True,True
22,5,3,sparse,correlated,0.3,1,2,0.5,1,0.5,True,True,True,True,False
23,5,3,sparse,correlated,0.3,1,2,0.5,1,0.5,True,True,True,True,False
24,5,3,sparse,correlated,0.3,1,1,1.0,0,0.0,True,True,True,True,True
25,5,3,sparse,correlated,0.3,1,1,1.0,0,0.0,True,True,True,True,True
26,5,3,sparse,correlated,0.3,4,4,1.0,0,0.0,True,True,True,True,True
27,5,3,sparse,correlated,0.3,0,0,1.0,0,0.0,True,True,True,True,True
28,5,3,sparse,correlated,0.3,5,5,1.0,0,0.0,True,True,True,True,True
29,5,3,sparse,correlated,0.3,8,8,1.0,0,0.0,True,True,True,True,True
30,5,3,sparse,correlated,0.3,2,2,1.0,0,0.0,True,True,True,True,True
1,5,3,sparse,correlated,0.8,4,5,0.8,1,0.2,True,True,True,True,False
2,5,3,sparse,correlated,0.8,11,19,0.5789473684210527,8,0.42105263157894735,True,True,True,True,False
3,5,3,sparse,correlated,0.8,16,18,0.8888888888888888,2,0.1111111111111111,True,True,True,True,False
4,5,3,sparse,correlated,0.8,16,22,0.7272727272727273,6,0.2727272727272727,True,True,True,True,False
5,5,3,sparse,correlated,0.8,30,30,1.0,0,0.0,True,True,True,True,True
6,5,3,sparse,correlated,0.8,16,21,0.7619047619047619,5,0.23809523809523808,True,True,True,True,False
7,5,3,sparse,correlated,0.8,6,6,1.0,0,0.0,True,True,True,True,True
8,5,3,sparse,correlated,0.8,4,5,0.8,1,0.2,True,True,True,True,False
9,5,3,sparse,correlated,0.8,14,14,1.0,0,0.0,True,True,True,True,True
10,5,3,sparse,correlated,0.8,16,17,0.9411764705882353,1,0.058823529411764705,True,True,True,True,False
11,5,3,sparse,correlated,0.8,9,12,0.75,3,0.25,True,True,True,True,False
12,5,3,sparse,correlated,0.8,24,24,1.0,0,0.0,True,True,True,True,True
13,5,3,sparse,correlated,0.8,15,16,0.9375,1,0.0625,True,True,True,True,False
14,5,3,sparse,correlated,0.8,18,22,0.8181818181818182,4,0.18181818181818182,True,True,True,True,False
15,5,3,sparse,correlated,0.8,10,17,0.5882352941176471,7,0.4117647058823529,True,True,True,True,False
16,5,3,sparse,correlated,0.8,7,10,0.7,3,0.3,True,True,True,True,False
17,5,3,sparse,correlated,0.8,10,17,0.5882352941176471,7,0.4117647058823529,True,True,True,True,False
18,5,3,sparse,correlated,0.8,28,31,0.9032258064516129,3,0.0967741935483871,True,True,True,True,False
19,5,3,sparse,correlated,0.8,9,18,0.5,9,0.5,True,True,True,True,False
20,5,3,sparse,correlated,0.8,16,18,0.8888888888888888,2,0.1111111111111111,True,True,True,True,False
21,5,3,sparse,correlated,0.8,8,11,0.7272727272727273,3,0.2727272727272727,True,True,True,True,False
22,5,3,sparse,correlated,0.8,2,4,0.5,2,0.5,True,True,True,True,False
23,5,3,sparse,correlated,0.8,6,8,0.75,2,0.25,True,True,True,True,False
24,5,3,sparse,correlated,0.8,10,12,0.8333333333333334,2,0.16666666666666666,True,True,True,True,False
25,5,3,sparse,correlated,0.8,10,12,0.8333333333333334,2,0.16666666666666666,True,True,True,True,False
26,5,3,sparse,correlated,0.8,12,12,1.0,0,0.0,True,True,True,True,True
27,5,3,sparse,correlated,0.8,8,8,1.0,0,0.0,True,True,True,True,True
28,5,3,sparse,correlated,0.8,8,13,0.6153846153846154,5,0.38461538461538464,True,True,True,True,False
29,5,3,sparse,correlated,0.8,28,36,0.7777777777777778,8,0.2222222222222222,True,True,True,True,False
30,5,3,sparse,correlated,0.8,8,11,0.7272727272727273,3,0.2727272727272727,True,True,True,True,False
1,5,3,sparse,anticorrelated,0.3,8,8,1.0,0,0.0,True,True,True,True,True
2,5,3,sparse,anticorrelated,0.3,12,12,1.0,0,0.0,True,True,True,True,True
3,5,3,sparse,anticorrelated,0.3,17,30,0.5666666666666667,13,0.43333333333333335,True,True,True,True,False
4,5,3,sparse,anticorrelated,0.3,14,14,1.0,0,0.0,True,True,True,True,True
5,5,3,sparse,anticorrelated,0.3,38,38,1.0,0,0.0,True,True,True,True,True
6,5,3,sparse,anticorrelated,0.3,16,26,0.6153846153846154,10,0.38461538461538464,True,True,True,True,False
7,5,3,sparse,anticorrelated,0.3,19,19,1.0,0,0.0,True,True,True,True,True
8,5,3,sparse,anticorrelated,0.3,17,17,1.0,0,0.0,True,True,True,True,True
9,5,3,sparse,anticorrelated,0.3,12,12,1.0,0,0.0,True,True,True,True,True
10,5,3,sparse,anticorrelated,0.3,8,8,1.0,0,0.0,True,True,True,True,True
11,5,3,sparse,anticorrelated,0.3,11,11,1.0,0,0.0,True,True,True,True,True
12,5,3,sparse,anticorrelated,0.3,30,30,1.0,0,0.0,True,True,True,True,True
13,5,3,sparse,anticorrelated,0.3,17,17,1.0,0,0.0,True,True,True,True,True
14,5,3,sparse,anticorrelated,0.3,19,19,1.0,0,0.0,True,True,True,True,True
15,5,3,sparse,anticorrelated,0.3,9,9,1.0,0,0.0,True,True,True,True,True
16,5,3,sparse,anticorrelated,0.3,12,22,0.5454545454545454,10,0.45454545454545453,True,True,True,True,False
17,5,3,sparse,anticorrelated,0.3,13,26,0.5,13,0.5,True,True,True,True,False
18,5,3,sparse,anticorrelated,0.3,18,18,1.0,0,0.0,True,True,True,True,True
19,5,3,sparse,anticorrelated,0.3,17,17,1.0,0,0.0,True,True,True,True,True
20,5,3,sparse,anticorrelated,0.3,13,13,1.0,0,0.0,True,True,True,True,True
21,5,3,sparse,anticorrelated,0.3,11,11,1.0,0,0.0,True,True,True,True,True
22,5,3,sparse,anticorrelated,0.3,14,26,0.5384615384615384,12,0.46153846153846156,True,True,True,True,False
23,5,3,sparse,anticorrelated,0.3,11,19,0.5789473684210527,8,0.42105263157894735,True,True,True,True,False
24,5,3,sparse,anticorrelated,0.3,12,12,1.0,0,0.0,True,True,True,True,True
25,5,3,sparse,anticorrelated,0.3,15,15,1.0,0,0.0,True,True,True,True,True
26,5,3,sparse,anticorrelated,0.3,26,26,1.0,0,0.0,True,True,True,True,True
27,5,3,sparse,anticorrelated,0.3,0,0,1.0,0,0.0,True,True,True,True,True
28,5,3,sparse,anticorrelated,0.3,17,17,1.0,0,0.0,True,True,True,True,True
29,5,3,sparse,anticorrelated,0.3,34,34,1.0,0,0.0,True,True,True,True,True
30,5,3,sparse,anticorrelated,0.3,12,12,1.0,0,0.0,True,True,True,True,True
1,5,3,sparse,anticorrelated,0.8,12,20,0.6,8,0.4,True,True,True,True,False
2,5,3,sparse,anticorrelated,0.8,24,42,0.5714285714285714,18,0.42857142857142855,True,True,True,True,False
3,5,3,sparse,anticorrelated,0.8,68,94,0.723404255319149,26,0.2765957446808511,True,True,True,True,False
4,5,3,sparse,anticorrelated,0.8,56,70,0.8,14,0.2,True,True,True,True,False
5,5,3,sparse,anticorrelated,0.8,95,95,1.0,0,0.0,True,True,True,True,True
6,5,3,sparse,anticorrelated,0.8,30,64,0.46875,34,0.53125,True,True,True,True,False
7,5,3,sparse,anticorrelated,0.8,19,19,1.0,0,0.0,True,True,True,True,True
8,5,3,sparse,anticorrelated,0.8,17,25,0.68,8,0.32,True,True,True,True,False
9,5,3,sparse,anticorrelated,0.8,48,56,0.8571428571428571,8,0.14285714285714285,True,True,True,True,False
10,5,3,sparse,anticorrelated,0.8,32,40,0.8,8,0.2,True,True,True,True,False
11,5,3,sparse,anticorrelated,0.8,44,62,0.7096774193548387,18,0.2903225806451613,True,True,True,True,False
12,5,3,sparse,anticorrelated,0.8,90,90,1.0,0,0.0,True,True,True,True,True
13,5,3,sparse,anticorrelated,0.8,51,60,0.85,9,0.15,True,True,True,True,False
14,5,3,sparse,anticorrelated,0.8,57,83,0.6867469879518072,26,0.3132530120481928,True,True,True,True,False
15,5,3,sparse,anticorrelated,0.8,36,45,0.8,9,0.2,True,True,True,True,False
16,5,3,sparse,anticorrelated,0.8,36,65,0.5538461538461539,29,0.4461538461538462,True,True,True,True,False
17,5,3,sparse,anticorrelated,0.8,26,51,0.5098039215686274,25,0.49019607843137253,True,True,True,True,False
18,5,3,sparse,anticorrelated,0.8,72,72,1.0,0,0.0,True,True,True,True,True
19,5,3,sparse,anticorrelated,0.8,17,42,0.40476190476190477,25,0.5952380952380952,True,True,True,True,False
20,5,3,sparse,anticorrelated,0.8,28,54,0.5185185185185185,26,0.48148148148148145,True,True,True,True,False
21,5,3,sparse,anticorrelated,0.8,40,45,0.8888888888888888,5,0.1111111111111111,True,True,True,True,False
22,5,3,sparse,anticorrelated,0.8,28,52,0.5384615384615384,24,0.46153846153846156,True,True,True,True,False
23,5,3,sparse,anticorrelated,0.8,14,33,0.42424242424242425,19,0.5757575757575758,True,True,True,True,False
24,5,3,sparse,anticorrelated,0.8,48,48,1.0,0,0.0,True,True,True,True,True
25,5,3,sparse,anticorrelated,0.8,60,69,0.8695652173913043,9,0.13043478260869565,True,True,True,True,False
26,5,3,sparse,anticorrelated,0.8,78,78,1.0,0,0.0,True,True,True,True,True
27,5,3,sparse,anticorrelated,0.8,13,19,0.6842105263157895,6,0.3157894736842105,True,True,True,True,False
28,5,3,sparse,anticorrelated,0.8,17,31,0.5483870967741935,14,0.45161290322580644,True,True,True,True,False
29,5,3,sparse,anticorrelated,0.8,119,149,0.7986577181208053,30,0.20134228187919462,True,True,True,True,False
30,5,3,sparse,anticorrelated,0.8,32,42,0.7619047619047619,10,0.23809523809523808,True,True,True,True,False
1,6,1,dense,random,0.3,285,285,1.0,0,0.0,True,True,True,True,True
2,6,1,dense,random,0.3,234,234,1.0,0,0.0,True,True,True,True,True
3,6,1,dense,random,0.3,116,116,1.0,0,0.0,True,True,True,True,True
4,6,1,dense,random,0.3,147,147,1.0,0,0.0,True,True,True,True,True
5,6,1,dense,random,0.3,282,282,1.0,0,0.0,True,True,True,True,True
6,6,1,dense,random,0.3,182,182,1.0,0,0.0,True,True,True,True,True
7,6,1,dense,random,0.3,164,164,1.0,0,0.0,True,True,True,True,True
8,6,1,dense,random,0.3,164,164,1.0,0,0.0,True,True,True,True,True
9,6,1,dense,random,0.3,267,267,1.0,0,0.0,True,True,True,True,True
10,6,1,dense,random,0.3,146,146,1.0,0,0.0,True,True,True,True,True
11,6,1,dense,random,0.3,207,207,1.0,0,0.0,True,True,True,True,True
12,6,1,dense,random,0.3,132,132,1.0,0,0.0,True,True,True,True,True
13,6,1,dense,random,0.3,231,231,1.0,0,0.0,True,True,True,True,True
14,6,1,dense,random,0.3,388,388,1.0,0,0.0,True,True,True,True,True
15,6,1,dense,random,0.3,279,279,1.0,0,0.0,True,True,True,True,True
16,6,1,dense,random,0.3,195,195,1.0,0,0.0,True,True,True,True,True
17,6,1,dense,random,0.3,189,189,1.0,0,0.0,True,True,True,True,True
18,6,1,dense,random,0.3,297,297,1.0,0,0.0,True,True,True,True,True
19,6,1,dense,random,0.3,210,210,1.0,0,0.0,True,True,True,True,True
20,6,1,dense,random,0.3,192,192,1.0,0,0.0,True,True,True,True,True
21,6,1,dense,random,0.3,152,152,1.0,0,0.0,True,True,True,True,True
22,6,1,dense,random,0.3,198,198,1.0,0,0.0,True,True,True,True,True
23,6,1,dense,random,0.3,183,183,1.0,0,0.0,True,True,True,True,True
24,6,1,dense,random,0.3,180,180,1.0,0,0.0,True,True,True,True,True
25,6,1,dense,random,0.3,96,96,1.0,0,0.0,True,True,True,True,True
26,6,1,dense,random,0.3,213,213,1.0,0,0.0,True,True,True,True,True
27,6,1,dense,random,0.3,186,186,1.0,0,0.0,True,True,True,True,True
28,6,1,dense,random,0.3,270,270,1.0,0,0.0,True,True,True,True,True
29,6,1,dense,random,0.3,288,288,1.0,0,0.0,True,True,True,True,True
30,6,1,dense,random,0.3,68,89,0.7640449438202247,21,0.23595505617977527,True,True,True,True,False
1,6,1,dense,random,0.8,760,760,1.0,0,0.0,True,True,True,True,True
2,6,1,dense,random,0.8,624,624,1.0,0,0.0,True,True,True,True,True
3,6,1,dense,random,0.8,348,348,1.0,0,0.0,True,True,True,True,True
4,6,1,dense,random,0.8,392,392,1.0,0,0.0,True,True,True,True,True
5,6,1,dense,random,0.8,752,752,1.0,0,0.0,True,True,True,True,True
6,6,1,dense,random,0.8,546,546,1.0,0,0.0,True,True,True,True,True
7,6,1,dense,random,0.8,574,574,1.0,0,0.0,True,True,True,True,True
8,6,1,dense,random,0.8,492,492,1.0,0,0.0,True,True,True,True,True
9,6,1,dense,random,0.8,712,712,1.0,0,0.0,True,True,True,True,True
10,6,1,dense,random,0.8,511,511,1.0,0,0.0,True,True,True,True,True
11,6,1,dense,random,0.8,690,690,1.0,0,0.0,True,True,True,True,True
12,6,1,dense,random,0.8,396,396,1.0,0,0.0,True,True,True,True,True
13,6,1,dense,random,0.8,616,616,1.0,0,0.0,True,True,True,True,True
14,6,1,dense,random,0.8,1067,1067,1.0,0,0.0,True,True,True,True,True
15,6,1,dense,random,0.8,744,744,1.0,0,0.0,True,True,True,True,True
16,6,1,dense,random,0.8,650,650,1.0,0,0.0,True,True,True,True,True
17,6,1,dense,random,0.8,630,630,1.0,0,0.0,True,True,True,True,True
18,6,1,dense,random,0.8,792,792,1.0,0,0.0,True,True,True,True,True
19,6,1,dense,random,0.8,630,630,1.0,0,0.0,True,True,True,True,True
20,6,1,dense,random,0.8,528,528,1.0,0,0.0,True,True,True,True,True
21,6,1,dense,random,0.8,380,380,1.0,0,0.0,True,True,True,True,True
22,6,1,dense,random,0.8,528,528,1.0,0,0.0,True,True,True,True,True
23,6,1,dense,random,0.8,610,610,1.0,0,0.0,True,True,True,True,True
24,6,1,dense,random,0.8,480,480,1.0,0,0.0,True,True,True,True,True
25,6,1,dense,random,0.8,320,320,1.0,0,0.0,True,True,True,True,True
26,6,1,dense,random,0.8,568,568,1.0,0,0.0,True,True,True,True,True
27,6,1,dense,random,0.8,496,496,1.0,0,0.0,True,True,True,True,True
28,6,1,dense,random,0.8,720,720,1.0,0,0.0,True,True,True,True,True
29,6,1,dense,random,0.8,768,768,1.0,0,0.0,True,True,True,True,True
30,6,1,dense,random,0.8,272,293,0.9283276450511946,21,0.07167235494880546,True,True,True,True,False
1,6,1,dense,correlated,0.3,8,8,1.0,0,0.0,True,True,True,True,True
2,6,1,dense,correlated,0.3,10,10,1.0,0,0.0,True,True,True,True,True
3,6,1,dense,correlated,0.3,8,9,0.8888888888888888,1,0.1111111111111111,True,True,True,True,False
4,6,1,dense,correlated,0.3,10,10,1.0,0,0.0,True,True,True,True,True
5,6,1,dense,correlated,0.3,15,15,1.0,0,0.0,True,True,True,True,True
6,6,1,dense,correlated,0.3,7,8,0.875,1,0.125,True,True,True,True,False
7,6,1,dense,correlated,0.3,18,18,1.0,0,0.0,True,True,True,True,True
8,6,1,dense,correlated,0.3,8,9,0.8888888888888888,1,0.1111111111111111,True,True,True,True,False
9,6,1,dense,correlated,0.3,4,4,1.0,0,0.0,True,True,True,True,True
10,6,1,dense,correlated,0.3,9,9,1.0,0,0.0,True,True,True,True,True
11,6,1,dense,correlated,0.3,15,15,1.0,0,0.0,True,True,True,True,True
12,6,1,dense,correlated,0.3,12,12,1.0,0,0.0,True,True,True,True,True
13,6,1,dense,correlated,0.3,8,8,1.0,0,0.0,True,True,True,True,True
14,6,1,dense,correlated,0.3,5,6,0.8333333333333334,1,0.16666666666666666,True,True,True,True,False
15,6,1,dense,correlated,0.3,12,12,1.0,0,0.0,True,True,True,True,True
16,6,1,dense,correlated,0.3,4,4,1.0,0,0.0,True,True,True,True,True
17,6,1,dense,correlated,0.3,8,8,1.0,0,0.0,True,True,True,True,True
18,6,1,dense,correlated,0.3,16,16,1.0,0,0.0,True,True,True,True,True
19,6,1,dense,correlated,0.3,15,15,1.0,0,0.0,True,True,True,True,True
20,6,1,dense,correlated,0.3,8,8,1.0,0,0.0,True,True,True,True,True
21,6,1,dense,correlated,0.3,7,7,1.0,0,0.0,True,True,True,True,True
22,6,1,dense,correlated,0.3,12,12,1.0,0,0.0,True,True,True,True,True
23,6,1,dense,correlated,0.3,8,8,1.0,0,0.0,True,True,True,True,True
24,6,1,dense,correlated,0.3,12,12,1.0,0,0.0,True,True,True,True,True
25,6,1,dense,correlated,0.3,9,9,1.0,0,0.0,True,True,True,True,True
26,6,1,dense,correlated,0.3,8,8,1.0,0,0.0,True,True,True,True,True
27,6,1,dense,correlated,0.3,12,12,1.0,0,0.0,True,True,True,True,True
28,6,1,dense,correlated,0.3,15,15,1.0,0,0.0,True,True,True,True,True
29,6,1,dense,correlated,0.3,15,15,1.0,0,0.0,True,True,True,True,True
30,6,1,dense,correlated,0.3,8,8,1.0,0,0.0,True,True,True,True,True
1,6,1,dense,correlated,0.8,20,21,0.9523809523809523,1,0.047619047619047616,True,True,True,True,False
2,6,1,dense,correlated,0.8,35,35,1.0,0,0.0,True,True,True,True,True
3,6,1,dense,correlated,0.8,28,28,1.0,0,0.0,True,True,True,True,True
4,6,1,dense,correlated,0.8,35,35,1.0,0,0.0,True,True,True,True,True
5,6,1,dense,correlated,0.8,45,45,1.0,0,0.0,True,True,True,True,True
6,6,1,dense,correlated,0.8,28,28,1.0,0,0.0,True,True,True,True,True
7,6,1,dense,correlated,0.8,54,54,1.0,0,0.0,True,True,True,True,True
8,6,1,dense,correlated,0.8,24,26,0.9230769230769231,2,0.07692307692307693,True,True,True,True,False
9,6,1,dense,correlated,0.8,12,13,0.9230769230769231,1,0.07692307692307693,True,True,True,True,False
10,6,1,dense,correlated,0.8,30,30,1.0,0,0.0,True,True,True,True,True
11,6,1,dense,correlated,0.8,50,50,1.0,0,0.0,True,True,True,True,True
12,6,1,dense,correlated,0.8,42,42,1.0,0,0.0,True,True,True,True,True
13,6,1,dense,correlated,0.8,25,26,0.9615384615384616,1,0.038461538461538464,True,True,True,True,False
14,6,1,dense,correlated,0.8,25,25,1.0,0,0.0,True,True,True,True,True
15,6,1,dense,correlated,0.8,40,40,1.0,0,0.0,True,True,True,True,True
16,6,1,dense,correlated,0.8,11,11,1.0,0,0.0,True,True,True,True,True
17,6,1,dense,correlated,0.8,16,20,0.8,4,0.2,True,True,True,True,False
18,6,1,dense,correlated,0.8,44,44,1.0,0,0.0,True,True,True,True,True
19,6,1,dense,correlated,0.8,50,50,1.0,0,0.0,True,True,True,True,True
20,6,1,dense,correlated,0.8,16,18,0.8888888888888888,2,0.1111111111111111,True,True,True,True,False
21,6,1,dense,correlated,0.8,24,25,0.96,1,0.04,True,True,True,True,False
22,6,1,dense,correlated,0.8,36,36,1.0,0,0.0,True,True,True,True,True
23,6,1,dense,correlated,0.8,22,22,1.0,0,0.0,True,True,True,True,True
24,6,1,dense,correlated,0.8,32,32,1.0,0,0.0,True,True,True,True,True
25,6,1,dense,correlated,0.8,24,24,1.0,0,0.0,True,True,True,True,True
26,6,1,dense,correlated,0.8,28,28,1.0,0,0.0,True,True,True,True,True
27,6,1,dense,correlated,0.8,32,32,1.0,0,0.0,True,True,True,True,True
28,6,1,dense,correlated,0.8,50,50,1.0,0,0.0,True,True,True,True,True
29,6,1,dense,correlated,0.8,40,40,1.0,0,0.0,True,True,True,True,True
30,6,1,dense,correlated,0.8,32,32,1.0,0,0.0,True,True,True,True,True
1,6,1,dense,anticorrelated,0.3,27,27,1.0,0,0.0,True,True,True,True,True
2,6,1,dense,anticorrelated,0.3,32,32,1.0,0,0.0,True,True,True,True,True
3,6,1,dense,anticorrelated,0.3,52,52,1.0,0,0.0,True,True,True,True,True
4,6,1,dense,anticorrelated,0.3,30,30,1.0,0,0.0,True,True,True,True,True
5,6,1,dense,anticorrelated,0.3,48,48,1.0,0,0.0,True,True,True,True,True
6,6,1,dense,anticorrelated,0.3,33,33,1.0,0,0.0,True,True,True,True,True
7,6,1,dense,anticorrelated,0.3,51,51,1.0,0,0.0,True,True,True,True,True
8,6,1,dense,anticorrelated,0.3,44,44,1.0,0,0.0,True,True,True,True,True
9,6,1,dense,anticorrelated,0.3,36,36,1.0,0,0.0,True,True,True,True,True
10,6,1,dense,anticorrelated,0.3,42,42,1.0,0,0.0,True,True,True,True,True
11,6,1,dense,anticorrelated,0.3,48,48,1.0,0,0.0,True,True,True,True,True
12,6,1,dense,anticorrelated,0.3,34,34,1.0,0,0.0,True,True,True,True,True
13,6,1,dense,anticorrelated,0.3,33,33,1.0,0,0.0,True,True,True,True,True
14,6,1,dense,anticorrelated,0.3,33,33,1.0,0,0.0,True,True,True,True,True
15,6,1,dense,anticorrelated,0.3,45,45,1.0,0,0.0,True,True,True,True,True
16,6,1,dense,anticorrelated,0.3,48,48,1.0,0,0.0,True,True,True,True,True
17,6,1,dense,anticorrelated,0.3,27,27,1.0,0,0.0,True,True,True,True,True
18,6,1,dense,anticorrelated,0.3,60,60,1.0,0,0.0,True,True,True,True,True
19,6,1,dense,anticorrelated,0.3,48,48,1.0,0,0.0,True,True,True,True,True
20,6,1,dense,anticorrelated,0.3,36,36,1.0,0,0.0,True,True,True,True,True
21,6,1,dense,anticorrelated,0.3,30,30,1.0,0,0.0,True,True,True,True,True
22,6,1,dense,anticorrelated,0.3,32,32,1.0,0,0.0,True,True,True,True,True
23,6,1,dense,anticorrelated,0.3,52,52,1.0,0,0.0,True,True,True,True,True
24,6,1,dense,anticorrelated,0.3,45,45,1.0,0,0.0,True,True,True,True,True
25,6,1,dense,anticorrelated,0.3,42,42,1.0,0,0.0,True,True,True,True,True
26,6,1,dense,anticorrelated,0.3,28,28,1.0,0,0.0,True,True,True,True,True
27,6,1,dense,anticorrelated,0.3,45,45,1.0,0,0.0,True,True,True,True,True
28,6,1,dense,anticorrelated,0.3,48,48,1.0,0,0.0,True,True,True,True,True
29,6,1,dense,anticorrelated,0.3,48,48,1.0,0,0.0,True,True,True,True,True
30,6,1,dense,anticorrelated,0.3,20,20,1.0,0,0.0,True,True,True,True,True
1,6,1,dense,anticorrelated,0.8,72,72,1.0,0,0.0,True,True,True,True,True
2,6,1,dense,anticorrelated,0.8,112,112,1.0,0,0.0,True,True,True,True,True
3,6,1,dense,anticorrelated,0.8,156,156,1.0,0,0.0,True,True,True,True,True
4,6,1,dense,anticorrelated,0.8,105,105,1.0,0,0.0,True,True,True,True,True
5,6,1,dense,anticorrelated,0.8,144,144,1.0,0,0.0,True,True,True,True,True
6,6,1,dense,anticorrelated,0.8,88,88,1.0,0,0.0,True,True,True,True,True
7,6,1,dense,anticorrelated,0.8,153,153,1.0,0,0.0,True,True,True,True,True
8,6,1,dense,anticorrelated,0.8,121,121,1.0,0,0.0,True,True,True,True,True
9,6,1,dense,anticorrelated,0.8,120,120,1.0,0,0.0,True,True,True,True,True
10,6,1,dense,anticorrelated,0.8,140,140,1.0,0,0.0,True,True,True,True,True
11,6,1,dense,anticorrelated,0.8,160,160,1.0,0,0.0,True,True,True,True,True
12,6,1,dense,anticorrelated,0.8,119,119,1.0,0,0.0,True,True,True,True,True
13,6,1,dense,anticorrelated,0.8,110,110,1.0,0,0.0,True,True,True,True,True
14,6,1,dense,anticorrelated,0.8,110,110,1.0,0,0.0,True,True,True,True,True
15,6,1,dense,anticorrelated,0.8,150,150,1.0,0,0.0,True,True,True,True,True
16,6,1,dense,anticorrelated,0.8,132,132,1.0,0,0.0,True,True,True,True,True
17,6,1,dense,anticorrelated,0.8,72,72,1.0,0,0.0,True,True,True,True,True
18,6,1,dense,anticorrelated,0.8,165,165,1.0,0,0.0,True,True,True,True,True
19,6,1,dense,anticorrelated,0.8,160,160,1.0,0,0.0,True,True,True,True,True
20,6,1,dense,anticorrelated,0.8,96,96,1.0,0,0.0,True,True,True,True,True
21,6,1,dense,anticorrelated,0.8,90,90,1.0,0,0.0,True,True,True,True,True
22,6,1,dense,anticorrelated,0.8,96,96,1.0,0,0.0,True,True,True,True,True
23,6,1,dense,anticorrelated,0.8,143,143,1.0,0,0.0,True,True,True,True,True
24,6,1,dense,anticorrelated,0.8,120,120,1.0,0,0.0,True,True,True,True,True
25,6,1,dense,anticorrelated,0.8,112,112,1.0,0,0.0,True,True,True,True,True
26,6,1,dense,anticorrelated,0.8,98,98,1.0,0,0.0,True,True,True,True,True
27,6,1,dense,anticorrelated,0.8,120,120,1.0,0,0.0,True,True,True,True,True
28,6,1,dense,anticorrelated,0.8,160,160,1.0,0,0.0,True,True,True,True,True
29,6,1,dense,anticorrelated,0.8,128,128,1.0,0,0.0,True,True,True,True,True
30,6,1,dense,anticorrelated,0.8,60,60,1.0,0,0.0,True,True,True,True,True
1,6,1,sparse,random,0.3,65,65,1.0,0,0.0,True,True,True,True,True
2,6,1,sparse,random,0.3,98,98,1.0,0,0.0,True,True,True,True,True
3,6,1,sparse,random,0.3,47,47,1.0,0,0.0,True,True,True,True,True
4,6,1,sparse,random,0.3,27,27,1.0,0,0.0,True,True,True,True,True
5,6,1,sparse,random,0.3,0,0,1.0,0,0.0,True,True,True,True,True
6,6,1,sparse,random,0.3,83,83,1.0,0,0.0,True,True,True,True,True
7,6,1,sparse,random,0.3,176,176,1.0,0,0.0,True,True,True,True,True
8,6,1,sparse,random,0.3,166,166,1.0,0,0.0,True,True,True,True,True
9,6,1,sparse,random,0.3,78,78,1.0,0,0.0,True,True,True,True,True
10,6,1,sparse,random,0.3,40,40,1.0,0,0.0,True,True,True,True,True
11,6,1,sparse,random,0.3,194,194,1.0,0,0.0,True,True,True,True,True
12,6,1,sparse,random,0.3,71,71,1.0,0,0.0,True,True,True,True,True
13,6,1,sparse,random,0.3,148,148,1.0,0,0.0,True,True,True,True,True
14,6,1,sparse,random,0.3,94,94,1.0,0,0.0,True,True,True,True,True
15,6,1,sparse,random,0.3,2,2,1.0,0,0.0,True,True,True,True,True
16,6,1,sparse,random,0.3,0,0,1.0,0,0.0,True,True,True,True,True
17,6,1,sparse,random,0.3,11,11,1.0,0,0.0,True,True,True,True,True
18,6,1,sparse,random,0.3,0,0,1.0,0,0.0,True,True,True,True,True
19,6,1,sparse,random,0.3,65,65,1.0,0,0.0,True,True,True,True,True
20,6,1,sparse,random,0.3,34,34,1.0,0,0.0,True,True,True,True,True
21,6,1,sparse,random,0.3,7,7,1.0,0,0.0,True,True,True,True,True
22,6,1,sparse,random,0.3,20,20,1.0,0,0.0,True,True,True,True,True
23,6,1,sparse,random,0.3,96,96,1.0,0,0.0,True,True,True,True,True
24,6,1,sparse,random,0.3,70,70,1.0,0,0.0,True,True,True,True,True
25,6,1,sparse,random,0.3,87,87,1.0,0,0.0,True,True,True,True,True
26,6,1,sparse,random,0.3,0,0,1.0,0,0.0,True,True,True,True,True
27,6,1,sparse,random,0.3,0,0,1.0,0,0.0,True,True,True,True,True
28,6,1,sparse,random,0.3,98,98,1.0,0,0.0,True,True,True,True,True
29,6,1,sparse,random,0.3,0,0,1.0,0,0.0,True,True,True,True,True
30,6,1,sparse,random,0.3,198,198,1.0,0,0.0,True,True,True,True,True
1,6,1,sparse,random,0.8,65,65,1.0,0,0.0,True,True,True,True,True
2,6,1,sparse,random,0.8,392,392,1.0,0,0.0,True,True,True,True,True
3,6,1,sparse,random,0.8,94,94,1.0,0,0.0,True,True,True,True,True
4,6,1,sparse,random,0.8,108,108,1.0,0,0.0,True,True,True,True,True
5,6,1,sparse,random,0.8,29,29,1.0,0,0.0,True,True,True,True,True
6,6,1,sparse,random,0.8,249,249,1.0,0,0.0,True,True,True,True,True
7,6,1,sparse,random,0.8,616,616,1.0,0,0.0,True,True,True,True,True
8,6,1,sparse,random,0.8,581,581,1.0,0,0.0,True,True,True,True,True
9,6,1,sparse,random,0.8,156,182,0.8571428571428571,26,0.14285714285714285,True,True,True,True,False
10,6,1,sparse,random,0.8,160,160,1.0,0,0.0,True,True,True,True,True
11,6,1,sparse,random,0.8,679,679,1.0,0,0.0,True,True,True,True,True
12,6,1,sparse,random,0.8,142,142,1.0,0,0.0,True,True,True,True,True
13,6,1,sparse,random,0.8,444,444,1.0,0,0.0,True,True,True,True,True
14,6,1,sparse,random,0.8,282,282,1.0,0,0.0,True,True,True,True,True
15,6,1,sparse,random,0.8,53,53,1.0,0,0.0,True,True,True,True,True
16,6,1,sparse,random,0.8,170,170,1.0,0,0.0,True,True,True,True,True
17,6,1,sparse,random,0.8,11,11,1.0,0,0.0,True,True,True,True,True
18,6,1,sparse,random,0.8,41,41,1.0,0,0.0,True,True,True,True,True
19,6,1,sparse,random,0.8,195,195,1.0,0,0.0,True,True,True,True,True
20,6,1,sparse,random,0.8,102,102,1.0,0,0.0,True,True,True,True,True
21,6,1,sparse,random,0.8,36,36,1.0,0,0.0,True,True,True,True,True
22,6,1,sparse,random,0.8,96,96,1.0,0,0.0,True,True,True,True,True
23,6,1,sparse,random,0.8,288,288,1.0,0,0.0,True,True,True,True,True
24,6,1,sparse,random,0.8,245,245,1.0,0,0.0,True,True,True,True,True
25,6,1,sparse,random,0.8,87,87,1.0,0,0.0,True,True,True,True,True
26,6,1,sparse,random,0.8,0,0,1.0,0,0.0,True,True,True,True,True
27,6,1,sparse,random,0.8,160,160,1.0,0,0.0,True,True,True,True,True
28,6,1,sparse,random,0.8,245,245,1.0,0,0.0,True,True,True,True,True
29,6,1,sparse,random,0.8,22,22,1.0,0,0.0,True,True,True,True,True
30,6,1,sparse,random,0.8,594,594,1.0,0,0.0,True,True,True,True,True
1,6,1,sparse,correlated,0.3,4,4,1.0,0,0.0,True,True,True,True,True
2,6,1,sparse,correlated,0.3,1,1,1.0,0,0.0,True,True,True,True,True
3,6,1,sparse,correlated,0.3,1,1,1.0,0,0.0,True,True,True,True,True
4,6,1,sparse,correlated,0.3,1,1,1.0,0,0.0,True,True,True,True,True
5,6,1,sparse,correlated,0.3,0,0,1.0,0,0.0,True,True,True,True,True
6,6,1,sparse,correlated,0.3,0,0,1.0,0,0.0,True,True,True,True,True
7,6,1,sparse,correlated,0.3,5,5,1.0,0,0.0,True,True,True,True,True
8,6,1,sparse,correlated,0.3,7,9,0.7777777777777778,2,0.2222222222222222,True,True,True,True,False
9,6,1,sparse,correlated,0.3,2,2,1.0,0,0.0,True,True,True,True,True
10,6,1,sparse,correlated,0.3,4,4,1.0,0,0.0,True,True,True,True,True
11,6,1,sparse,correlated,0.3,8,8,1.0,0,0.0,True,True,True,True,True
12,6,1,sparse,correlated,0.3,1,1,1.0,0,0.0,True,True,True,True,True
13,6,1,sparse,correlated,0.3,8,8,1.0,0,0.0,True,True,True,True,True
14,6,1,sparse,correlated,0.3,3,3,1.0,0,0.0,True,True,True,True,True
15,6,1,sparse,correlated,0.3,1,1,1.0,0,0.0,True,True,True,True,True
16,6,1,sparse,correlated,0.3,0,0,1.0,0,0.0,True,True,True,True,True
17,6,1,sparse,correlated,0.3,6,6,1.0,0,0.0,True,True,True,True,True
18,6,1,sparse,correlated,0.3,4,4,1.0,0,0.0,True,True,True,True,True
19,6,1,sparse,correlated,0.3,3,3,1.0,0,0.0,True,True,True,True,True
20,6,1,sparse,correlated,0.3,10,10,1.0,0,0.0,True,True,True,True,True
21,6,1,sparse,correlated,0.3,1,1,1.0,0,0.0,True,True,True,True,True
22,6,1,sparse,correlated,0.3,12,12,1.0,0,0.0,True,True,True,True,True
23,6,1,sparse,correlated,0.3,1,1,1.0,0,0.0,True,True,True,True,True
24,6,1,sparse,correlated,0.3,1,1,1.0,0,0.0,True,True,True,True,True
25,6,1,sparse,correlated,0.3,1,1,1.0,0,0.0,True,True,True,True,True
26,6,1,sparse,correlated,0.3,4,4,1.0,0,0.0,True,True,True,True,True
27,6,1,sparse,correlated,0.3,10,10,1.0,0,0.0,True,True,True,True,True
28,6,1,sparse,correlated,0.3,0,0,1.0,0,0.0,True,True,True,True,True
29,6,1,sparse,correlated,0.3,0,0,1.0,0,0.0,True,True,True,True,True
30,6,1,sparse,correlated,0.3,10,10,1.0,0,0.0,True,True,True,True,True
1,6,1,sparse,correlated,0.8,4,4,1.0,0,0.0,True,True,True,True,True
2,6,1,sparse,correlated,0.8,4,4,1.0,0,0.0,True,True,True,True,True
3,6,1,sparse,correlated,0.8,7,7,1.0,0,0.0,True,True,True,True,True
4,6,1,sparse,correlated,0.8,4,4,1.0,0,0.0,True,True,True,True,True
5,6,1,sparse,correlated,0.8,1,1,1.0,0,0.0,True,True,True,True,True
6,6,1,sparse,correlated,0.8,0,0,1.0,0,0.0,True,True,True,True,True
7,6,1,sparse,correlated,0.8,20,20,1.0,0,0.0,True,True,True,True,True
8,6,1,sparse,correlated,0.8,28,30,0.9333333333333333,2,0.06666666666666667,True,True,True,True,False
9,6,1,sparse,correlated,0.8,14,15,0.9333333333333333,1,0.06666666666666667,True,True,True,True,False
10,6,1,sparse,correlated,0.8,14,14,1.0,0,0.0,True,True,True,True,True
11,6,1,sparse,correlated,0.8,28,29,0.9655172413793104,1,0.034482758620689655,True,True,True,True,False
12,6,1,sparse,correlated,0.8,7,8,0.875,1,0.125,True,True,True,True,False
13,6,1,sparse,correlated,0.8,16,20,0.8,4,0.2,True,True,True,True,False
14,6,1,sparse,correlated,0.8,12,12,1.0,0,0.0,True,True,True,True,True
15,6,1,sparse,correlated,0.8,4,4,1.0,0,0.0,True,True,True,True,True
16,6,1,sparse,correlated,0.8,7,7,1.0,0,0.0,True,True,True,True,True
17,6,1,sparse,correlated,0.8,18,18,1.0,0,0.0,True,True,True,True,True
18,6,1,sparse,correlated,0.8,10,12,0.8333333333333334,2,0.16666666666666666,True,True,True,True,False
19,6,1,sparse,correlated,0.8,12,12,1.0,0,0.0,True,True,True,True,True
20,6,1,sparse,correlated,0.8,30,30,1.0,0,0.0,True,True,True,True,True
21,6,1,sparse,correlated,0.8,4,4,1.0,0,0.0,True,True,True,True,True
22,6,1,sparse,correlated,0.8,32,32,1.0,0,0.0,True,True,True,True,True
23,6,1,sparse,correlated,0.8,4,4,1.0,0,0.0,True,True,True,True,True
24,6,1,sparse,correlated,0.8,10,10,1.0,0,0.0,True,True,True,True,True
25,6,1,sparse,correlated,0.8,5,5,1.0,0,0.0,True,True,True,True,True
26,6,1,sparse,correlated,0.8,16,16,1.0,0,0.0,True,True,True,True,True
27,6,1,sparse,correlated,0.8,35,35,1.0,0,0.0,True,True,True,True,True
28,6,1,sparse,correlated,0.8,6,6,1.0,0,0.0,True,True,True,True,True
29,6,1,sparse,correlated,0.8,10,10,1.0,0,0.0,True,True,True,True,True
30,6,1,sparse,correlated,0.8,25,25,1.0,0,0.0,True,True,True,True,True
1,6,1,sparse,anticorrelated,0.3,13,13,1.0,0,0.0,True,True,True,True,True
2,6,1,sparse,anticorrelated,0.3,12,12,1.0,0,0.0,True,True,True,True,True
3,6,1,sparse,anticorrelated,0.3,11,11,1.0,0,0.0,True,True,True,True,True
4,6,1,sparse,anticorrelated,0.3,10,10,1.0,0,0.0,True,True,True,True,True
5,6,1,sparse,anticorrelated,0.3,0,0,1.0,0,0.0,True,True,True,True,True
6,6,1,sparse,anticorrelated,0.3,0,0,1.0,0,0.0,True,True,True,True,True
7,6,1,sparse,anticorrelated,0.3,16,16,1.0,0,0.0,True,True,True,True,True
8,6,1,sparse,anticorrelated,0.3,39,39,1.0,0,0.0,True,True,True,True,True
9,6,1,sparse,anticorrelated,0.3,24,24,1.0,0,0.0,True,True,True,True,True
10,6,1,sparse,anticorrelated,0.3,13,13,1.0,0,0.0,True,True,True,True,True
11,6,1,sparse,anticorrelated,0.3,33,33,1.0,0,0.0,True,True,True,True,True
12,6,1,sparse,anticorrelated,0.3,7,7,1.0,0,0.0,True,True,True,True,True
13,6,1,sparse,anticorrelated,0.3,39,39,1.0,0,0.0,True,True,True,True,True
14,6,1,sparse,anticorrelated,0.3,13,13,1.0,0,0.0,True,True,True,True,True
15,6,1,sparse,anticorrelated,0.3,7,7,1.0,0,0.0,True,True,True,True,True
16,6,1,sparse,anticorrelated,0.3,0,0,1.0,0,0.0,True,True,True,True,True
17,6,1,sparse,anticorrelated,0.3,17,17,1.0,0,0.0,True,True,True,True,True
18,6,1,sparse,anticorrelated,0.3,26,26,1.0,0,0.0,True,True,True,True,True
19,6,1,sparse,anticorrelated,0.3,14,14,1.0,0,0.0,True,True,True,True,True
20,6,1,sparse,anticorrelated,0.3,36,36,1.0,0,0.0,True,True,True,True,True
21,6,1,sparse,anticorrelated,0.3,10,10,1.0,0,0.0,True,True,True,True,True
22,6,1,sparse,anticorrelated,0.3,45,45,1.0,0,0.0,True,True,True,True,True
23,6,1,sparse,anticorrelated,0.3,10,10,1.0,0,0.0,True,True,True,True,True
24,6,1,sparse,anticorrelated,0.3,9,9,1.0,0,0.0,True,True,True,True,True
25,6,1,sparse,anticorrelated,0.3,11,11,1.0,0,0.0,True,True,True,True,True
26,6,1,sparse,anticorrelated,0.3,15,15,1.0,0,0.0,True,True,True,True,True
27,6,1,sparse,anticorrelated,0.3,32,32,1.0,0,0.0,True,True,True,True,True
28,6,1,sparse,anticorrelated,0.3,0,0,1.0,0,0.0,True,True,True,True,True
29,6,1,sparse,anticorrelated,0.3,0,0,1.0,0,0.0,True,True,True,True,True
30,6,1,sparse,anticorrelated,0.3,32,32,1.0,0,0.0,True,True,True,True,True
1,6,1,sparse,anticorrelated,0.8,13,13,1.0,0,0.0,True,True,True,True,True
2,6,1,sparse,anticorrelated,0.8,48,48,1.0,0,0.0,True,True,True,True,True
3,6,1,sparse,anticorrelated,0.8,22,22,1.0,0,0.0,True,True,True,True,True
4,6,1,sparse,anticorrelated,0.8,40,40,1.0,0,0.0,True,True,True,True,True
5,6,1,sparse,anticorrelated,0.8,8,8,1.0,0,0.0,True,True,True,True,True
6,6,1,sparse,anticorrelated,0.8,0,0,1.0,0,0.0,True,True,True,True,True
7,6,1,sparse,anticorrelated,0.8,64,64,1.0,0,0.0,True,True,True,True,True
8,6,1,sparse,anticorrelated,0.8,117,117,1.0,0,0.0,True,True,True,True,True
9,6,1,sparse,anticorrelated,0.8,84,84,1.0,0,0.0,True,True,True,True,True
10,6,1,sparse,anticorrelated,0.8,39,39,1.0,0,0.0,True,True,True,True,True
11,6,1,sparse,anticorrelated,0.8,99,99,1.0,0,0.0,True,True,True,True,True
12,6,1,sparse,anticorrelated,0.8,21,22,0.9545454545454546,1,0.045454545454545456,True,True,True,True,False
13,6,1,sparse,anticorrelated,0.8,104,104,1.0,0,0.0,True,True,True,True,True
14,6,1,sparse,anticorrelated,0.8,52,52,1.0,0,0.0,True,True,True,True,True
15,6,1,sparse,anticorrelated,0.8,21,21,1.0,0,0.0,True,True,True,True,True
16,6,1,sparse,anticorrelated,0.8,14,14,1.0,0,0.0,True,True,True,True,True
17,6,1,sparse,anticorrelated,0.8,51,51,1.0,0,0.0,True,True,True,True,True
18,6,1,sparse,anticorrelated,0.8,65,65,1.0,0,0.0,True,True,True,True,True
19,6,1,sparse,anticorrelated,0.8,56,56,1.0,0,0.0,True,True,True,True,True
20,6,1,sparse,anticorrelated,0.8,108,108,1.0,0,0.0,True,True,True,True,True
21,6,1,sparse,anticorrelated,0.8,40,40,1.0,0,0.0,True,True,True,True,True
22,6,1,sparse,anticorrelated,0.8,120,120,1.0,0,0.0,True,True,True,True,True
23,6,1,sparse,anticorrelated,0.8,40,40,1.0,0,0.0,True,True,True,True,True
24,6,1,sparse,anticorrelated,0.8,27,27,1.0,0,0.0,True,True,True,True,True
25,6,1,sparse,anticorrelated,0.8,22,22,1.0,0,0.0,True,True,True,True,True
26,6,1,sparse,anticorrelated,0.8,60,60,1.0,0,0.0,True,True,True,True,True
27,6,1,sparse,anticorrelated,0.8,112,112,1.0,0,0.0,True,True,True,True,True
28,6,1,sparse,anticorrelated,0.8,13,13,1.0,0,0.0,True,True,True,True,True
29,6,1,sparse,anticorrelated,0.8,28,28,1.0,0,0.0,True,True,True,True,True
30,6,1,sparse,anticorrelated,0.8,80,80,1.0,0,0.0,True,True,True,True,True
1,6,2,dense,random,0.3,76,76,1.0,0,0.0,True,True,True,True,True
2,6,2,dense,random,0.3,87,87,1.0,0,0.0,True,True,True,True,True
3,6,2,dense,random,0.3,188,188,1.0,0,0.0,True,True,True,True,True
4,6,2,dense,random,0.3,99,99,1.0,0,0.0,True,True,True,True,True
5,6,2,dense,random,0.3,180,180,1.0,0,0.0,True,True,True,True,True
6,6,2,dense,random,0.3,267,267,1.0,0,0.0,True,True,True,True,True
7,6,2,dense,random,0.3,168,168,1.0,0,0.0,True,True,True,True,True
8,6,2,dense,random,0.3,66,66,1.0,0,0.0,True,True,True,True,True
9,6,2,dense,random,0.3,99,99,1.0,0,0.0,True,True,True,True,True
10,6,2,dense,random,0.3,279,279,1.0,0,0.0,True,True,True,True,True
11,6,2,dense,random,0.3,204,204,1.0,0,0.0,True,True,True,True,True
12,6,2,dense,random,0.3,99,99,1.0,0,0.0,True,True,True,True,True
13,6,2,dense,random,0.3,92,92,1.0,0,0.0,True,True,True,True,True
14,6,2,dense,random,0.3,76,76,1.0,0,0.0,True,True,True,True,True
15,6,2,dense,random,0.3,93,110,0.8454545454545455,17,0.15454545454545454,True,True,True,True,False
16,6,2,dense,random,0.3,94,144,0.6527777777777778,50,0.3472222222222222,True,True,True,True,False
17,6,2,dense,random,0.3,110,110,1.0,0,0.0,True,True,True,True,True
18,6,2,dense,random,0.3,104,114,0.9122807017543859,10,0.08771929824561403,True,True,True,True,False
19,6,2,dense,random,0.3,63,83,0.7590361445783133,20,0.24096385542168675,True,True,True,True,False
20,6,2,dense,random,0.3,66,66,1.0,0,0.0,True,True,True,True,True
21,6,2,dense,random,0.3,162,162,1.0,0,0.0,True,True,True,True,True
22,6,2,dense,random,0.3,97,97,1.0,0,0.0,True,True,True,True,True
23,6,2,dense,random,0.3,70,89,0.7865168539325843,19,0.21348314606741572,True,True,True,True,False
24,6,2,dense,random,0.3,96,96,1.0,0,0.0,True,True,True,True,True
25,6,2,dense,random,0.3,164,164,1.0,0,0.0,True,True,True,True,True
26,6,2,dense,random,0.3,216,216,1.0,0,0.0,True,True,True,True,True
27,6,2,dense,random,0.3,88,115,0.7652173913043478,27,0.23478260869565218,True,True,True,True,False
28,6,2,dense,random,0.3,190,190,1.0,0,0.0,True,True,True,True,True
29,6,2,dense,random,0.3,87,114,0.7631578947368421,27,0.23684210526315788,True,True,True,True,False
30,6,2,dense,random,0.3,75,75,1.0,0,0.0,True,True,True,True,True
1,6,2,dense,random,0.8,228,292,0.7808219178082192,64,0.2191780821917808,True,True,True,True,False
2,6,2,dense,random,0.8,232,290,0.8,58,0.2,True,True,True,True,False
3,6,2,dense,random,0.8,564,564,1.0,0,0.0,True,True,True,True,True
4,6,2,dense,random,0.8,364,394,0.9238578680203046,30,0.07614213197969544,True,True,True,True,False
5,6,2,dense,random,0.8,630,630,1.0,0,0.0,True,True,True,True,True
6,6,2,dense,random,0.8,712,712,1.0,0,0.0,True,True,True,True,True
7,6,2,dense,random,0.8,588,588,1.0,0,0.0,True,True,True,True,True
8,6,2,dense,random,0.8,235,237,0.9915611814345991,2,0.008438818565400843,True,True,True,True,False
9,6,2,dense,random,0.8,300,318,0.9433962264150944,18,0.05660377358490566,True,True,True,True,False
10,6,2,dense,random,0.8,744,744,1.0,0,0.0,True,True,True,True,True
11,6,2,dense,random,0.8,544,544,1.0,0,0.0,True,True,True,True,True
12,6,2,dense,random,0.8,297,395,0.7518987341772152,98,0.2481012658227848,True,True,True,True,False
13,6,2,dense,random,0.8,368,457,0.8052516411378556,89,0.19474835886214442,True,True,True,True,False
14,6,2,dense,random,0.8,380,380,1.0,0,0.0,True,True,True,True,True
15,6,2,dense,random,0.8,372,400,0.93,28,0.07,True,True,True,True,False
16,6,2,dense,random,0.8,348,375,0.928,27,0.072,True,True,True,True,False
17,6,2,dense,random,0.8,385,385,1.0,0,0.0,True,True,True,True,True
18,6,2,dense,random,0.8,364,374,0.9732620320855615,10,0.026737967914438502,True,True,True,True,False
19,6,2,dense,random,0.8,252,252,1.0,0,0.0,True,True,True,True,True
20,6,2,dense,random,0.8,198,219,0.9041095890410958,21,0.0958904109589041,True,True,True,True,False
21,6,2,dense,random,0.8,432,453,0.9536423841059603,21,0.046357615894039736,True,True,True,True,False
22,6,2,dense,random,0.8,291,335,0.8686567164179104,44,0.13134328358208955,True,True,True,True,False
23,6,2,dense,random,0.8,228,311,0.7331189710610932,83,0.26688102893890675,True,True,True,True,False
24,6,2,dense,random,0.8,288,359,0.8022284122562674,71,0.1977715877437326,True,True,True,True,False
25,6,2,dense,random,0.8,410,443,0.9255079006772009,33,0.0744920993227991,True,True,True,True,False
26,6,2,dense,random,0.8,576,576,1.0,0,0.0,True,True,True,True,True
27,6,2,dense,random,0.8,440,440,1.0,0,0.0,True,True,True,True,True
28,6,2,dense,random,0.8,475,475,1.0,0,0.0,True,True,True,True,True
29,6,2,dense,random,0.8,340,340,1.0,0,0.0,True,True,True,True,True
30,6,2,dense,random,0.8,225,259,0.8687258687258688,34,0.13127413127413126,True,True,True,True,False
1,6,2,dense,correlated,0.3,8,8,1.0,0,0.0,True,True,True,True,True
2,6,2,dense,correlated,0.3,10,10,1.0,0,0.0,True,True,True,True,True
3,6,2,dense,correlated,0.3,8,11,0.7272727272727273,3,0.2727272727272727,True,True,True,True,False
4,6,2,dense,correlated,0.3,9,9,1.0,0,0.0,True,True,True,True,True
5,6,2,dense,correlated,0.3,21,21,1.0,0,0.0,True,True,True,True,True
6,6,2,dense,correlated,0.3,16,16,1.0,0,0.0,True,True,True,True,True
7,6,2,dense,correlated,0.3,9,9,1.0,0,0.0,True,True,True,True,True
8,6,2,dense,correlated,0.3,10,10,1.0,0,0.0,True,True,True,True,True
9,6,2,dense,correlated,0.3,12,14,0.8571428571428571,2,0.14285714285714285,True,True,True,True,False
10,6,2,dense,correlated,0.3,10,10,1.0,0,0.0,True,True,True,True,True
11,6,2,dense,correlated,0.3,6,6,1.0,0,0.0,True,True,True,True,True
12,6,2,dense,correlated,0.3,15,15,1.0,0,0.0,True,True,True,True,True
13,6,2,dense,correlated,0.3,7,8,0.875,1,0.125,True,True,True,True,False
14,6,2,dense,correlated,0.3,7,7,1.0,0,0.0,True,True,True,True,True
15,6,2,dense,correlated,0.3,9,9,1.0,0,0.0,True,True,True,True,True
16,6,2,dense,correlated,0.3,6,7,0.8571428571428571,1,0.14285714285714285,True,True,True,True,False
17,6,2,dense,correlated,0.3,10,13,0.7692307692307693,3,0.23076923076923078,True,True,True,True,False
18,6,2,dense,correlated,0.3,8,14,0.5714285714285714,6,0.42857142857142855,True,True,True,True,False
19,6,2,dense,correlated,0.3,8,11,0.7272727272727273,3,0.2727272727272727,True,True,True,True,False
20,6,2,dense,correlated,0.3,18,18,1.0,0,0.0,True,True,True,True,True
21,6,2,dense,correlated,0.3,11,11,1.0,0,0.0,True,True,True,True,True
22,6,2,dense,correlated,0.3,6,6,1.0,0,0.0,True,True,True,True,True
23,6,2,dense,correlated,0.3,9,10,0.9,1,0.1,True,True,True,True,False
24,6,2,dense,correlated,0.3,9,9,1.0,0,0.0,True,True,True,True,True
25,6,2,dense,correlated,0.3,7,8,0.875,1,0.125,True,True,True,True,False
26,6,2,dense,correlated,0.3,8,9,0.8888888888888888,1,0.1111111111111111,True,True,True,True,False
27,6,2,dense,correlated,0.3,16,16,1.0,0,0.0,True,True,True,True,True
28,6,2,dense,correlated,0.3,8,9,0.8888888888888888,1,0.1111111111111111,True,True,True,True,False
29,6,2,dense,correlated,0.3,9,9,1.0,0,0.0,True,True,True,True,True
30,6,2,dense,correlated,0.3,8,8,1.0,0,0.0,True,True,True,True,True
1,6,2,dense,correlated,0.8,24,30,0.8,6,0.2,True,True,True,True,False
2,6,2,dense,correlated,0.8,24,32,0.75,8,0.25,True,True,True,True,False
3,6,2,dense,correlated,0.8,28,30,0.9333333333333333,2,0.06666666666666667,True,True,True,True,False
4,6,2,dense,correlated,0.8,36,38,0.9473684210526315,2,0.05263157894736842,True,True,True,True,False
5,6,2,dense,correlated,0.8,56,56,1.0,0,0.0,True,True,True,True,True
6,6,2,dense,correlated,0.8,40,43,0.9302325581395349,3,0.06976744186046512,True,True,True,True,False
7,6,2,dense,correlated,0.8,27,27,1.0,0,0.0,True,True,True,True,True
8,6,2,dense,correlated,0.8,20,22,0.9090909090909091,2,0.09090909090909091,True,True,True,True,False
9,6,2,dense,correlated,0.8,40,48,0.8333333333333334,8,0.16666666666666666,True,True,True,True,False
10,6,2,dense,correlated,0.8,30,36,0.8333333333333334,6,0.16666666666666666,True,True,True,True,False
11,6,2,dense,correlated,0.8,16,16,1.0,0,0.0,True,True,True,True,True
12,6,2,dense,correlated,0.8,40,40,1.0,0,0.0,True,True,True,True,True
13,6,2,dense,correlated,0.8,28,28,1.0,0,0.0,True,True,True,True,True
14,6,2,dense,correlated,0.8,21,21,1.0,0,0.0,True,True,True,True,True
15,6,2,dense,correlated,0.8,27,30,0.9,3,0.1,True,True,True,True,False
16,6,2,dense,correlated,0.8,30,30,1.0,0,0.0,True,True,True,True,True
17,6,2,dense,correlated,0.8,35,38,0.9210526315789473,3,0.07894736842105263,True,True,True,True,False
18,6,2,dense,correlated,0.8,32,36,0.8888888888888888,4,0.1111111111111111,True,True,True,True,False
19,6,2,dense,correlated,0.8,24,29,0.8275862068965517,5,0.1724137931034483,True,True,True,True,False
20,6,2,dense,correlated,0.8,48,48,1.0,0,0.0,True,True,True,True,True
21,6,2,dense,correlated,0.8,40,41,0.975609756097561,1,0.024390243902439025,True,True,True,True,False
22,6,2,dense,correlated,0.8,16,16,1.0,0,0.0,True,True,True,True,True
23,6,2,dense,correlated,0.8,36,36,1.0,0,0.0,True,True,True,True,True
24,6,2,dense,correlated,0.8,27,29,0.9310344827586207,2,0.06896551724137931,True,True,True,True,False
25,6,2,dense,correlated,0.8,28,28,1.0,0,0.0,True,True,True,True,True
26,6,2,dense,correlated,0.8,40,40,1.0,0,0.0,True,True,True,True,True
27,6,2,dense,correlated,0.8,40,41,0.975609756097561,1,0.024390243902439025,True,True,True,True,False
28,6,2,dense,correlated,0.8,32,32,1.0,0,0.0,True,True,True,True,True
29,6,2,dense,correlated,0.8,27,30,0.9,3,0.1,True,True,True,True,False
30,6,2,dense,correlated,0.8,24,32,0.75,8,0.25,True,True,True,True,False
1,6,2,dense,anticorrelated,0.3,27,27,1.0,0,0.0,True,True,True,True,True
2,6,2,dense,anticorrelated,0.3,36,36,1.0,0,0.0,True,True,True,True,True
3,6,2,dense,anticorrelated,0.3,30,31,0.967741935483871,1,0.03225806451612903,True,True,True,True,False
4,6,2,dense,anticorrelated,0.3,17,17,1.0,0,0.0,True,True,True,True,True
5,6,2,dense,anticorrelated,0.3,57,57,1.0,0,0.0,True,True,True,True,True
6,6,2,dense,anticorrelated,0.3,36,36,1.0,0,0.0,True,True,True,True,True
7,6,2,dense,anticorrelated,0.3,14,20,0.7,6,0.3,True,True,True,True,False
8,6,2,dense,anticorrelated,0.3,15,15,1.0,0,0.0,True,True,True,True,True
9,6,2,dense,anticorrelated,0.3,32,34,0.9411764705882353,2,0.058823529411764705,True,True,True,True,False
10,6,2,dense,anticorrelated,0.3,16,16,1.0,0,0.0,True,True,True,True,True
11,6,2,dense,anticorrelated,0.3,42,42,1.0,0,0.0,True,True,True,True,True
12,6,2,dense,anticorrelated,0.3,51,51,1.0,0,0.0,True,True,True,True,True
13,6,2,dense,anticorrelated,0.3,22,24,0.9166666666666666,2,0.08333333333333333,True,True,True,True,False
14,6,2,dense,anticorrelated,0.3,36,36,1.0,0,0.0,True,True,True,True,True
15,6,2,dense,anticorrelated,0.3,28,28,1.0,0,0.0,True,True,True,True,True
16,6,2,dense,anticorrelated,0.3,15,25,0.6,10,0.4,True,True,True,True,False
17,6,2,dense,anticorrelated,0.3,30,31,0.967741935483871,1,0.03225806451612903,True,True,True,True,False
18,6,2,dense,anticorrelated,0.3,16,30,0.5333333333333333,14,0.4666666666666667,True,True,True,True,False
19,6,2,dense,anticorrelated,0.3,14,27,0.5185185185185185,13,0.48148148148148145,True,True,True,True,False
20,6,2,dense,anticorrelated,0.3,54,54,1.0,0,0.0,True,True,True,True,True
21,6,2,dense,anticorrelated,0.3,24,26,0.9230769230769231,2,0.07692307692307693,True,True,True,True,False
22,6,2,dense,anticorrelated,0.3,42,42,1.0,0,0.0,True,True,True,True,True
23,6,2,dense,anticorrelated,0.3,17,26,0.6538461538461539,9,0.34615384615384615,True,True,True,True,False
24,6,2,dense,anticorrelated,0.3,24,27,0.8888888888888888,3,0.1111111111111111,True,True,True,True,False
25,6,2,dense,anticorrelated,0.3,24,24,1.0,0,0.0,True,True,True,True,True
26,6,2,dense,anticorrelated,0.3,36,36,1.0,0,0.0,True,True,True,True,True
27,6,2,dense,anticorrelated,0.3,36,36,1.0,0,0.0,True,True,True,True,True
28,6,2,dense,anticorrelated,0.3,30,30,1.0,0,0.0,True,True,True,True,True
29,6,2,dense,anticorrelated,0.3,14,14,1.0,0,0.0,True,True,True,True,True
30,6,2,dense,anticorrelated,0.3,22,25,0.88,3,0.12,True,True,True,True,False
1,6,2,dense,anticorrelated,0.8,72,72,1.0,0,0.0,True,True,True,True,True
2,6,2,dense,anticorrelated,0.8,96,100,0.96,4,0.04,True,True,True,True,False
3,6,2,dense,anticorrelated,0.8,90,92,0.9782608695652174,2,0.021739130434782608,True,True,True,True,False
4,6,2,dense,anticorrelated,0.8,68,78,0.8717948717948718,10,0.1282051282051282,True,True,True,True,False
5,6,2,dense,anticorrelated,0.8,152,152,1.0,0,0.0,True,True,True,True,True
6,6,2,dense,anticorrelated,0.8,90,103,0.8737864077669902,13,0.1262135922330097,True,True,True,True,False
7,6,2,dense,anticorrelated,0.8,56,66,0.8484848484848485,10,0.15151515151515152,True,True,True,True,False
8,6,2,dense,anticorrelated,0.8,32,46,0.6956521739130435,14,0.30434782608695654,True,True,True,True,False
9,6,2,dense,anticorrelated,0.8,90,118,0.7627118644067796,28,0.23728813559322035,True,True,True,True,False
10,6,2,dense,anticorrelated,0.8,60,77,0.7792207792207793,17,0.22077922077922077,True,True,True,True,False
11,6,2,dense,anticorrelated,0.8,112,112,1.0,0,0.0,True,True,True,True,True
12,6,2,dense,anticorrelated,0.8,136,136,1.0,0,0.0,True,True,True,True,True
13,6,2,dense,anticorrelated,0.8,66,72,0.9166666666666666,6,0.08333333333333333,True,True,True,True,False
14,6,2,dense,anticorrelated,0.8,96,96,1.0,0,0.0,True,True,True,True,True
15,6,2,dense,anticorrelated,0.8,70,87,0.8045977011494253,17,0.19540229885057472,True,True,True,True,False
16,6,2,dense,anticorrelated,0.8,75,80,0.9375,5,0.0625,True,True,True,True,False
17,6,2,dense,anticorrelated,0.8,105,106,0.9905660377358491,1,0.009433962264150943,True,True,True,True,False
18,6,2,dense,anticorrelated,0.8,64,76,0.8421052631578947,12,0.15789473684210525,True,True,True,True,False
19,6,2,dense,anticorrelated,0.8,56,68,0.8235294117647058,12,0.17647058823529413,True,True,True,True,False
20,6,2,dense,anticorrelated,0.8,144,144,1.0,0,0.0,True,True,True,True,True
21,6,2,dense,anticorrelated,0.8,72,78,0.9230769230769231,6,0.07692307692307693,True,True,True,True,False
22,6,2,dense,anticorrelated,0.8,112,112,1.0,0,0.0,True,True,True,True,True
23,6,2,dense,anticorrelated,0.8,68,69,0.9855072463768116,1,0.014492753623188406,True,True,True,True,False
24,6,2,dense,anticorrelated,0.8,75,93,0.8064516129032258,18,0.1935483870967742,True,True,True,True,False
25,6,2,dense,anticorrelated,0.8,64,64,1.0,0,0.0,True,True,True,True,True
26,6,2,dense,anticorrelated,0.8,96,108,0.8888888888888888,12,0.1111111111111111,True,True,True,True,False
27,6,2,dense,anticorrelated,0.8,90,105,0.8571428571428571,15,0.14285714285714285,True,True,True,True,False
28,6,2,dense,anticorrelated,0.8,80,80,1.0,0,0.0,True,True,True,True,True
29,6,2,dense,anticorrelated,0.8,42,52,0.8076923076923077,10,0.19230769230769232,True,True,True,True,False
30,6,2,dense,anticorrelated,0.8,70,86,0.813953488372093,16,0.18604651162790697,True,True,True,True,False
1,6,2,sparse,random,0.3,0,0,1.0,0,0.0,True,True,True,True,True
2,6,2,sparse,random,0.3,49,60,0.8166666666666667,11,0.18333333333333332,True,True,True,True,False
3,6,2,sparse,random,0.3,52,80,0.65,28,0.35,True,True,True,True,False
4,6,2,sparse,random,0.3,77,77,1.0,0,0.0,True,True,True,True,True
5,6,2,sparse,random,0.3,81,81,1.0,0,0.0,True,True,True,True,True
6,6,2,sparse,random,0.3,68,68,1.0,0,0.0,True,True,True,True,True
7,6,2,sparse,random,0.3,86,172,0.5,86,0.5,True,True,True,True,False
8,6,2,sparse,random,0.3,24,24,1.0,0,0.0,True,True,True,True,True
9,6,2,sparse,random,0.3,20,20,1.0,0,0.0,True,True,True,True,True
10,6,2,sparse,random,0.3,85,139,0.6115107913669064,54,0.38848920863309355,True,True,True,True,False
11,6,2,sparse,random,0.3,70,70,1.0,0,0.0,True,True,True,True,True
12,6,2,sparse,random,0.3,82,82,1.0,0,0.0,True,True,True,True,True
13,6,2,sparse,random,0.3,88,134,0.6567164179104478,46,0.34328358208955223,True,True,True,True,False
14,6,2,sparse,random,0.3,90,150,0.6,60,0.4,True,True,True,True,False
15,6,2,sparse,random,0.3,0,0,1.0,0,0.0,True,True,True,True,True
16,6,2,sparse,random,0.3,174,174,1.0,0,0.0,True,True,True,True,True
17,6,2,sparse,random,0.3,97,97,1.0,0,0.0,True,True,True,True,True
18,6,2,sparse,random,0.3,72,72,1.0,0,0.0,True,True,True,True,True
19,6,2,sparse,random,0.3,57,57,1.0,0,0.0,True,True,True,True,True
20,6,2,sparse,random,0.3,50,50,1.0,0,0.0,True,True,True,True,True
21,6,2,sparse,random,0.3,34,34,1.0,0,0.0,True,True,True,True,True
22,6,2,sparse,random,0.3,73,73,1.0,0,0.0,True,True,True,True,True
23,6,2,sparse,random,0.3,88,88,1.0,0,0.0,True,True,True,True,True
24,6,2,sparse,random,0.3,94,94,1.0,0,0.0,True,True,True,True,True
25,6,2,sparse,random,0.3,126,224,0.5625,98,0.4375,True,True,True,True,False
26,6,2,sparse,random,0.3,89,89,1.0,0,0.0,True,True,True,True,True
27,6,2,sparse,random,0.3,61,61,1.0,0,0.0,True,True,True,True,True
28,6,2,sparse,random,0.3,76,76,1.0,0,0.0,True,True,True,True,True
29,6,2,sparse,random,0.3,34,34,1.0,0,0.0,True,True,True,True,True
30,6,2,sparse,random,0.3,95,95,1.0,0,0.0,True,True,True,True,True
1,6,2,sparse,random,0.8,98,98,1.0,0,0.0,True,True,True,True,True
2,6,2,sparse,random,0.8,98,139,0.7050359712230215,41,0.2949640287769784,True,True,True,True,False
3,6,2,sparse,random,0.8,156,212,0.7358490566037735,56,0.2641509433962264,True,True,True,True,False
4,6,2,sparse,random,0.8,308,358,0.8603351955307262,50,0.13966480446927373,True,True,True,True,False
5,6,2,sparse,random,0.8,324,406,0.7980295566502463,82,0.2019704433497537,True,True,True,True,False
6,6,2,sparse,random,0.8,136,192,0.7083333333333334,56,0.2916666666666667,True,True,True,True,False
7,6,2,sparse,random,0.8,301,473,0.6363636363636364,172,0.36363636363636365,True,True,True,True,False
8,6,2,sparse,random,0.8,138,206,0.6699029126213593,68,0.3300970873786408,True,True,True,True,False
9,6,2,sparse,random,0.8,170,233,0.7296137339055794,63,0.2703862660944206,True,True,True,True,False
10,6,2,sparse,random,0.8,85,139,0.6115107913669064,54,0.38848920863309355,True,True,True,True,False
11,6,2,sparse,random,0.8,280,376,0.7446808510638298,96,0.2553191489361702,True,True,True,True,False
12,6,2,sparse,random,0.8,220,228,0.9649122807017544,8,0.03508771929824561,True,True,True,True,False
13,6,2,sparse,random,0.8,352,536,0.6567164179104478,184,0.34328358208955223,True,True,True,True,False
14,6,2,sparse,random,0.8,225,405,0.5555555555555556,180,0.4444444444444444,True,True,True,True,False
15,6,2,sparse,random,0.8,66,66,1.0,0,0.0,True,True,True,True,True
16,6,2,sparse,random,0.8,609,609,1.0,0,0.0,True,True,True,True,True
17,6,2,sparse,random,0.8,388,388,1.0,0,0.0,True,True,True,True,True
18,6,2,sparse,random,0.8,288,352,0.8181818181818182,64,0.18181818181818182,True,True,True,True,False
19,6,2,sparse,random,0.8,171,206,0.8300970873786407,35,0.16990291262135923,True,True,True,True,False
20,6,2,sparse,random,0.8,100,147,0.6802721088435374,47,0.3197278911564626,True,True,True,True,False
21,6,2,sparse,random,0.8,120,186,0.6451612903225806,66,0.3548387096774194,True,True,True,True,False
22,6,2,sparse,random,0.8,146,174,0.8390804597701149,28,0.16091954022988506,True,True,True,True,False
23,6,2,sparse,random,0.8,176,182,0.967032967032967,6,0.03296703296703297,True,True,True,True,False
24,6,2,sparse,random,0.8,376,388,0.9690721649484536,12,0.030927835051546393,True,True,True,True,False
25,6,2,sparse,random,0.8,392,770,0.509090909090909,378,0.4909090909090909,True,True,True,True,False
26,6,2,sparse,random,0.8,356,356,1.0,0,0.0,True,True,True,True,True
27,6,2,sparse,random,0.8,122,196,0.6224489795918368,74,0.37755102040816324,True,True,True,True,False
28,6,2,sparse,random,0.8,228,267,0.8539325842696629,39,0.14606741573033707,True,True,True,True,False
29,6,2,sparse,random,0.8,152,220,0.6909090909090909,68,0.3090909090909091,True,True,True,True,False
30,6,2,sparse,random,0.8,224,258,0.8682170542635659,34,0.13178294573643412,True,True,True,True,False
1,6,2,sparse,correlated,0.3,0,0,1.0,0,0.0,True,True,True,True,True
2,6,2,sparse,correlated,0.3,2,3,0.6666666666666666,1,0.3333333333333333,True,True,True,True,False
3,6,2,sparse,correlated,0.3,3,4,0.75,1,0.25,True,True,True,True,False
4,6,2,sparse,correlated,0.3,5,5,1.0,0,0.0,True,True,True,True,True
5,6,2,sparse,correlated,0.3,8,8,1.0,0,0.0,True,True,True,True,True
6,6,2,sparse,correlated,0.3,5,5,1.0,0,0.0,True,True,True,True,True
7,6,2,sparse,correlated,0.3,6,8,0.75,2,0.25,True,True,True,True,False
8,6,2,sparse,correlated,0.3,1,1,1.0,0,0.0,True,True,True,True,True
9,6,2,sparse,correlated,0.3,1,1,1.0,0,0.0,True,True,True,True,True
10,6,2,sparse,correlated,0.3,7,8,0.875,1,0.125,True,True,True,True,False
11,6,2,sparse,correlated,0.3,4,4,1.0,0,0.0,True,True,True,True,True
12,6,2,sparse,correlated,0.3,8,8,1.0,0,0.0,True,True,True,True,True
13,6,2,sparse,correlated,0.3,6,7,0.8571428571428571,1,0.14285714285714285,True,True,True,True,False
14,6,2,sparse,correlated,0.3,2,4,0.5,2,0.5,True,True,True,True,False
15,6,2,sparse,correlated,0.3,0,0,1.0,0,0.0,True,True,True,True,True
16,6,2,sparse,correlated,0.3,12,12,1.0,0,0.0,True,True,True,True,True
17,6,2,sparse,correlated,0.3,3,3,1.0,0,0.0,True,True,True,True,True
18,6,2,sparse,correlated,0.3,4,4,1.0,0,0.0,True,True,True,True,True
19,6,2,sparse,correlated,0.3,2,2,1.0,0,0.0,True,True,True,True,True
20,6,2,sparse,correlated,0.3,10,10,1.0,0,0.0,True,True,True,True,True
21,6,2,sparse,correlated,0.3,3,3,1.0,0,0.0,True,True,True,True,True
22,6,2,sparse,correlated,0.3,6,6,1.0,0,0.0,True,True,True,True,True
23,6,2,sparse,correlated,0.3,12,24,0.5,12,0.5,True,True,True,True,False
24,6,2,sparse,correlated,0.3,9,10,0.9,1,0.1,True,True,True,True,False
25,6,2,sparse,correlated,0.3,4,5,0.8,1,0.2,True,True,True,True,False
26,6,2,sparse,correlated,0.3,7,7,1.0,0,0.0,True,True,True,True,True
27,6,2,sparse,correlated,0.3,3,3,1.0,0,0.0,True,True,True,True,True
28,6,2,sparse,correlated,0.3,8,8,1.0,0,0.0,True,True,True,True,True
29,6,2,sparse,correlated,0.3,1,2,0.5,1,0.5,True,True,True,True,False
30,6,2,sparse,correlated,0.3,9,9,1.0,0,0.0,True,True,True,True,True
1,6,2,sparse,correlated,0.8,4,4,1.0,0,0.0,True,True,True,True,True
2,6,2,sparse,correlated,0.8,6,8,0.75,2,0.25,True,True,True,True,False
3,6,2,sparse,correlated,0.8,9,12,0.75,3,0.25,True,True,True,True,False
4,6,2,sparse,correlated,0.8,20,24,0.8333333333333334,4,0.16666666666666666,True,True,True,True,False
5,6,2,sparse,correlated,0.8,28,37,0.7567567567567568,9,0.24324324324324326,True,True,True,True,False
6,6,2,sparse,correlated,0.8,10,15,0.6666666666666666,5,0.3333333333333333,True,True,True,True,False
7,6,2,sparse,correlated,0.8,12,19,0.631578947368421,7,0.3684210526315789,True,True,True,True,False
8,6,2,sparse,correlated,0.8,12,14,0.8571428571428571,2,0.14285714285714285,True,True,True,True,False
9,6,2,sparse,correlated,0.8,14,17,0.8235294117647058,3,0.17647058823529413,True,True,True,True,False
10,6,2,sparse,correlated,0.8,12,19,0.631578947368421,7,0.3684210526315789,True,True,True,True,False
11,6,2,sparse,correlated,0.8,16,20,0.8,4,0.2,True,True,True,True,False
12,6,2,sparse,correlated,0.8,24,24,1.0,0,0.0,True,True,True,True,True
13,6,2,sparse,correlated,0.8,24,28,0.8571428571428571,4,0.14285714285714285,True,True,True,True,False
14,6,2,sparse,correlated,0.8,10,15,0.6666666666666666,5,0.3333333333333333,True,True,True,True,False
15,6,2,sparse,correlated,0.8,2,2,1.0,0,0.0,True,True,True,True,True
16,6,2,sparse,correlated,0.8,42,42,1.0,0,0.0,True,True,True,True,True
17,6,2,sparse,correlated,0.8,6,8,0.75,2,0.25,True,True,True,True,False
18,6,2,sparse,correlated,0.8,16,26,0.6153846153846154,10,0.38461538461538464,True,True,True,True,False
19,6,2,sparse,correlated,0.8,8,10,0.8,2,0.2,True,True,True,True,False
20,6,2,sparse,correlated,0.8,30,30,1.0,0,0.0,True,True,True,True,True
21,6,2,sparse,correlated,0.8,8,14,0.5714285714285714,6,0.42857142857142855,True,True,True,True,False
22,6,2,sparse,correlated,0.8,12,12,1.0,0,0.0,True,True,True,True,True
23,6,2,sparse,correlated,0.8,36,66,0.5454545454545454,30,0.45454545454545453,True,True,True,True,False
24,6,2,sparse,correlated,0.8,24,40,0.6,16,0.4,True,True,True,True,False
25,6,2,sparse,correlated,0.8,12,16,0.75,4,0.25,True,True,True,True,False
26,6,2,sparse,correlated,0.8,20,27,0.7407407407407407,7,0.25925925925925924,True,True,True,True,False
27,6,2,sparse,correlated,0.8,12,17,0.7058823529411765,5,0.29411764705882354,True,True,True,True,False
28,6,2,sparse,correlated,0.8,32,32,1.0,0,0.0,True,True,True,True,True
29,6,2,sparse,correlated,0.8,4,6,0.6666666666666666,2,0.3333333333333333,True,True,True,True,False
30,6,2,sparse,correlated,0.8,18,19,0.9473684210526315,1,0.05263157894736842,True,True,True,True,False
1,6,2,sparse,anticorrelated,0.3,0,0,1.0,0,0.0,True,True,True,True,True
2,6,2,sparse,anticorrelated,0.3,14,22,0.6363636363636364,8,0.36363636363636365,True,True,True,True,False
3,6,2,sparse,anticorrelated,0.3,14,24,0.5833333333333334,10,0.4166666666666667,True,True,True,True,False
4,6,2,sparse,anticorrelated,0.3,18,18,1.0,0,0.0,True,True,True,True,True
5,6,2,sparse,anticorrelated,0.3,17,17,1.0,0,0.0,True,True,True,True,True
6,6,2,sparse,anticorrelated,0.3,14,14,1.0,0,0.0,True,True,True,True,True
7,6,2,sparse,anticorrelated,0.3,26,44,0.5909090909090909,18,0.4090909090909091,True,True,True,True,False
8,6,2,sparse,anticorrelated,0.3,10,10,1.0,0,0.0,True,True,True,True,True
9,6,2,sparse,anticorrelated,0.3,10,10,1.0,0,0.0,True,True,True,True,True
10,6,2,sparse,anticorrelated,0.3,16,24,0.6666666666666666,8,0.3333333333333333,True,True,True,True,False
11,6,2,sparse,anticorrelated,0.3,16,16,1.0,0,0.0,True,True,True,True,True
12,6,2,sparse,anticorrelated,0.3,16,16,1.0,0,0.0,True,True,True,True,True
13,6,2,sparse,anticorrelated,0.3,17,29,0.5862068965517241,12,0.41379310344827586,True,True,True,True,False
14,6,2,sparse,anticorrelated,0.3,28,52,0.5384615384615384,24,0.46153846153846156,True,True,True,True,False
15,6,2,sparse,anticorrelated,0.3,0,0,1.0,0,0.0,True,True,True,True,True
16,6,2,sparse,anticorrelated,0.3,40,40,1.0,0,0.0,True,True,True,True,True
17,6,2,sparse,anticorrelated,0.3,13,13,1.0,0,0.0,True,True,True,True,True
18,6,2,sparse,anticorrelated,0.3,18,18,1.0,0,0.0,True,True,True,True,True
19,6,2,sparse,anticorrelated,0.3,13,13,1.0,0,0.0,True,True,True,True,True
20,6,2,sparse,anticorrelated,0.3,32,32,1.0,0,0.0,True,True,True,True,True
21,6,2,sparse,anticorrelated,0.3,12,12,1.0,0,0.0,True,True,True,True,True
22,6,2,sparse,anticorrelated,0.3,15,15,1.0,0,0.0,True,True,True,True,True
23,6,2,sparse,anticorrelated,0.3,51,89,0.5730337078651685,38,0.42696629213483145,True,True,True,True,False
24,6,2,sparse,anticorrelated,0.3,17,32,0.53125,15,0.46875,True,True,True,True,False
25,6,2,sparse,anticorrelated,0.3,26,39,0.6666666666666666,13,0.3333333333333333,True,True,True,True,False
26,6,2,sparse,anticorrelated,0.3,14,14,1.0,0,0.0,True,True,True,True,True
27,6,2,sparse,anticorrelated,0.3,14,14,1.0,0,0.0,True,True,True,True,True
28,6,2,sparse,anticorrelated,0.3,16,16,1.0,0,0.0,True,True,True,True,True
29,6,2,sparse,anticorrelated,0.3,13,24,0.5416666666666666,11,0.4583333333333333,True,True,True,True,False
30,6,2,sparse,anticorrelated,0.3,17,17,1.0,0,0.0,True,True,True,True,True
1,6,2,sparse,anticorrelated,0.8,10,10,1.0,0,0.0,True,True,True,True,True
2,6,2,sparse,anticorrelated,0.8,42,59,0.711864406779661,17,0.288135593220339,True,True,True,True,False
3,6,2,sparse,anticorrelated,0.8,42,62,0.6774193548387096,20,0.3225806451612903,True,True,True,True,False
4,6,2,sparse,anticorrelated,0.8,72,85,0.8470588235294118,13,0.15294117647058825,True,True,True,True,False
5,6,2,sparse,anticorrelated,0.8,68,83,0.8192771084337349,15,0.18072289156626506,True,True,True,True,False
6,6,2,sparse,anticorrelated,0.8,32,45,0.7111111111111111,13,0.28888888888888886,True,True,True,True,False
7,6,2,sparse,anticorrelated,0.8,91,127,0.7165354330708661,36,0.28346456692913385,True,True,True,True,False
8,6,2,sparse,anticorrelated,0.8,40,66,0.6060606060606061,26,0.3939393939393939,True,True,True,True,False
9,6,2,sparse,anticorrelated,0.8,32,62,0.5161290322580645,30,0.4838709677419355,True,True,True,True,False
10,6,2,sparse,anticorrelated,0.8,40,48,0.8333333333333334,8,0.16666666666666666,True,True,True,True,False
11,6,2,sparse,anticorrelated,0.8,64,88,0.7272727272727273,24,0.2727272727272727,True,True,True,True,False
12,6,2,sparse,anticorrelated,0.8,52,61,0.8524590163934426,9,0.14754098360655737,True,True,True,True,False
13,6,2,sparse,anticorrelated,0.8,68,116,0.5862068965517241,48,0.41379310344827586,True,True,True,True,False
14,6,2,sparse,anticorrelated,0.8,72,142,0.5070422535211268,70,0.49295774647887325,True,True,True,True,False
15,6,2,sparse,anticorrelated,0.8,20,20,1.0,0,0.0,True,True,True,True,True
16,6,2,sparse,anticorrelated,0.8,140,140,1.0,0,0.0,True,True,True,True,True
17,6,2,sparse,anticorrelated,0.8,48,48,1.0,0,0.0,True,True,True,True,True
18,6,2,sparse,anticorrelated,0.8,72,102,0.7058823529411765,30,0.29411764705882354,True,True,True,True,False
19,6,2,sparse,anticorrelated,0.8,52,52,1.0,0,0.0,True,True,True,True,True
20,6,2,sparse,anticorrelated,0.8,96,96,1.0,0,0.0,True,True,True,True,True
21,6,2,sparse,anticorrelated,0.8,26,50,0.52,24,0.48,True,True,True,True,False
22,6,2,sparse,anticorrelated,0.8,30,31,0.967741935483871,1,0.03225806451612903,True,True,True,True,False
23,6,2,sparse,anticorrelated,0.8,153,248,0.6169354838709677,95,0.38306451612903225,True,True,True,True,False
24,6,2,sparse,anticorrelated,0.8,68,113,0.6017699115044248,45,0.39823008849557523,True,True,True,True,False
25,6,2,sparse,anticorrelated,0.8,91,117,0.7777777777777778,26,0.2222222222222222,True,True,True,True,False
26,6,2,sparse,anticorrelated,0.8,56,70,0.8,14,0.2,True,True,True,True,False
27,6,2,sparse,anticorrelated,0.8,56,68,0.8235294117647058,12,0.17647058823529413,True,True,True,True,False
28,6,2,sparse,anticorrelated,0.8,64,64,1.0,0,0.0,True,True,True,True,True
29,6,2,sparse,anticorrelated,0.8,44,70,0.6285714285714286,26,0.37142857142857144,True,True,True,True,False
30,6,2,sparse,anticorrelated,0.8,36,43,0.8372093023255814,7,0.16279069767441862,True,True,True,True,False
1,6,3,dense,random,0.3,84,84,1.0,0,0.0,True,True,True,True,True
2,6,3,dense,random,0.3,98,98,1.0,0,0.0,True,True,True,True,True
3,6,3,dense,random,0.3,91,91,1.0,0,0.0,True,True,True,True,True
4,6,3,dense,random,0.3,94,94,1.0,0,0.0,True,True,True,True,True
5,6,3,dense,random,0.3,92,92,1.0,0,0.0,True,True,True,True,True
6,6,3,dense,random,0.3,97,97,1.0,0,0.0,True,True,True,True,True
7,6,3,dense,random,0.3,176,185,0.9513513513513514,9,0.04864864864864865,True,True,True,True,False
8,6,3,dense,random,0.3,98,98,1.0,0,0.0,True,True,True,True,True
9,6,3,dense,random,0.3,99,99,1.0,0,0.0,True,True,True,True,True
10,6,3,dense,random,0.3,84,84,1.0,0,0.0,True,True,True,True,True
11,6,3,dense,random,0.3,72,72,1.0,0,0.0,True,True,True,True,True
12,6,3,dense,random,0.3,94,94,1.0,0,0.0,True,True,True,True,True
13,6,3,dense,random,0.3,142,142,1.0,0,0.0,True,True,True,True,True
14,6,3,dense,random,0.3,94,94,1.0,0,0.0,True,True,True,True,True
15,6,3,dense,random,0.3,66,66,1.0,0,0.0,True,True,True,True,True
16,6,3,dense,random,0.3,92,92,1.0,0,0.0,True,True,True,True,True
17,6,3,dense,random,0.3,135,135,1.0,0,0.0,True,True,True,True,True
18,6,3,dense,random,0.3,96,96,1.0,0,0.0,True,True,True,True,True
19,6,3,dense,random,0.3,99,116,0.853448275862069,17,0.14655172413793102,True,True,True,True,False
20,6,3,dense,random,0.3,56,56,1.0,0,0.0,True,True,True,True,True
21,6,3,dense,random,0.3,95,127,0.7480314960629921,32,0.25196850393700787,True,True,True,True,False
22,6,3,dense,random,0.3,72,79,0.9113924050632911,7,0.08860759493670886,True,True,True,True,False
23,6,3,dense,random,0.3,78,78,1.0,0,0.0,True,True,True,True,True
24,6,3,dense,random,0.3,86,86,1.0,0,0.0,True,True,True,True,True
25,6,3,dense,random,0.3,79,79,1.0,0,0.0,True,True,True,True,True
26,6,3,dense,random,0.3,85,85,1.0,0,0.0,True,True,True,True,True
27,6,3,dense,random,0.3,92,92,1.0,0,0.0,True,True,True,True,True
28,6,3,dense,random,0.3,86,86,1.0,0,0.0,True,True,True,True,True
29,6,3,dense,random,0.3,92,92,1.0,0,0.0,True,True,True,True,True
30,6,3,dense,random,0.3,70,70,1.0,0,0.0,True,True,True,True,True
1,6,3,dense,random,0.8,234,249,0.9397590361445783,15,0.060240963855421686,True,True,True,True,False
2,6,3,dense,random,0.8,196,294,0.6666666666666666,98,0.3333333333333333,True,True,True,True,False
3,6,3,dense,random,0.8,364,364,1.0,0,0.0,True,True,True,True,True
4,6,3,dense,random,0.8,328,364,0.9010989010989011,36,0.0989010989010989,True,True,True,True,False
5,6,3,dense,random,0.8,276,349,0.7908309455587392,73,0.20916905444126074,True,True,True,True,False
6,6,3,dense,random,0.8,388,388,1.0,0,0.0,True,True,True,True,True
7,6,3,dense,random,0.8,485,643,0.7542768273716952,158,0.24572317262830481,True,True,True,True,False
8,6,3,dense,random,0.8,294,359,0.8189415041782729,65,0.181058495821727,True,True,True,True,False
9,6,3,dense,random,0.8,297,365,0.8136986301369863,68,0.1863013698630137,True,True,True,True,False
10,6,3,dense,random,0.8,252,334,0.7544910179640718,82,0.24550898203592814,True,True,True,True,False
11,6,3,dense,random,0.8,252,260,0.9692307692307692,8,0.03076923076923077,True,True,True,True,False
12,6,3,dense,random,0.8,261,358,0.729050279329609,97,0.2709497206703911,True,True,True,True,False
13,6,3,dense,random,0.8,497,497,1.0,0,0.0,True,True,True,True,True
14,6,3,dense,random,0.8,376,462,0.8138528138528138,86,0.18614718614718614,True,True,True,True,False
15,6,3,dense,random,0.8,198,219,0.9041095890410958,21,0.0958904109589041,True,True,True,True,False
16,6,3,dense,random,0.8,368,368,1.0,0,0.0,True,True,True,True,True
17,6,3,dense,random,0.8,360,360,1.0,0,0.0,True,True,True,True,True
18,6,3,dense,random,0.8,288,334,0.8622754491017964,46,0.1377245508982036,True,True,True,True,False
19,6,3,dense,random,0.8,328,328,1.0,0,0.0,True,True,True,True,True
20,6,3,dense,random,0.8,120,169,0.7100591715976331,49,0.28994082840236685,True,True,True,True,False
21,6,3,dense,random,0.8,380,380,1.0,0,0.0,True,True,True,True,True
22,6,3,dense,random,0.8,252,259,0.972972972972973,7,0.02702702702702703,True,True,True,True,False
23,6,3,dense,random,0.8,264,278,0.9496402877697842,14,0.050359712230215826,True,True,True,True,False
24,6,3,dense,random,0.8,320,326,0.9815950920245399,6,0.018404907975460124,True,True,True,True,False
25,6,3,dense,random,0.8,395,395,1.0,0,0.0,True,True,True,True,True
26,6,3,dense,random,0.8,330,365,0.9041095890410958,35,0.0958904109589041,True,True,True,True,False
27,6,3,dense,random,0.8,368,368,1.0,0,0.0,True,True,True,True,True
28,6,3,dense,random,0.8,240,334,0.718562874251497,94,0.281437125748503,True,True,True,True,False
29,6,3,dense,random,0.8,460,460,1.0,0,0.0,True,True,True,True,True
30,6,3,dense,random,0.8,240,310,0.7741935483870968,70,0.22580645161290322,True,True,True,True,False
1,6,3,dense,correlated,0.3,10,10,1.0,0,0.0,True,True,True,True,True
2,6,3,dense,correlated,0.3,8,8,1.0,0,0.0,True,True,True,True,True
3,6,3,dense,correlated,0.3,12,12,1.0,0,0.0,True,True,True,True,True
4,6,3,dense,correlated,0.3,11,11,1.0,0,0.0,True,True,True,True,True
5,6,3,dense,correlated,0.3,11,11,1.0,0,0.0,True,True,True,True,True
6,6,3,dense,correlated,0.3,13,13,1.0,0,0.0,True,True,True,True,True
7,6,3,dense,correlated,0.3,14,14,1.0,0,0.0,True,True,True,True,True
8,6,3,dense,correlated,0.3,11,11,1.0,0,0.0,True,True,True,True,True
9,6,3,dense,correlated,0.3,12,12,1.0,0,0.0,True,True,True,True,True
10,6,3,dense,correlated,0.3,11,11,1.0,0,0.0,True,True,True,True,True
11,6,3,dense,correlated,0.3,10,10,1.0,0,0.0,True,True,True,True,True
12,6,3,dense,correlated,0.3,7,7,1.0,0,0.0,True,True,True,True,True
13,6,3,dense,correlated,0.3,7,7,1.0,0,0.0,True,True,True,True,True
14,6,3,dense,correlated,0.3,10,10,1.0,0,0.0,True,True,True,True,True
15,6,3,dense,correlated,0.3,9,9,1.0,0,0.0,True,True,True,True,True
16,6,3,dense,correlated,0.3,10,10,1.0,0,0.0,True,True,True,True,True
17,6,3,dense,correlated,0.3,24,24,1.0,0,0.0,True,True,True,True,True
18,6,3,dense,correlated,0.3,11,11,1.0,0,0.0,True,True,True,True,True
19,6,3,dense,correlated,0.3,9,9,1.0,0,0.0,True,True,True,True,True
20,6,3,dense,correlated,0.3,10,10,1.0,0,0.0,True,True,True,True,True
21,6,3,dense,correlated,0.3,8,8,1.0,0,0.0,True,True,True,True,True
22,6,3,dense,correlated,0.3,12,12,1.0,0,0.0,True,True,True,True,True
23,6,3,dense,correlated,0.3,12,12,1.0,0,0.0,True,True,True,True,True
24,6,3,dense,correlated,0.3,14,14,1.0,0,0.0,True,True,True,True,True
25,6,3,dense,correlated,0.3,13,13,1.0,0,0.0,True,True,True,True,True
26,6,3,dense,correlated,0.3,11,11,1.0,0,0.0,True,True,True,True,True
27,6,3,dense,correlated,0.3,10,10,1.0,0,0.0,True,True,True,True,True
28,6,3,dense,correlated,0.3,12,12,1.0,0,0.0,True,True,True,True,True
29,6,3,dense,correlated,0.3,8,8,1.0,0,0.0,True,True,True,True,True
30,6,3,dense,correlated,0.3,10,10,1.0,0,0.0,True,True,True,True,True
1,6,3,dense,correlated,0.8,30,30,1.0,0,0.0,True,True,True,True,True
2,6,3,dense,correlated,0.8,32,32,1.0,0,0.0,True,True,True,True,True
3,6,3,dense,correlated,0.8,36,36,1.0,0,0.0,True,True,True,True,True
4,6,3,dense,correlated,0.8,40,40,1.0,0,0.0,True,True,True,True,True
5,6,3,dense,correlated,0.8,33,52,0.6346153846153846,19,0.36538461538461536,True,True,True,True,False
6,6,3,dense,correlated,0.8,30,36,0.8333333333333334,6,0.16666666666666666,True,True,True,True,False
7,6,3,dense,correlated,0.8,42,42,1.0,0,0.0,True,True,True,True,True
8,6,3,dense,correlated,0.8,33,41,0.8048780487804879,8,0.1951219512195122,True,True,True,True,False
9,6,3,dense,correlated,0.8,42,42,1.0,0,0.0,True,True,True,True,True
10,6,3,dense,correlated,0.8,33,39,0.8461538461538461,6,0.15384615384615385,True,True,True,True,False
11,6,3,dense,correlated,0.8,32,35,0.9142857142857143,3,0.08571428571428572,True,True,True,True,False
12,6,3,dense,correlated,0.8,24,26,0.9230769230769231,2,0.07692307692307693,True,True,True,True,False
13,6,3,dense,correlated,0.8,28,28,1.0,0,0.0,True,True,True,True,True
14,6,3,dense,correlated,0.8,32,40,0.8,8,0.2,True,True,True,True,False
15,6,3,dense,correlated,0.8,40,42,0.9523809523809523,2,0.047619047619047616,True,True,True,True,False
16,6,3,dense,correlated,0.8,32,35,0.9142857142857143,3,0.08571428571428572,True,True,True,True,False
17,6,3,dense,correlated,0.8,64,66,0.9696969696969697,2,0.030303030303030304,True,True,True,True,False
18,6,3,dense,correlated,0.8,33,39,0.8461538461538461,6,0.15384615384615385,True,True,True,True,False
19,6,3,dense,correlated,0.8,36,36,1.0,0,0.0,True,True,True,True,True
20,6,3,dense,correlated,0.8,30,31,0.967741935483871,1,0.03225806451612903,True,True,True,True,False
21,6,3,dense,correlated,0.8,24,26,0.9230769230769231,2,0.07692307692307693,True,True,True,True,False
22,6,3,dense,correlated,0.8,40,42,0.9523809523809523,2,0.047619047619047616,True,True,True,True,False
23,6,3,dense,correlated,0.8,48,48,1.0,0,0.0,True,True,True,True,True
24,6,3,dense,correlated,0.8,42,45,0.9333333333333333,3,0.06666666666666667,True,True,True,True,False
25,6,3,dense,correlated,0.8,39,40,0.975,1,0.025,True,True,True,True,False
26,6,3,dense,correlated,0.8,33,43,0.7674418604651163,10,0.23255813953488372,True,True,True,True,False
27,6,3,dense,correlated,0.8,24,38,0.631578947368421,14,0.3684210526315789,True,True,True,True,False
28,6,3,dense,correlated,0.8,36,42,0.8571428571428571,6,0.14285714285714285,True,True,True,True,False
29,6,3,dense,correlated,0.8,24,32,0.75,8,0.25,True,True,True,True,False
30,6,3,dense,correlated,0.8,36,37,0.972972972972973,1,0.02702702702702703,True,True,True,True,False
1,6,3,dense,anticorrelated,0.3,36,36,1.0,0,0.0,True,True,True,True,True
2,6,3,dense,anticorrelated,0.3,13,13,1.0,0,0.0,True,True,True,True,True
3,6,3,dense,anticorrelated,0.3,16,16,1.0,0,0.0,True,True,True,True,True
4,6,3,dense,anticorrelated,0.3,19,31,0.6129032258064516,12,0.3870967741935484,True,True,True,True,False
5,6,3,dense,anticorrelated,0.3,17,17,1.0,0,0.0,True,True,True,True,True
6,6,3,dense,anticorrelated,0.3,15,15,1.0,0,0.0,True,True,True,True,True
7,6,3,dense,anticorrelated,0.3,28,28,1.0,0,0.0,True,True,True,True,True
8,6,3,dense,anticorrelated,0.3,14,14,1.0,0,0.0,True,True,True,True,True
9,6,3,dense,anticorrelated,0.3,34,34,1.0,0,0.0,True,True,True,True,True
10,6,3,dense,anticorrelated,0.3,22,22,1.0,0,0.0,True,True,True,True,True
11,6,3,dense,anticorrelated,0.3,22,28,0.7857142857142857,6,0.21428571428571427,True,True,True,True,False
12,6,3,dense,anticorrelated,0.3,13,13,1.0,0,0.0,True,True,True,True,True
13,6,3,dense,anticorrelated,0.3,13,13,1.0,0,0.0,True,True,True,True,True
14,6,3,dense,anticorrelated,0.3,15,15,1.0,0,0.0,True,True,True,True,True
15,6,3,dense,anticorrelated,0.3,28,33,0.8484848484848485,5,0.15151515151515152,True,True,True,True,False
16,6,3,dense,anticorrelated,0.3,15,27,0.5555555555555556,12,0.4444444444444444,True,True,True,True,False
17,6,3,dense,anticorrelated,0.3,60,60,1.0,0,0.0,True,True,True,True,True
18,6,3,dense,anticorrelated,0.3,16,26,0.6153846153846154,10,0.38461538461538464,True,True,True,True,False
19,6,3,dense,anticorrelated,0.3,15,15,1.0,0,0.0,True,True,True,True,True
20,6,3,dense,anticorrelated,0.3,26,26,1.0,0,0.0,True,True,True,True,True
21,6,3,dense,anticorrelated,0.3,26,26,1.0,0,0.0,True,True,True,True,True
22,6,3,dense,anticorrelated,0.3,16,16,1.0,0,0.0,True,True,True,True,True
23,6,3,dense,anticorrelated,0.3,17,17,1.0,0,0.0,True,True,True,True,True
24,6,3,dense,anticorrelated,0.3,24,29,0.8275862068965517,5,0.1724137931034483,True,True,True,True,False
25,6,3,dense,anticorrelated,0.3,15,15,1.0,0,0.0,True,True,True,True,True
26,6,3,dense,anticorrelated,0.3,30,30,1.0,0,0.0,True,True,True,True,True
27,6,3,dense,anticorrelated,0.3,17,17,1.0,0,0.0,True,True,True,True,True
28,6,3,dense,anticorrelated,0.3,16,16,1.0,0,0.0,True,True,True,True,True
29,6,3,dense,anticorrelated,0.3,17,17,1.0,0,0.0,True,True,True,True,True
30,6,3,dense,anticorrelated,0.3,16,16,1.0,0,0.0,True,True,True,True,True
1,6,3,dense,anticorrelated,0.8,96,96,1.0,0,0.0,True,True,True,True,True
2,6,3,dense,anticorrelated,0.8,48,48,1.0,0,0.0,True,True,True,True,True
3,6,3,dense,anticorrelated,0.8,48,54,0.8888888888888888,6,0.1111111111111111,True,True,True,True,False
4,6,3,dense,anticorrelated,0.8,76,84,0.9047619047619048,8,0.09523809523809523,True,True,True,True,False
5,6,3,dense,anticorrelated,0.8,51,83,0.6144578313253012,32,0.3855421686746988,True,True,True,True,False
6,6,3,dense,anticorrelated,0.8,40,50,0.8,10,0.2,True,True,True,True,False
7,6,3,dense,anticorrelated,0.8,84,84,1.0,0,0.0,True,True,True,True,True
8,6,3,dense,anticorrelated,0.8,44,56,0.7857142857142857,12,0.21428571428571427,True,True,True,True,False
9,6,3,dense,anticorrelated,0.8,119,119,1.0,0,0.0,True,True,True,True,True
10,6,3,dense,anticorrelated,0.8,66,66,1.0,0,0.0,True,True,True,True,True
11,6,3,dense,anticorrelated,0.8,68,79,0.8607594936708861,11,0.13924050632911392,True,True,True,True,False
12,6,3,dense,anticorrelated,0.8,55,61,0.9016393442622951,6,0.09836065573770492,True,True,True,True,False
13,6,3,dense,anticorrelated,0.8,52,61,0.8524590163934426,9,0.14754098360655737,True,True,True,True,False
14,6,3,dense,anticorrelated,0.8,60,69,0.8695652173913043,9,0.13043478260869565,True,True,True,True,False
15,6,3,dense,anticorrelated,0.8,95,108,0.8796296296296297,13,0.12037037037037036,True,True,True,True,False
16,6,3,dense,anticorrelated,0.8,70,83,0.8433734939759037,13,0.1566265060240964,True,True,True,True,False
17,6,3,dense,anticorrelated,0.8,160,160,1.0,0,0.0,True,True,True,True,True
18,6,3,dense,anticorrelated,0.8,60,72,0.8333333333333334,12,0.16666666666666666,True,True,True,True,False
19,6,3,dense,anticorrelated,0.8,60,61,0.9836065573770492,1,0.01639344262295082,True,True,True,True,False
20,6,3,dense,anticorrelated,0.8,91,91,1.0,0,0.0,True,True,True,True,True
21,6,3,dense,anticorrelated,0.8,78,78,1.0,0,0.0,True,True,True,True,True
22,6,3,dense,anticorrelated,0.8,64,76,0.8421052631578947,12,0.15789473684210525,True,True,True,True,False
23,6,3,dense,anticorrelated,0.8,68,72,0.9444444444444444,4,0.05555555555555555,True,True,True,True,False
24,6,3,dense,anticorrelated,0.8,60,75,0.8,15,0.2,True,True,True,True,False
25,6,3,dense,anticorrelated,0.8,60,71,0.8450704225352113,11,0.15492957746478872,True,True,True,True,False
26,6,3,dense,anticorrelated,0.8,105,105,1.0,0,0.0,True,True,True,True,True
27,6,3,dense,anticorrelated,0.8,45,77,0.5844155844155844,32,0.4155844155844156,True,True,True,True,False
28,6,3,dense,anticorrelated,0.8,55,61,0.9016393442622951,6,0.09836065573770492,True,True,True,True,False
29,6,3,dense,anticorrelated,0.8,68,85,0.8,17,0.2,True,True,True,True,False
30,6,3,dense,anticorrelated,0.8,52,55,0.9454545454545454,3,0.05454545454545454,True,True,True,True,False
1,6,3,sparse,random,0.3,45,45,1.0,0,0.0,True,True,True,True,True
2,6,3,sparse,random,0.3,82,154,0.5324675324675324,72,0.4675324675324675,True,True,True,True,False
3,6,3,sparse,random,0.3,77,77,1.0,0,0.0,True,True,True,True,True
4,6,3,sparse,random,0.3,73,73,1.0,0,0.0,True,True,True,True,True
5,6,3,sparse,random,0.3,66,76,0.868421052631579,10,0.13157894736842105,True,True,True,True,False
6,6,3,sparse,random,0.3,291,291,1.0,0,0.0,True,True,True,True,True
7,6,3,sparse,random,0.3,75,139,0.539568345323741,64,0.460431654676259,True,True,True,True,False
8,6,3,sparse,random,0.3,84,84,1.0,0,0.0,True,True,True,True,True
9,6,3,sparse,random,0.3,75,92,0.8152173913043478,17,0.18478260869565216,True,True,True,True,False
10,6,3,sparse,random,0.3,85,114,0.7456140350877193,29,0.2543859649122807,True,True,True,True,False
11,6,3,sparse,random,0.3,86,129,0.6666666666666666,43,0.3333333333333333,True,True,True,True,False
12,6,3,sparse,random,0.3,31,31,1.0,0,0.0,True,True,True,True,True
13,6,3,sparse,random,0.3,195,250,0.78,55,0.22,True,True,True,True,False
14,6,3,sparse,random,0.3,46,46,1.0,0,0.0,True,True,True,True,True
15,6,3,sparse,random,0.3,97,130,0.7461538461538462,33,0.25384615384615383,True,True,True,True,False
16,6,3,sparse,random,0.3,92,102,0.9019607843137255,10,0.09803921568627451,True,True,True,True,False
17,6,3,sparse,random,0.3,97,97,1.0,0,0.0,True,True,True,True,True
18,6,3,sparse,random,0.3,96,182,0.5274725274725275,86,0.4725274725274725,True,True,True,True,False
19,6,3,sparse,random,0.3,74,74,1.0,0,0.0,True,True,True,True,True
20,6,3,sparse,random,0.3,46,111,0.4144144144144144,65,0.5855855855855856,True,True,True,True,False
21,6,3,sparse,random,0.3,104,168,0.6190476190476191,64,0.38095238095238093,True,True,True,True,False
22,6,3,sparse,random,0.3,64,64,1.0,0,0.0,True,True,True,True,True
23,6,3,sparse,random,0.3,20,20,1.0,0,0.0,True,True,True,True,True
24,6,3,sparse,random,0.3,0,0,1.0,0,0.0,True,True,True,True,True
25,6,3,sparse,random,0.3,81,81,1.0,0,0.0,True,True,True,True,True
26,6,3,sparse,random,0.3,33,33,1.0,0,0.0,True,True,True,True,True
27,6,3,sparse,random,0.3,100,100,1.0,0,0.0,True,True,True,True,True
28,6,3,sparse,random,0.3,97,97,1.0,0,0.0,True,True,True,True,True
29,6,3,sparse,random,0.3,18,18,1.0,0,0.0,True,True,True,True,True
30,6,3,sparse,random,0.3,73,116,0.6293103448275862,43,0.3706896551724138,True,True,True,True,False
1,6,3,sparse,random,0.8,90,123,0.7317073170731707,33,0.2682926829268293,True,True,True,True,False
2,6,3,sparse,random,0.8,246,406,0.6059113300492611,160,0.39408866995073893,True,True,True,True,False
3,6,3,sparse,random,0.8,308,368,0.8369565217391305,60,0.16304347826086957,True,True,True,True,False
4,6,3,sparse,random,0.8,219,297,0.7373737373737373,78,0.26262626262626265,True,True,True,True,False
5,6,3,sparse,random,0.8,132,206,0.6407766990291263,74,0.3592233009708738,True,True,True,True,False
6,6,3,sparse,random,0.8,776,838,0.9260143198090692,62,0.07398568019093078,True,True,True,True,False
7,6,3,sparse,random,0.8,160,235,0.6808510638297872,75,0.3191489361702128,True,True,True,True,False
8,6,3,sparse,random,0.8,336,508,0.6614173228346457,172,0.33858267716535434,True,True,True,True,False
9,6,3,sparse,random,0.8,150,218,0.6880733944954128,68,0.3119266055045872,True,True,True,True,False
10,6,3,sparse,random,0.8,255,371,0.6873315363881402,116,0.31266846361185985,True,True,True,True,False
11,6,3,sparse,random,0.8,258,301,0.8571428571428571,43,0.14285714285714285,True,True,True,True,False
12,6,3,sparse,random,0.8,86,117,0.7350427350427351,31,0.26495726495726496,True,True,True,True,False
13,6,3,sparse,random,0.8,520,740,0.7027027027027027,220,0.2972972972972973,True,True,True,True,False
14,6,3,sparse,random,0.8,148,295,0.5016949152542373,147,0.49830508474576274,True,True,True,True,False
15,6,3,sparse,random,0.8,196,309,0.6343042071197411,113,0.3656957928802589,True,True,True,True,False
16,6,3,sparse,random,0.8,276,375,0.736,99,0.264,True,True,True,True,False
17,6,3,sparse,random,0.8,300,364,0.8241758241758241,64,0.17582417582417584,True,True,True,True,False
18,6,3,sparse,random,0.8,301,589,0.5110356536502547,288,0.48896434634974534,True,True,True,True,False
19,6,3,sparse,random,0.8,148,271,0.5461254612546126,123,0.45387453874538747,True,True,True,True,False
20,6,3,sparse,random,0.8,115,230,0.5,115,0.5,True,True,True,True,False
21,6,3,sparse,random,0.8,260,522,0.49808429118773945,262,0.5019157088122606,True,True,True,True,False
22,6,3,sparse,random,0.8,196,290,0.6758620689655173,94,0.32413793103448274,True,True,True,True,False
23,6,3,sparse,random,0.8,83,163,0.50920245398773,80,0.49079754601226994,True,True,True,True,False
24,6,3,sparse,random,0.8,180,238,0.7563025210084033,58,0.24369747899159663,True,True,True,True,False
25,6,3,sparse,random,0.8,196,277,0.7075812274368231,81,0.2924187725631769,True,True,True,True,False
26,6,3,sparse,random,0.8,118,237,0.4978902953586498,119,0.5021097046413502,True,True,True,True,False
27,6,3,sparse,random,0.8,200,336,0.5952380952380952,136,0.40476190476190477,True,True,True,True,False
28,6,3,sparse,random,0.8,194,283,0.6855123674911661,89,0.31448763250883394,True,True,True,True,False
29,6,3,sparse,random,0.8,69,213,0.323943661971831,144,0.676056338028169,True,True,True,True,False
30,6,3,sparse,random,0.8,292,395,0.739240506329114,103,0.2607594936708861,True,True,True,True,False
1,6,3,sparse,correlated,0.3,1,1,1.0,0,0.0,True,True,True,True,True
2,6,3,sparse,correlated,0.3,7,7,1.0,0,0.0,True,True,True,True,True
3,6,3,sparse,correlated,0.3,4,4,1.0,0,0.0,True,True,True,True,True
4,6,3,sparse,correlated,0.3,2,2,1.0,0,0.0,True,True,True,True,True
5,6,3,sparse,correlated,0.3,6,6,1.0,0,0.0,True,True,True,True,True
6,6,3,sparse,correlated,0.3,2,3,0.6666666666666666,1,0.3333333333333333,True,True,True,True,False
7,6,3,sparse,correlated,0.3,6,12,0.5,6,0.5,True,True,True,True,False
8,6,3,sparse,correlated,0.3,0,0,1.0,0,0.0,True,True,True,True,True
9,6,3,sparse,correlated,0.3,1,2,0.5,1,0.5,True,True,True,True,False
10,6,3,sparse,correlated,0.3,6,9,0.6666666666666666,3,0.3333333333333333,True,True,True,True,False
11,6,3,sparse,correlated,0.3,18,18,1.0,0,0.0,True,True,True,True,True
12,6,3,sparse,correlated,0.3,5,6,0.8333333333333334,1,0.16666666666666666,True,True,True,True,False
13,6,3,sparse,correlated,0.3,12,18,0.6666666666666666,6,0.3333333333333333,True,True,True,True,False
14,6,3,sparse,correlated,0.3,6,7,0.8571428571428571,1,0.14285714285714285,True,True,True,True,False
15,6,3,sparse,correlated,0.3,0,0,1.0,0,0.0,True,True,True,True,True
16,6,3,sparse,correlated,0.3,10,10,1.0,0,0.0,True,True,True,True,True
17,6,3,sparse,correlated,0.3,6,8,0.75,2,0.25,True,True,True,True,False
18,6,3,sparse,correlated,0.3,0,0,1.0,0,0.0,True,True,True,True,True
19,6,3,sparse,correlated,0.3,8,8,1.0,0,0.0,True,True,True,True,True
20,6,3,sparse,correlated,0.3,2,2,1.0,0,0.0,True,True,True,True,True
21,6,3,sparse,correlated,0.3,9,14,0.6428571428571429,5,0.35714285714285715,True,True,True,True,False
22,6,3,sparse,correlated,0.3,8,8,1.0,0,0.0,True,True,True,True,True
23,6,3,sparse,correlated,0.3,2,2,1.0,0,0.0,True,True,True,True,True
24,6,3,sparse,correlated,0.3,8,10,0.8,2,0.2,True,True,True,True,False
25,6,3,sparse,correlated,0.3,4,4,1.0,0,0.0,True,True,True,True,True
26,6,3,sparse,correlated,0.3,2,2,1.0,0,0.0,True,True,True,True,True
27,6,3,sparse,correlated,0.3,4,4,1.0,0,0.0,True,True,True,True,True
28,6,3,sparse,correlated,0.3,10,10,1.0,0,0.0,True,True,True,True,True
29,6,3,sparse,correlated,0.3,6,6,1.0,0,0.0,True,True,True,True,True
30,6,3,sparse,correlated,0.3,7,7,1.0,0,0.0,True,True,True,True,True
1,6,3,sparse,correlated,0.8,8,9,0.8888888888888888,1,0.1111111111111111,True,True,True,True,False
2,6,3,sparse,correlated,0.8,21,29,0.7241379310344828,8,0.27586206896551724,True,True,True,True,False
3,6,3,sparse,correlated,0.8,16,23,0.6956521739130435,7,0.30434782608695654,True,True,True,True,False
4,6,3,sparse,correlated,0.8,14,17,0.8235294117647058,3,0.17647058823529413,True,True,True,True,False
5,6,3,sparse,correlated,0.8,18,26,0.6923076923076923,8,0.3076923076923077,True,True,True,True,False
6,6,3,sparse,correlated,0.8,8,20,0.4,12,0.6,True,True,True,True,False
7,6,3,sparse,correlated,0.8,18,24,0.75,6,0.25,True,True,True,True,False
8,6,3,sparse,correlated,0.8,14,20,0.7,6,0.3,True,True,True,True,False
9,6,3,sparse,correlated,0.8,5,12,0.4166666666666667,7,0.5833333333333334,True,True,True,True,False
10,6,3,sparse,correlated,0.8,24,31,0.7741935483870968,7,0.22580645161290322,True,True,True,True,False
11,6,3,sparse,correlated,0.8,54,54,1.0,0,0.0,True,True,True,True,True
12,6,3,sparse,correlated,0.8,20,23,0.8695652173913043,3,0.13043478260869565,True,True,True,True,False
13,6,3,sparse,correlated,0.8,36,49,0.7346938775510204,13,0.2653061224489796,True,True,True,True,False
14,6,3,sparse,correlated,0.8,12,21,0.5714285714285714,9,0.42857142857142855,True,True,True,True,False
15,6,3,sparse,correlated,0.8,3,4,0.75,1,0.25,True,True,True,True,False
16,6,3,sparse,correlated,0.8,20,28,0.7142857142857143,8,0.2857142857142857,True,True,True,True,False
17,6,3,sparse,correlated,0.8,30,36,0.8333333333333334,6,0.16666666666666666,True,True,True,True,False
18,6,3,sparse,correlated,0.8,8,8,1.0,0,0.0,True,True,True,True,True
19,6,3,sparse,correlated,0.8,16,18,0.8888888888888888,2,0.1111111111111111,True,True,True,True,False
20,6,3,sparse,correlated,0.8,18,28,0.6428571428571429,10,0.35714285714285715,True,True,True,True,False
21,6,3,sparse,correlated,0.8,20,39,0.5128205128205128,19,0.48717948717948717,True,True,True,True,False
22,6,3,sparse,correlated,0.8,16,23,0.6956521739130435,7,0.30434782608695654,True,True,True,True,False
23,6,3,sparse,correlated,0.8,8,13,0.6153846153846154,5,0.38461538461538464,True,True,True,True,False
24,6,3,sparse,correlated,0.8,28,39,0.717948717948718,11,0.28205128205128205,True,True,True,True,False
25,6,3,sparse,correlated,0.8,12,12,1.0,0,0.0,True,True,True,True,True
26,6,3,sparse,correlated,0.8,16,18,0.8888888888888888,2,0.1111111111111111,True,True,True,True,False
27,6,3,sparse,correlated,0.8,16,20,0.8,4,0.2,True,True,True,True,False
28,6,3,sparse,correlated,0.8,20,30,0.6666666666666666,10,0.3333333333333333,True,True,True,True,False
29,6,3,sparse,correlated,0.8,12,17,0.7058823529411765,5,0.29411764705882354,True,True,True,True,False
30,6,3,sparse,correlated,0.8,14,16,0.875,2,0.125,True,True,True,True,False
1,6,3,sparse,anticorrelated,0.3,14,14,1.0,0,0.0,True,True,True,True,True
2,6,3,sparse,anticorrelated,0.3,18,18,1.0,0,0.0,True,True,True,True,True
3,6,3,sparse,anticorrelated,0.3,18,18,1.0,0,0.0,True,True,True,True,True
4,6,3,sparse,anticorrelated,0.3,24,24,1.0,0,0.0,True,True,True,True,True
5,6,3,sparse,anticorrelated,0.3,15,15,1.0,0,0.0,True,True,True,True,True
6,6,3,sparse,anticorrelated,0.3,14,24,0.5833333333333334,10,0.4166666666666667,True,True,True,True,False
7,6,3,sparse,anticorrelated,0.3,16,39,0.41025641025641024,23,0.5897435897435898,True,True,True,True,False
8,6,3,sparse,anticorrelated,0.3,0,0,1.0,0,0.0,True,True,True,True,True
9,6,3,sparse,anticorrelated,0.3,9,16,0.5625,7,0.4375,True,True,True,True,False
10,6,3,sparse,anticorrelated,0.3,28,60,0.4666666666666667,32,0.5333333333333333,True,True,True,True,False
11,6,3,sparse,anticorrelated,0.3,60,60,1.0,0,0.0,True,True,True,True,True
12,6,3,sparse,anticorrelated,0.3,21,35,0.6,14,0.4,True,True,True,True,False
13,6,3,sparse,anticorrelated,0.3,46,63,0.7301587301587301,17,0.2698412698412698,True,True,True,True,False
14,6,3,sparse,anticorrelated,0.3,16,27,0.5925925925925926,11,0.4074074074074074,True,True,True,True,False
15,6,3,sparse,anticorrelated,0.3,0,0,1.0,0,0.0,True,True,True,True,True
16,6,3,sparse,anticorrelated,0.3,38,47,0.8085106382978723,9,0.19148936170212766,True,True,True,True,False
17,6,3,sparse,anticorrelated,0.3,18,32,0.5625,14,0.4375,True,True,True,True,False
18,6,3,sparse,anticorrelated,0.3,0,0,1.0,0,0.0,True,True,True,True,True
19,6,3,sparse,anticorrelated,0.3,17,17,1.0,0,0.0,True,True,True,True,True
20,6,3,sparse,anticorrelated,0.3,24,24,1.0,0,0.0,True,True,True,True,True
21,6,3,sparse,anticorrelated,0.3,20,38,0.5263157894736842,18,0.47368421052631576,True,True,True,True,False
22,6,3,sparse,anticorrelated,0.3,16,16,1.0,0,0.0,True,True,True,True,True
23,6,3,sparse,anticorrelated,0.3,20,20,1.0,0,0.0,True,True,True,True,True
24,6,3,sparse,anticorrelated,0.3,40,56,0.7142857142857143,16,0.2857142857142857,True,True,True,True,False
25,6,3,sparse,anticorrelated,0.3,39,39,1.0,0,0.0,True,True,True,True,True
26,6,3,sparse,anticorrelated,0.3,11,11,1.0,0,0.0,True,True,True,True,True
27,6,3,sparse,anticorrelated,0.3,13,13,1.0,0,0.0,True,True,True,True,True
28,6,3,sparse,anticorrelated,0.3,15,15,1.0,0,0.0,True,True,True,True,True
29,6,3,sparse,anticorrelated,0.3,13,13,1.0,0,0.0,True,True,True,True,True
30,6,3,sparse,anticorrelated,0.3,18,19,0.9473684210526315,1,0.05263157894736842,True,True,True,True,False
1,6,3,sparse,anticorrelated,0.8,28,29,0.9655172413793104,1,0.034482758620689655,True,True,True,True,False
2,6,3,sparse,anticorrelated,0.8,54,71,0.7605633802816901,17,0.23943661971830985,True,True,True,True,False
3,6,3,sparse,anticorrelated,0.8,72,84,0.8571428571428571,12,0.14285714285714285,True,True,True,True,False
4,6,3,sparse,anticorrelated,0.8,84,94,0.8936170212765957,10,0.10638297872340426,True,True,True,True,False
5,6,3,sparse,anticorrelated,0.8,45,71,0.6338028169014085,26,0.36619718309859156,True,True,True,True,False
6,6,3,sparse,anticorrelated,0.8,56,90,0.6222222222222222,34,0.37777777777777777,True,True,True,True,False
7,6,3,sparse,anticorrelated,0.8,45,69,0.6521739130434783,24,0.34782608695652173,True,True,True,True,False
8,6,3,sparse,anticorrelated,0.8,38,60,0.6333333333333333,22,0.36666666666666664,True,True,True,True,False
9,6,3,sparse,anticorrelated,0.8,36,58,0.6206896551724138,22,0.3793103448275862,True,True,True,True,False
10,6,3,sparse,anticorrelated,0.8,84,173,0.48554913294797686,89,0.5144508670520231,True,True,True,True,False
11,6,3,sparse,anticorrelated,0.8,180,180,1.0,0,0.0,True,True,True,True,True
12,6,3,sparse,anticorrelated,0.8,84,112,0.75,28,0.25,True,True,True,True,False
13,6,3,sparse,anticorrelated,0.8,138,194,0.711340206185567,56,0.28865979381443296,True,True,True,True,False
14,6,3,sparse,anticorrelated,0.8,33,79,0.4177215189873418,46,0.5822784810126582,True,True,True,True,False
15,6,3,sparse,anticorrelated,0.8,20,20,1.0,0,0.0,True,True,True,True,True
16,6,3,sparse,anticorrelated,0.8,95,122,0.7786885245901639,27,0.22131147540983606,True,True,True,True,False
17,6,3,sparse,anticorrelated,0.8,90,132,0.6818181818181818,42,0.3181818181818182,True,True,True,True,False
18,6,3,sparse,anticorrelated,0.8,13,13,1.0,0,0.0,True,True,True,True,True
19,6,3,sparse,anticorrelated,0.8,34,52,0.6538461538461539,18,0.34615384615384615,True,True,True,True,False
20,6,3,sparse,anticorrelated,0.8,84,97,0.865979381443299,13,0.13402061855670103,True,True,True,True,False
21,6,3,sparse,anticorrelated,0.8,80,125,0.64,45,0.36,True,True,True,True,False
22,6,3,sparse,anticorrelated,0.8,36,55,0.6545454545454545,19,0.34545454545454546,True,True,True,True,False
23,6,3,sparse,anticorrelated,0.8,50,64,0.78125,14,0.21875,True,True,True,True,False
24,6,3,sparse,anticorrelated,0.8,140,173,0.8092485549132948,33,0.1907514450867052,True,True,True,True,False
25,6,3,sparse,anticorrelated,0.8,117,117,1.0,0,0.0,True,True,True,True,True
26,6,3,sparse,anticorrelated,0.8,40,44,0.9090909090909091,4,0.09090909090909091,True,True,True,True,False
27,6,3,sparse,anticorrelated,0.8,52,74,0.7027027027027027,22,0.2972972972972973,True,True,True,True,False
28,6,3,sparse,anticorrelated,0.8,44,53,0.8301886792452831,9,0.16981132075471697,True,True,True,True,False
29,6,3,sparse,anticorrelated,0.8,26,44,0.5909090909090909,18,0.4090909090909091,True,True,True,True,False
30,6,3,sparse,anticorrelated,0.8,36,56,0.6428571428571429,20,0.35714285714285715,True,True,True,True,False
1,7,1,dense,random,0.3,285,285,1.0,0,0.0,True,True,True,True,True
2,7,1,dense,random,0.3,276,276,1.0,0,0.0,True,True,True,True,True
3,7,1,dense,random,0.3,360,360,1.0,0,0.0,True,True,True,True,True
4,7,1,dense,random,0.3,118,118,1.0,0,0.0,True,True,True,True,True
5,7,1,dense,random,0.3,188,188,1.0,0,0.0,True,True,True,True,True
6,7,1,dense,random,0.3,177,177,1.0,0,0.0,True,True,True,True,True
7,7,1,dense,random,0.3,312,312,1.0,0,0.0,True,True,True,True,True
8,7,1,dense,random,0.3,198,198,1.0,0,0.0,True,True,True,True,True
9,7,1,dense,random,0.3,256,256,1.0,0,0.0,True,True,True,True,True
10,7,1,dense,random,0.3,300,300,1.0,0,0.0,True,True,True,True,True
11,7,1,dense,random,0.3,243,243,1.0,0,0.0,True,True,True,True,True
12,7,1,dense,random,0.3,176,185,0.9513513513513514,9,0.04864864864864865,True,True,True,True,False
13,7,1,dense,random,0.3,294,294,1.0,0,0.0,True,True,True,True,True
14,7,1,dense,random,0.3,312,312,1.0,0,0.0,True,True,True,True,True
15,7,1,dense,random,0.3,219,219,1.0,0,0.0,True,True,True,True,True
16,7,1,dense,random,0.3,255,255,1.0,0,0.0,True,True,True,True,True
17,7,1,dense,random,0.3,228,228,1.0,0,0.0,True,True,True,True,True
18,7,1,dense,random,0.3,152,152,1.0,0,0.0,True,True,True,True,True
19,7,1,dense,random,0.3,258,258,1.0,0,0.0,True,True,True,True,True
20,7,1,dense,random,0.3,224,224,1.0,0,0.0,True,True,True,True,True
21,7,1,dense,random,0.3,376,376,1.0,0,0.0,True,True,True,True,True
22,7,1,dense,random,0.3,180,180,1.0,0,0.0,True,True,True,True,True
23,7,1,dense,random,0.3,186,186,1.0,0,0.0,True,True,True,True,True
24,7,1,dense,random,0.3,282,282,1.0,0,0.0,True,True,True,True,True
25,7,1,dense,random,0.3,210,210,1.0,0,0.0,True,True,True,True,True
26,7,1,dense,random,0.3,348,348,1.0,0,0.0,True,True,True,True,True
27,7,1,dense,random,0.3,340,340,1.0,0,0.0,True,True,True,True,True
28,7,1,dense,random,0.3,102,103,0.9902912621359223,1,0.009708737864077669,True,True,True,True,False
29,7,1,dense,random,0.3,276,276,1.0,0,0.0,True,True,True,True,True
30,7,1,dense,random,0.3,273,273,1.0,0,0.0,True,True,True,True,True
1,7,1,dense,random,0.8,855,855,1.0,0,0.0,True,True,True,True,True
2,7,1,dense,random,0.8,736,736,1.0,0,0.0,True,True,True,True,True
3,7,1,dense,random,0.8,1080,1080,1.0,0,0.0,True,True,True,True,True
4,7,1,dense,random,0.8,413,413,1.0,0,0.0,True,True,True,True,True
5,7,1,dense,random,0.8,564,564,1.0,0,0.0,True,True,True,True,True
6,7,1,dense,random,0.8,472,472,1.0,0,0.0,True,True,True,True,True
7,7,1,dense,random,0.8,936,936,1.0,0,0.0,True,True,True,True,True
8,7,1,dense,random,0.8,594,594,1.0,0,0.0,True,True,True,True,True
9,7,1,dense,random,0.8,704,704,1.0,0,0.0,True,True,True,True,True
10,7,1,dense,random,0.8,825,825,1.0,0,0.0,True,True,True,True,True
11,7,1,dense,random,0.8,648,648,1.0,0,0.0,True,True,True,True,True
12,7,1,dense,random,0.8,528,537,0.9832402234636871,9,0.01675977653631285,True,True,True,True,False
13,7,1,dense,random,0.8,980,980,1.0,0,0.0,True,True,True,True,True
14,7,1,dense,random,0.8,936,936,1.0,0,0.0,True,True,True,True,True
15,7,1,dense,random,0.8,730,730,1.0,0,0.0,True,True,True,True,True
16,7,1,dense,random,0.8,765,765,1.0,0,0.0,True,True,True,True,True
17,7,1,dense,random,0.8,684,684,1.0,0,0.0,True,True,True,True,True
18,7,1,dense,random,0.8,532,532,1.0,0,0.0,True,True,True,True,True
19,7,1,dense,random,0.8,774,774,1.0,0,0.0,True,True,True,True,True
20,7,1,dense,random,0.8,672,672,1.0,0,0.0,True,True,True,True,True
21,7,1,dense,random,0.8,1128,1128,1.0,0,0.0,True,True,True,True,True
22,7,1,dense,random,0.8,480,480,1.0,0,0.0,True,True,True,True,True
23,7,1,dense,random,0.8,620,620,1.0,0,0.0,True,True,True,True,True
24,7,1,dense,random,0.8,752,752,1.0,0,0.0,True,True,True,True,True
25,7,1,dense,random,0.8,560,560,1.0,0,0.0,True,True,True,True,True
26,7,1,dense,random,0.8,957,957,1.0,0,0.0,True,True,True,True,True
27,7,1,dense,random,0.8,935,935,1.0,0,0.0,True,True,True,True,True
28,7,1,dense,random,0.8,344,344,1.0,0,0.0,True,True,True,True,True
29,7,1,dense,random,0.8,759,759,1.0,0,0.0,True,True,True,True,True
30,7,1,dense,random,0.8,728,728,1.0,0,0.0,True,True,True,True,True
1,7,1,dense,correlated,0.3,18,18,1.0,0,0.0,True,True,True,True,True
2,7,1,dense,correlated,0.3,18,18,1.0,0,0.0,True,True,True,True,True
3,7,1,dense,correlated,0.3,4,4,1.0,0,0.0,True,True,True,True,True
4,7,1,dense,correlated,0.3,12,12,1.0,0,0.0,True,True,True,True,True
5,7,1,dense,correlated,0.3,8,9,0.8888888888888888,1,0.1111111111111111,True,True,True,True,False
6,7,1,dense,correlated,0.3,24,24,1.0,0,0.0,True,True,True,True,True
7,7,1,dense,correlated,0.3,24,24,1.0,0,0.0,True,True,True,True,True
8,7,1,dense,correlated,0.3,15,15,1.0,0,0.0,True,True,True,True,True
9,7,1,dense,correlated,0.3,15,15,1.0,0,0.0,True,True,True,True,True
10,7,1,dense,correlated,0.3,18,18,1.0,0,0.0,True,True,True,True,True
11,7,1,dense,correlated,0.3,16,16,1.0,0,0.0,True,True,True,True,True
12,7,1,dense,correlated,0.3,12,12,1.0,0,0.0,True,True,True,True,True
13,7,1,dense,correlated,0.3,20,20,1.0,0,0.0,True,True,True,True,True
14,7,1,dense,correlated,0.3,10,10,1.0,0,0.0,True,True,True,True,True
15,7,1,dense,correlated,0.3,20,20,1.0,0,0.0,True,True,True,True,True
16,7,1,dense,correlated,0.3,16,16,1.0,0,0.0,True,True,True,True,True
17,7,1,dense,correlated,0.3,6,6,1.0,0,0.0,True,True,True,True,True
18,7,1,dense,correlated,0.3,15,15,1.0,0,0.0,True,True,True,True,True
19,7,1,dense,correlated,0.3,9,10,0.9,1,0.1,True,True,True,True,False
20,7,1,dense,correlated,0.3,9,9,1.0,0,0.0,True,True,True,True,True
21,7,1,dense,correlated,0.3,12,12,1.0,0,0.0,True,True,True,True,True
22,7,1,dense,correlated,0.3,18,18,1.0,0,0.0,True,True,True,True,True
23,7,1,dense,correlated,0.3,15,15,1.0,0,0.0,True,True,True,True,True
24,7,1,dense,correlated,0.3,24,24,1.0,0,0.0,True,True,True,True,True
25,7,1,dense,correlated,0.3,24,24,1.0,0,0.0,True,True,True,True,True
26,7,1,dense,correlated,0.3,12,12,1.0,0,0.0,True,True,True,True,True
27,7,1,dense,correlated,0.3,12,12,1.0,0,0.0,True,True,True,True,True
28,7,1,dense,correlated,0.3,16,16,1.0,0,0.0,True,True,True,True,True
29,7,1,dense,correlated,0.3,6,7,0.8571428571428571,1,0.14285714285714285,True,True,True,True,False
30,7,1,dense,correlated,0.3,8,9,0.8888888888888888,1,0.1111111111111111,True,True,True,True,False
1,7,1,dense,correlated,0.8,54,54,1.0,0,0.0,True,True,True,True,True
2,7,1,dense,correlated,0.8,48,48,1.0,0,0.0,True,True,True,True,True
3,7,1,dense,correlated,0.8,11,11,1.0,0,0.0,True,True,True,True,True
4,7,1,dense,correlated,0.8,40,40,1.0,0,0.0,True,True,True,True,True
5,7,1,dense,correlated,0.8,32,32,1.0,0,0.0,True,True,True,True,True
6,7,1,dense,correlated,0.8,66,66,1.0,0,0.0,True,True,True,True,True
7,7,1,dense,correlated,0.8,72,72,1.0,0,0.0,True,True,True,True,True
8,7,1,dense,correlated,0.8,40,40,1.0,0,0.0,True,True,True,True,True
9,7,1,dense,correlated,0.8,45,45,1.0,0,0.0,True,True,True,True,True
10,7,1,dense,correlated,0.8,48,48,1.0,0,0.0,True,True,True,True,True
11,7,1,dense,correlated,0.8,48,48,1.0,0,0.0,True,True,True,True,True
12,7,1,dense,correlated,0.8,40,40,1.0,0,0.0,True,True,True,True,True
13,7,1,dense,correlated,0.8,60,60,1.0,0,0.0,True,True,True,True,True
14,7,1,dense,correlated,0.8,35,35,1.0,0,0.0,True,True,True,True,True
15,7,1,dense,correlated,0.8,60,60,1.0,0,0.0,True,True,True,True,True
16,7,1,dense,correlated,0.8,48,48,1.0,0,0.0,True,True,True,True,True
17,7,1,dense,correlated,0.8,18,19,0.9473684210526315,1,0.05263157894736842,True,True,True,True,False
18,7,1,dense,correlated,0.8,50,50,1.0,0,0.0,True,True,True,True,True
19,7,1,dense,correlated,0.8,35,35,1.0,0,0.0,True,True,True,True,True
20,7,1,dense,correlated,0.8,24,24,1.0,0,0.0,True,True,True,True,True
21,7,1,dense,correlated,0.8,36,36,1.0,0,0.0,True,True,True,True,True
22,7,1,dense,correlated,0.8,48,48,1.0,0,0.0,True,True,True,True,True
23,7,1,dense,correlated,0.8,40,40,1.0,0,0.0,True,True,True,True,True
24,7,1,dense,correlated,0.8,66,66,1.0,0,0.0,True,True,True,True,True
25,7,1,dense,correlated,0.8,72,72,1.0,0,0.0,True,True,True,True,True
26,7,1,dense,correlated,0.8,33,33,1.0,0,0.0,True,True,True,True,True
27,7,1,dense,correlated,0.8,36,36,1.0,0,0.0,True,True,True,True,True
28,7,1,dense,correlated,0.8,44,44,1.0,0,0.0,True,True,True,True,True
29,7,1,dense,correlated,0.8,24,24,1.0,0,0.0,True,True,True,True,True
30,7,1,dense,correlated,0.8,32,32,1.0,0,0.0,True,True,True,True,True
1,7,1,dense,anticorrelated,0.3,51,51,1.0,0,0.0,True,True,True,True,True
2,7,1,dense,anticorrelated,0.3,51,51,1.0,0,0.0,True,True,True,True,True
3,7,1,dense,anticorrelated,0.3,48,48,1.0,0,0.0,True,True,True,True,True
4,7,1,dense,anticorrelated,0.3,45,45,1.0,0,0.0,True,True,True,True,True
5,7,1,dense,anticorrelated,0.3,32,32,1.0,0,0.0,True,True,True,True,True
6,7,1,dense,anticorrelated,0.3,68,68,1.0,0,0.0,True,True,True,True,True
7,7,1,dense,anticorrelated,0.3,68,68,1.0,0,0.0,True,True,True,True,True
8,7,1,dense,anticorrelated,0.3,45,45,1.0,0,0.0,True,True,True,True,True
9,7,1,dense,anticorrelated,0.3,48,48,1.0,0,0.0,True,True,True,True,True
10,7,1,dense,anticorrelated,0.3,51,51,1.0,0,0.0,True,True,True,True,True
11,7,1,dense,anticorrelated,0.3,60,60,1.0,0,0.0,True,True,True,True,True
12,7,1,dense,anticorrelated,0.3,45,45,1.0,0,0.0,True,True,True,True,True
13,7,1,dense,anticorrelated,0.3,64,64,1.0,0,0.0,True,True,True,True,True
14,7,1,dense,anticorrelated,0.3,30,30,1.0,0,0.0,True,True,True,True,True
15,7,1,dense,anticorrelated,0.3,64,64,1.0,0,0.0,True,True,True,True,True
16,7,1,dense,anticorrelated,0.3,60,60,1.0,0,0.0,True,True,True,True,True
17,7,1,dense,anticorrelated,0.3,36,36,1.0,0,0.0,True,True,True,True,True
18,7,1,dense,anticorrelated,0.3,48,48,1.0,0,0.0,True,True,True,True,True
19,7,1,dense,anticorrelated,0.3,42,42,1.0,0,0.0,True,True,True,True,True
20,7,1,dense,anticorrelated,0.3,42,42,1.0,0,0.0,True,True,True,True,True
21,7,1,dense,anticorrelated,0.3,45,45,1.0,0,0.0,True,True,True,True,True
22,7,1,dense,anticorrelated,0.3,48,48,1.0,0,0.0,True,True,True,True,True
23,7,1,dense,anticorrelated,0.3,48,48,1.0,0,0.0,True,True,True,True,True
24,7,1,dense,anticorrelated,0.3,68,68,1.0,0,0.0,True,True,True,True,True
25,7,1,dense,anticorrelated,0.3,68,68,1.0,0,0.0,True,True,True,True,True
26,7,1,dense,anticorrelated,0.3,56,56,1.0,0,0.0,True,True,True,True,True
27,7,1,dense,anticorrelated,0.3,45,45,1.0,0,0.0,True,True,True,True,True
28,7,1,dense,anticorrelated,0.3,60,60,1.0,0,0.0,True,True,True,True,True
29,7,1,dense,anticorrelated,0.3,36,36,1.0,0,0.0,True,True,True,True,True
30,7,1,dense,anticorrelated,0.3,28,28,1.0,0,0.0,True,True,True,True,True
1,7,1,dense,anticorrelated,0.8,153,153,1.0,0,0.0,True,True,True,True,True
2,7,1,dense,anticorrelated,0.8,136,136,1.0,0,0.0,True,True,True,True,True
3,7,1,dense,anticorrelated,0.8,132,132,1.0,0,0.0,True,True,True,True,True
4,7,1,dense,anticorrelated,0.8,150,150,1.0,0,0.0,True,True,True,True,True
5,7,1,dense,anticorrelated,0.8,96,96,1.0,0,0.0,True,True,True,True,True
6,7,1,dense,anticorrelated,0.8,187,187,1.0,0,0.0,True,True,True,True,True
7,7,1,dense,anticorrelated,0.8,204,204,1.0,0,0.0,True,True,True,True,True
8,7,1,dense,anticorrelated,0.8,120,120,1.0,0,0.0,True,True,True,True,True
9,7,1,dense,anticorrelated,0.8,144,144,1.0,0,0.0,True,True,True,True,True
10,7,1,dense,anticorrelated,0.8,136,136,1.0,0,0.0,True,True,True,True,True
11,7,1,dense,anticorrelated,0.8,180,180,1.0,0,0.0,True,True,True,True,True
12,7,1,dense,anticorrelated,0.8,150,150,1.0,0,0.0,True,True,True,True,True
13,7,1,dense,anticorrelated,0.8,192,192,1.0,0,0.0,True,True,True,True,True
14,7,1,dense,anticorrelated,0.8,105,105,1.0,0,0.0,True,True,True,True,True
15,7,1,dense,anticorrelated,0.8,192,192,1.0,0,0.0,True,True,True,True,True
16,7,1,dense,anticorrelated,0.8,180,180,1.0,0,0.0,True,True,True,True,True
17,7,1,dense,anticorrelated,0.8,120,120,1.0,0,0.0,True,True,True,True,True
18,7,1,dense,anticorrelated,0.8,160,160,1.0,0,0.0,True,True,True,True,True
19,7,1,dense,anticorrelated,0.8,140,140,1.0,0,0.0,True,True,True,True,True
20,7,1,dense,anticorrelated,0.8,112,112,1.0,0,0.0,True,True,True,True,True
21,7,1,dense,anticorrelated,0.8,135,135,1.0,0,0.0,True,True,True,True,True
22,7,1,dense,anticorrelated,0.8,128,128,1.0,0,0.0,True,True,True,True,True
23,7,1,dense,anticorrelated,0.8,128,128,1.0,0,0.0,True,True,True,True,True
24,7,1,dense,anticorrelated,0.8,187,187,1.0,0,0.0,True,True,True,True,True
25,7,1,dense,anticorrelated,0.8,204,204,1.0,0,0.0,True,True,True,True,True
26,7,1,dense,anticorrelated,0.8,154,154,1.0,0,0.0,True,True,True,True,True
27,7,1,dense,anticorrelated,0.8,135,135,1.0,0,0.0,True,True,True,True,True
28,7,1,dense,anticorrelated,0.8,165,165,1.0,0,0.0,True,True,True,True,True
29,7,1,dense,anticorrelated,0.8,96,96,1.0,0,0.0,True,True,True,True,True
30,7,1,dense,anticorrelated,0.8,84,84,1.0,0,0.0,True,True,True,True,True
1,7,1,sparse,random,0.3,72,72,1.0,0,0.0,True,True,True,True,True
2,7,1,sparse,random,0.3,98,98,1.0,0,0.0,True,True,True,True,True
3,7,1,sparse,random,0.3,38,38,1.0,0,0.0,True,True,True,True,True
4,7,1,sparse,random,0.3,156,156,1.0,0,0.0,True,True,True,True,True
5,7,1,sparse,random,0.3,84,84,1.0,0,0.0,True,True,True,True,True
6,7,1,sparse,random,0.3,42,42,1.0,0,0.0,True,True,True,True,True
7,7,1,sparse,random,0.3,88,88,1.0,0,0.0,True,True,True,True,True
8,7,1,sparse,random,0.3,196,196,1.0,0,0.0,True,True,True,True,True
9,7,1,sparse,random,0.3,138,138,1.0,0,0.0,True,True,True,True,True
10,7,1,sparse,random,0.3,67,67,1.0,0,0.0,True,True,True,True,True
11,7,1,sparse,random,0.3,28,28,1.0,0,0.0,True,True,True,True,True
12,7,1,sparse,random,0.3,168,168,1.0,0,0.0,True,True,True,True,True
13,7,1,sparse,random,0.3,2,2,1.0,0,0.0,True,True,True,True,True
14,7,1,sparse,random,0.3,170,170,1.0,0,0.0,True,True,True,True,True
15,7,1,sparse,random,0.3,154,154,1.0,0,0.0,True,True,True,True,True
16,7,1,sparse,random,0.3,166,166,1.0,0,0.0,True,True,True,True,True
17,7,1,sparse,random,0.3,91,91,1.0,0,0.0,True,True,True,True,True
18,7,1,sparse,random,0.3,132,132,1.0,0,0.0,True,True,True,True,True
19,7,1,sparse,random,0.3,110,110,1.0,0,0.0,True,True,True,True,True
20,7,1,sparse,random,0.3,46,46,1.0,0,0.0,True,True,True,True,True
21,7,1,sparse,random,0.3,90,90,1.0,0,0.0,True,True,True,True,True
22,7,1,sparse,random,0.3,99,99,1.0,0,0.0,True,True,True,True,True
23,7,1,sparse,random,0.3,0,0,1.0,0,0.0,True,True,True,True,True
24,7,1,sparse,random,0.3,86,86,1.0,0,0.0,True,True,True,True,True
25,7,1,sparse,random,0.3,150,150,1.0,0,0.0,True,True,True,True,True
26,7,1,sparse,random,0.3,87,87,1.0,0,0.0,True,True,True,True,True
27,7,1,sparse,random,0.3,97,97,1.0,0,0.0,True,True,True,True,True
28,7,1,sparse,random,0.3,279,279,1.0,0,0.0,True,True,True,True,True
29,7,1,sparse,random,0.3,70,70,1.0,0,0.0,True,True,True,True,True
30,7,1,sparse,random,0.3,62,62,1.0,0,0.0,True,True,True,True,True
1,7,1,sparse,random,0.8,72,72,1.0,0,0.0,True,True,True,True,True
2,7,1,sparse,random,0.8,294,294,1.0,0,0.0,True,True,True,True,True
3,7,1,sparse,random,0.8,198,198,1.0,0,0.0,True,True,True,True,True
4,7,1,sparse,random,0.8,468,468,1.0,0,0.0,True,True,True,True,True
5,7,1,sparse,random,0.8,336,336,1.0,0,0.0,True,True,True,True,True
6,7,1,sparse,random,0.8,126,126,1.0,0,0.0,True,True,True,True,True
7,7,1,sparse,random,0.8,264,264,1.0,0,0.0,True,True,True,True,True
8,7,1,sparse,random,0.8,686,686,1.0,0,0.0,True,True,True,True,True
9,7,1,sparse,random,0.8,483,483,1.0,0,0.0,True,True,True,True,True
10,7,1,sparse,random,0.8,268,268,1.0,0,0.0,True,True,True,True,True
11,7,1,sparse,random,0.8,86,86,1.0,0,0.0,True,True,True,True,True
12,7,1,sparse,random,0.8,420,420,1.0,0,0.0,True,True,True,True,True
13,7,1,sparse,random,0.8,2,2,1.0,0,0.0,True,True,True,True,True
14,7,1,sparse,random,0.8,425,425,1.0,0,0.0,True,True,True,True,True
15,7,1,sparse,random,0.8,385,385,1.0,0,0.0,True,True,True,True,True
16,7,1,sparse,random,0.8,415,415,1.0,0,0.0,True,True,True,True,True
17,7,1,sparse,random,0.8,364,364,1.0,0,0.0,True,True,True,True,True
18,7,1,sparse,random,0.8,440,440,1.0,0,0.0,True,True,True,True,True
19,7,1,sparse,random,0.8,330,330,1.0,0,0.0,True,True,True,True,True
20,7,1,sparse,random,0.8,184,184,1.0,0,0.0,True,True,True,True,True
21,7,1,sparse,random,0.8,270,270,1.0,0,0.0,True,True,True,True,True
22,7,1,sparse,random,0.8,99,99,1.0,0,0.0,True,True,True,True,True
23,7,1,sparse,random,0.8,56,56,1.0,0,0.0,True,True,True,True,True
24,7,1,sparse,random,0.8,280,298,0.9395973154362416,18,0.06040268456375839,True,True,True,True,False
25,7,1,sparse,random,0.8,375,375,1.0,0,0.0,True,True,True,True,True
26,7,1,sparse,random,0.8,261,261,1.0,0,0.0,True,True,True,True,True
27,7,1,sparse,random,0.8,291,320,0.909375,29,0.090625,True,True,True,True,False
28,7,1,sparse,random,0.8,837,837,1.0,0,0.0,True,True,True,True,True
29,7,1,sparse,random,0.8,210,210,1.0,0,0.0,True,True,True,True,True
30,7,1,sparse,random,0.8,248,248,1.0,0,0.0,True,True,True,True,True
1,7,1,sparse,correlated,0.3,4,4,1.0,0,0.0,True,True,True,True,True
2,7,1,sparse,correlated,0.3,1,1,1.0,0,0.0,True,True,True,True,True
3,7,1,sparse,correlated,0.3,2,2,1.0,0,0.0,True,True,True,True,True
4,7,1,sparse,correlated,0.3,8,8,1.0,0,0.0,True,True,True,True,True
5,7,1,sparse,correlated,0.3,6,6,1.0,0,0.0,True,True,True,True,True
6,7,1,sparse,correlated,0.3,6,6,1.0,0,0.0,True,True,True,True,True
7,7,1,sparse,correlated,0.3,6,6,1.0,0,0.0,True,True,True,True,True
8,7,1,sparse,correlated,0.3,6,6,1.0,0,0.0,True,True,True,True,True
9,7,1,sparse,correlated,0.3,8,8,1.0,0,0.0,True,True,True,True,True
10,7,1,sparse,correlated,0.3,5,5,1.0,0,0.0,True,True,True,True,True
11,7,1,sparse,correlated,0.3,5,5,1.0,0,0.0,True,True,True,True,True
12,7,1,sparse,correlated,0.3,0,0,1.0,0,0.0,True,True,True,True,True
13,7,1,sparse,correlated,0.3,1,1,1.0,0,0.0,True,True,True,True,True
14,7,1,sparse,correlated,0.3,6,6,1.0,0,0.0,True,True,True,True,True
15,7,1,sparse,correlated,0.3,2,2,1.0,0,0.0,True,True,True,True,True
16,7,1,sparse,correlated,0.3,0,0,1.0,0,0.0,True,True,True,True,True
17,7,1,sparse,correlated,0.3,5,5,1.0,0,0.0,True,True,True,True,True
18,7,1,sparse,correlated,0.3,6,6,1.0,0,0.0,True,True,True,True,True
19,7,1,sparse,correlated,0.3,7,7,1.0,0,0.0,True,True,True,True,True
20,7,1,sparse,correlated,0.3,2,2,1.0,0,0.0,True,True,True,True,True
21,7,1,sparse,correlated,0.3,2,2,1.0,0,0.0,True,True,True,True,True
22,7,1,sparse,correlated,0.3,0,0,1.0,0,0.0,True,True,True,True,True
23,7,1,sparse,correlated,0.3,18,18,1.0,0,0.0,True,True,True,True,True
24,7,1,sparse,correlated,0.3,12,12,1.0,0,0.0,True,True,True,True,True
25,7,1,sparse,correlated,0.3,7,7,1.0,0,0.0,True,True,True,True,True
26,7,1,sparse,correlated,0.3,5,5,1.0,0,0.0,True,True,True,True,True
27,7,1,sparse,correlated,0.3,12,12,1.0,0,0.0,True,True,True,True,True
28,7,1,sparse,correlated,0.3,6,6,1.0,0,0.0,True,True,True,True,True
29,7,1,sparse,correlated,0.3,0,0,1.0,0,0.0,True,True,True,True,True
30,7,1,sparse,correlated,0.3,4,5,0.8,1,0.2,True,True,True,True,False
1,7,1,sparse,correlated,0.8,4,4,1.0,0,0.0,True,True,True,True,True
2,7,1,sparse,correlated,0.8,2,2,1.0,0,0.0,True,True,True,True,True
3,7,1,sparse,correlated,0.8,6,6,1.0,0,0.0,True,True,True,True,True
4,7,1,sparse,correlated,0.8,16,17,0.9411764705882353,1,0.058823529411764705,True,True,True,True,False
5,7,1,sparse,correlated,0.8,24,24,1.0,0,0.0,True,True,True,True,True
6,7,1,sparse,correlated,0.8,18,18,1.0,0,0.0,True,True,True,True,True
7,7,1,sparse,correlated,0.8,16,16,1.0,0,0.0,True,True,True,True,True
8,7,1,sparse,correlated,0.8,12,14,0.8571428571428571,2,0.14285714285714285,True,True,True,True,False
9,7,1,sparse,correlated,0.8,24,24,1.0,0,0.0,True,True,True,True,True
10,7,1,sparse,correlated,0.8,15,17,0.8823529411764706,2,0.11764705882352941,True,True,True,True,False
11,7,1,sparse,correlated,0.8,20,20,1.0,0,0.0,True,True,True,True,True
12,7,1,sparse,correlated,0.8,0,0,1.0,0,0.0,True,True,True,True,True
13,7,1,sparse,correlated,0.8,3,3,1.0,0,0.0,True,True,True,True,True
14,7,1,sparse,correlated,0.8,18,19,0.9473684210526315,1,0.05263157894736842,True,True,True,True,False
15,7,1,sparse,correlated,0.8,2,2,1.0,0,0.0,True,True,True,True,True
16,7,1,sparse,correlated,0.8,7,7,1.0,0,0.0,True,True,True,True,True
17,7,1,sparse,correlated,0.8,20,20,1.0,0,0.0,True,True,True,True,True
18,7,1,sparse,correlated,0.8,16,16,1.0,0,0.0,True,True,True,True,True
19,7,1,sparse,correlated,0.8,25,25,1.0,0,0.0,True,True,True,True,True
20,7,1,sparse,correlated,0.8,7,7,1.0,0,0.0,True,True,True,True,True
21,7,1,sparse,correlated,0.8,10,11,0.9090909090909091,1,0.09090909090909091,True,True,True,True,False
22,7,1,sparse,correlated,0.8,0,0,1.0,0,0.0,True,True,True,True,True
23,7,1,sparse,correlated,0.8,48,48,1.0,0,0.0,True,True,True,True,True
24,7,1,sparse,correlated,0.8,42,42,1.0,0,0.0,True,True,True,True,True
25,7,1,sparse,correlated,0.8,28,28,1.0,0,0.0,True,True,True,True,True
26,7,1,sparse,correlated,0.8,20,20,1.0,0,0.0,True,True,True,True,True
27,7,1,sparse,correlated,0.8,30,30,1.0,0,0.0,True,True,True,True,True
28,7,1,sparse,correlated,0.8,15,15,1.0,0,0.0,True,True,True,True,True
29,7,1,sparse,correlated,0.8,0,0,1.0,0,0.0,True,True,True,True,True
30,7,1,sparse,correlated,0.8,16,16,1.0,0,0.0,True,True,True,True,True
1,7,1,sparse,anticorrelated,0.3,13,13,1.0,0,0.0,True,True,True,True,True
2,7,1,sparse,anticorrelated,0.3,10,10,1.0,0,0.0,True,True,True,True,True
3,7,1,sparse,anticorrelated,0.3,20,20,1.0,0,0.0,True,True,True,True,True
4,7,1,sparse,anticorrelated,0.3,15,15,1.0,0,0.0,True,True,True,True,True
5,7,1,sparse,anticorrelated,0.3,17,17,1.0,0,0.0,True,True,True,True,True
6,7,1,sparse,anticorrelated,0.3,15,15,1.0,0,0.0,True,True,True,True,True
7,7,1,sparse,anticorrelated,0.3,39,39,1.0,0,0.0,True,True,True,True,True
8,7,1,sparse,anticorrelated,0.3,27,27,1.0,0,0.0,True,True,True,True,True
9,7,1,sparse,anticorrelated,0.3,30,30,1.0,0,0.0,True,True,True,True,True
10,7,1,sparse,anticorrelated,0.3,16,16,1.0,0,0.0,True,True,True,True,True
11,7,1,sparse,anticorrelated,0.3,15,15,1.0,0,0.0,True,True,True,True,True
12,7,1,sparse,anticorrelated,0.3,0,0,1.0,0,0.0,True,True,True,True,True
13,7,1,sparse,anticorrelated,0.3,9,9,1.0,0,0.0,True,True,True,True,True
14,7,1,sparse,anticorrelated,0.3,15,15,1.0,0,0.0,True,True,True,True,True
15,7,1,sparse,anticorrelated,0.3,11,11,1.0,0,0.0,True,True,True,True,True
16,7,1,sparse,anticorrelated,0.3,0,0,1.0,0,0.0,True,True,True,True,True
17,7,1,sparse,anticorrelated,0.3,14,14,1.0,0,0.0,True,True,True,True,True
18,7,1,sparse,anticorrelated,0.3,39,39,1.0,0,0.0,True,True,True,True,True
19,7,1,sparse,anticorrelated,0.3,36,36,1.0,0,0.0,True,True,True,True,True
20,7,1,sparse,anticorrelated,0.3,18,18,1.0,0,0.0,True,True,True,True,True
21,7,1,sparse,anticorrelated,0.3,14,14,1.0,0,0.0,True,True,True,True,True
22,7,1,sparse,anticorrelated,0.3,0,0,1.0,0,0.0,True,True,True,True,True
23,7,1,sparse,anticorrelated,0.3,51,51,1.0,0,0.0,True,True,True,True,True
24,7,1,sparse,anticorrelated,0.3,32,32,1.0,0,0.0,True,True,True,True,True
25,7,1,sparse,anticorrelated,0.3,16,16,1.0,0,0.0,True,True,True,True,True
26,7,1,sparse,anticorrelated,0.3,16,16,1.0,0,0.0,True,True,True,True,True
27,7,1,sparse,anticorrelated,0.3,34,34,1.0,0,0.0,True,True,True,True,True
28,7,1,sparse,anticorrelated,0.3,28,28,1.0,0,0.0,True,True,True,True,True
29,7,1,sparse,anticorrelated,0.3,0,0,1.0,0,0.0,True,True,True,True,True
30,7,1,sparse,anticorrelated,0.3,33,33,1.0,0,0.0,True,True,True,True,True
1,7,1,sparse,anticorrelated,0.8,13,13,1.0,0,0.0,True,True,True,True,True
2,7,1,sparse,anticorrelated,0.8,20,20,1.0,0,0.0,True,True,True,True,True
3,7,1,sparse,anticorrelated,0.8,60,60,1.0,0,0.0,True,True,True,True,True
4,7,1,sparse,anticorrelated,0.8,40,40,1.0,0,0.0,True,True,True,True,True
5,7,1,sparse,anticorrelated,0.8,68,68,1.0,0,0.0,True,True,True,True,True
6,7,1,sparse,anticorrelated,0.8,45,45,1.0,0,0.0,True,True,True,True,True
7,7,1,sparse,anticorrelated,0.8,104,104,1.0,0,0.0,True,True,True,True,True
8,7,1,sparse,anticorrelated,0.8,72,72,1.0,0,0.0,True,True,True,True,True
9,7,1,sparse,anticorrelated,0.8,90,90,1.0,0,0.0,True,True,True,True,True
10,7,1,sparse,anticorrelated,0.8,56,56,1.0,0,0.0,True,True,True,True,True
11,7,1,sparse,anticorrelated,0.8,60,60,1.0,0,0.0,True,True,True,True,True
12,7,1,sparse,anticorrelated,0.8,0,0,1.0,0,0.0,True,True,True,True,True
13,7,1,sparse,anticorrelated,0.8,27,27,1.0,0,0.0,True,True,True,True,True
14,7,1,sparse,anticorrelated,0.8,49,52,0.9423076923076923,3,0.057692307692307696,True,True,True,True,False
15,7,1,sparse,anticorrelated,0.8,11,11,1.0,0,0.0,True,True,True,True,True
16,7,1,sparse,anticorrelated,0.8,14,14,1.0,0,0.0,True,True,True,True,True
17,7,1,sparse,anticorrelated,0.8,56,56,1.0,0,0.0,True,True,True,True,True
18,7,1,sparse,anticorrelated,0.8,104,104,1.0,0,0.0,True,True,True,True,True
19,7,1,sparse,anticorrelated,0.8,120,120,1.0,0,0.0,True,True,True,True,True
20,7,1,sparse,anticorrelated,0.8,63,63,1.0,0,0.0,True,True,True,True,True
21,7,1,sparse,anticorrelated,0.8,49,49,1.0,0,0.0,True,True,True,True,True
22,7,1,sparse,anticorrelated,0.8,0,0,1.0,0,0.0,True,True,True,True,True
23,7,1,sparse,anticorrelated,0.8,136,136,1.0,0,0.0,True,True,True,True,True
24,7,1,sparse,anticorrelated,0.8,112,112,1.0,0,0.0,True,True,True,True,True
25,7,1,sparse,anticorrelated,0.8,64,64,1.0,0,0.0,True,True,True,True,True
26,7,1,sparse,anticorrelated,0.8,64,64,1.0,0,0.0,True,True,True,True,True
27,7,1,sparse,anticorrelated,0.8,85,85,1.0,0,0.0,True,True,True,True,True
28,7,1,sparse,anticorrelated,0.8,70,70,1.0,0,0.0,True,True,True,True,True
29,7,1,sparse,anticorrelated,0.8,0,0,1.0,0,0.0,True,True,True,True,True
30,7,1,sparse,anticorrelated,0.8,88,88,1.0,0,0.0,True,True,True,True,True
1,7,2,dense,random,0.3,90,90,1.0,0,0.0,True,True,True,True,True
2,7,2,dense,random,0.3,110,145,0.7586206896551724,35,0.2413793103448276,True,True,True,True,False
3,7,2,dense,random,0.3,162,162,1.0,0,0.0,True,True,True,True,True
4,7,2,dense,random,0.3,144,155,0.9290322580645162,11,0.07096774193548387,True,True,True,True,False
5,7,2,dense,random,0.3,116,132,0.8787878787878788,16,0.12121212121212122,True,True,True,True,False
6,7,2,dense,random,0.3,153,153,1.0,0,0.0,True,True,True,True,True
7,7,2,dense,random,0.3,128,161,0.7950310559006211,33,0.20496894409937888,True,True,True,True,False
8,7,2,dense,random,0.3,97,132,0.7348484848484849,35,0.26515151515151514,True,True,True,True,False
9,7,2,dense,random,0.3,234,234,1.0,0,0.0,True,True,True,True,True
10,7,2,dense,random,0.3,219,219,1.0,0,0.0,True,True,True,True,True
11,7,2,dense,random,0.3,388,388,1.0,0,0.0,True,True,True,True,True
12,7,2,dense,random,0.3,91,91,1.0,0,0.0,True,True,True,True,True
13,7,2,dense,random,0.3,279,279,1.0,0,0.0,True,True,True,True,True
14,7,2,dense,random,0.3,94,94,1.0,0,0.0,True,True,True,True,True
15,7,2,dense,random,0.3,97,115,0.8434782608695652,18,0.1565217391304348,True,True,True,True,False
16,7,2,dense,random,0.3,165,179,0.9217877094972067,14,0.0782122905027933,True,True,True,True,False
17,7,2,dense,random,0.3,195,195,1.0,0,0.0,True,True,True,True,True
18,7,2,dense,random,0.3,201,201,1.0,0,0.0,True,True,True,True,True
19,7,2,dense,random,0.3,194,194,1.0,0,0.0,True,True,True,True,True
20,7,2,dense,random,0.3,273,273,1.0,0,0.0,True,True,True,True,True
21,7,2,dense,random,0.3,176,176,1.0,0,0.0,True,True,True,True,True
22,7,2,dense,random,0.3,273,277,0.9855595667870036,4,0.01444043321299639,True,True,True,True,False
23,7,2,dense,random,0.3,96,96,1.0,0,0.0,True,True,True,True,True
24,7,2,dense,random,0.3,106,148,0.7162162162162162,42,0.28378378378378377,True,True,True,True,False
25,7,2,dense,random,0.3,297,297,1.0,0,0.0,True,True,True,True,True
26,7,2,dense,random,0.3,94,122,0.7704918032786885,28,0.22950819672131148,True,True,True,True,False
27,7,2,dense,random,0.3,190,190,1.0,0,0.0,True,True,True,True,True
28,7,2,dense,random,0.3,90,94,0.9574468085106383,4,0.0425531914893617,True,True,True,True,False
29,7,2,dense,random,0.3,150,159,0.9433962264150944,9,0.05660377358490566,True,True,True,True,False
30,7,2,dense,random,0.3,194,194,1.0,0,0.0,True,True,True,True,True
1,7,2,dense,random,0.8,270,317,0.8517350157728707,47,0.14826498422712933,True,True,True,True,False
2,7,2,dense,random,0.8,392,490,0.8,98,0.2,True,True,True,True,False
3,7,2,dense,random,0.8,497,547,0.9085923217550275,50,0.09140767824497258,True,True,True,True,False
4,7,2,dense,random,0.8,384,417,0.920863309352518,33,0.07913669064748201,True,True,True,True,False
5,7,2,dense,random,0.8,356,396,0.898989898989899,40,0.10101010101010101,True,True,True,True,False
6,7,2,dense,random,0.8,459,459,1.0,0,0.0,True,True,True,True,True
7,7,2,dense,random,0.8,388,421,0.9216152019002375,33,0.07838479809976247,True,True,True,True,False
8,7,2,dense,random,0.8,388,458,0.8471615720524017,70,0.15283842794759825,True,True,True,True,False
9,7,2,dense,random,0.8,780,780,1.0,0,0.0,True,True,True,True,True
10,7,2,dense,random,0.8,584,584,1.0,0,0.0,True,True,True,True,True
11,7,2,dense,random,0.8,1067,1067,1.0,0,0.0,True,True,True,True,True
12,7,2,dense,random,0.8,304,400,0.76,96,0.24,True,True,True,True,False
13,7,2,dense,random,0.8,744,744,1.0,0,0.0,True,True,True,True,True
14,7,2,dense,random,0.8,282,344,0.8197674418604651,62,0.18023255813953487,True,True,True,True,False
15,7,2,dense,random,0.8,336,406,0.8275862068965517,70,0.1724137931034483,True,True,True,True,False
16,7,2,dense,random,0.8,440,498,0.8835341365461847,58,0.11646586345381527,True,True,True,True,False
17,7,2,dense,random,0.8,585,585,1.0,0,0.0,True,True,True,True,True
18,7,2,dense,random,0.8,603,611,0.9869067103109657,8,0.01309328968903437,True,True,True,True,False
19,7,2,dense,random,0.8,485,558,0.8691756272401434,73,0.13082437275985664,True,True,True,True,False
20,7,2,dense,random,0.8,819,819,1.0,0,0.0,True,True,True,True,True
21,7,2,dense,random,0.8,528,528,1.0,0,0.0,True,True,True,True,True
22,7,2,dense,random,0.8,819,827,0.9903264812575574,8,0.009673518742442563,True,True,True,True,False
23,7,2,dense,random,0.8,256,280,0.9142857142857143,24,0.08571428571428572,True,True,True,True,False
24,7,2,dense,random,0.8,380,433,0.8775981524249422,53,0.12240184757505773,True,True,True,True,False
25,7,2,dense,random,0.8,792,792,1.0,0,0.0,True,True,True,True,True
26,7,2,dense,random,0.8,315,387,0.813953488372093,72,0.18604651162790697,True,True,True,True,False
27,7,2,dense,random,0.8,570,724,0.787292817679558,154,0.212707182320442,True,True,True,True,False
28,7,2,dense,random,0.8,360,374,0.9625668449197861,14,0.0374331550802139,True,True,True,True,False
29,7,2,dense,random,0.8,450,459,0.9803921568627451,9,0.0196078431372549,True,True,True,True,False
30,7,2,dense,random,0.8,582,708,0.8220338983050848,126,0.17796610169491525,True,True,True,True,False
1,7,2,dense,correlated,0.3,8,8,1.0,0,0.0,True,True,True,True,True
2,7,2,dense,correlated,0.3,8,8,1.0,0,0.0,True,True,True,True,True
3,7,2,dense,correlated,0.3,16,18,0.8888888888888888,2,0.1111111111111111,True,True,True,True,False
4,7,2,dense,correlated,0.3,10,10,1.0,0,0.0,True,True,True,True,True
5,7,2,dense,correlated,0.3,21,21,1.0,0,0.0,True,True,True,True,True
6,7,2,dense,correlated,0.3,12,12,1.0,0,0.0,True,True,True,True,True
7,7,2,dense,correlated,0.3,14,18,0.7777777777777778,4,0.2222222222222222,True,True,True,True,False
8,7,2,dense,correlated,0.3,16,16,1.0,0,0.0,True,True,True,True,True
9,7,2,dense,correlated,0.3,9,10,0.9,1,0.1,True,True,True,True,False
10,7,2,dense,correlated,0.3,8,9,0.8888888888888888,1,0.1111111111111111,True,True,True,True,False
11,7,2,dense,correlated,0.3,12,15,0.8,3,0.2,True,True,True,True,False
12,7,2,dense,correlated,0.3,9,9,1.0,0,0.0,True,True,True,True,True
13,7,2,dense,correlated,0.3,9,13,0.6923076923076923,4,0.3076923076923077,True,True,True,True,False
14,7,2,dense,correlated,0.3,8,9,0.8888888888888888,1,0.1111111111111111,True,True,True,True,False
15,7,2,dense,correlated,0.3,7,7,1.0,0,0.0,True,True,True,True,True
16,7,2,dense,correlated,0.3,9,10,0.9,1,0.1,True,True,True,True,False
17,7,2,dense,correlated,0.3,21,21,1.0,0,0.0,True,True,True,True,True
18,7,2,dense,correlated,0.3,16,17,0.9411764705882353,1,0.058823529411764705,True,True,True,True,False
19,7,2,dense,correlated,0.3,6,6,1.0,0,0.0,True,True,True,True,True
20,7,2,dense,correlated,0.3,14,14,1.0,0,0.0,True,True,True,True,True
21,7,2,dense,correlated,0.3,10,12,0.8333333333333334,2,0.16666666666666666,True,True,True,True,False
22,7,2,dense,correlated,0.3,12,14,0.8571428571428571,2,0.14285714285714285,True,True,True,True,False
23,7,2,dense,correlated,0.3,8,9,0.8888888888888888,1,0.1111111111111111,True,True,True,True,False
24,7,2,dense,correlated,0.3,7,7,1.0,0,0.0,True,True,True,True,True
25,7,2,dense,correlated,0.3,9,12,0.75,3,0.25,True,True,True,True,False
26,7,2,dense,correlated,0.3,16,16,1.0,0,0.0,True,True,True,True,True
27,7,2,dense,correlated,0.3,11,15,0.7333333333333333,4,0.26666666666666666,True,True,True,True,False
28,7,2,dense,correlated,0.3,8,10,0.8,2,0.2,True,True,True,True,False
29,7,2,dense,correlated,0.3,18,18,1.0,0,0.0,True,True,True,True,True
30,7,2,dense,correlated,0.3,21,21,1.0,0,0.0,True,True,True,True,True
1,7,2,dense,correlated,0.8,24,31,0.7741935483870968,7,0.22580645161290322,True,True,True,True,False
2,7,2,dense,correlated,0.8,24,28,0.8571428571428571,4,0.14285714285714285,True,True,True,True,False
3,7,2,dense,correlated,0.8,48,52,0.9230769230769231,4,0.07692307692307693,True,True,True,True,False
4,7,2,dense,correlated,0.8,32,38,0.8421052631578947,6,0.15789473684210525,True,True,True,True,False
5,7,2,dense,correlated,0.8,70,70,1.0,0,0.0,True,True,True,True,True
6,7,2,dense,correlated,0.8,36,36,1.0,0,0.0,True,True,True,True,True
7,7,2,dense,correlated,0.8,49,51,0.9607843137254902,2,0.0392156862745098,True,True,True,True,False
8,7,2,dense,correlated,0.8,48,48,1.0,0,0.0,True,True,True,True,True
9,7,2,dense,correlated,0.8,36,36,1.0,0,0.0,True,True,True,True,True
10,7,2,dense,correlated,0.8,40,40,1.0,0,0.0,True,True,True,True,True
11,7,2,dense,correlated,0.8,44,46,0.9565217391304348,2,0.043478260869565216,True,True,True,True,False
12,7,2,dense,correlated,0.8,27,27,1.0,0,0.0,True,True,True,True,True
13,7,2,dense,correlated,0.8,45,45,1.0,0,0.0,True,True,True,True,True
14,7,2,dense,correlated,0.8,32,32,1.0,0,0.0,True,True,True,True,True
15,7,2,dense,correlated,0.8,16,22,0.7272727272727273,6,0.2727272727272727,True,True,True,True,False
16,7,2,dense,correlated,0.8,36,43,0.8372093023255814,7,0.16279069767441862,True,True,True,True,False
17,7,2,dense,correlated,0.8,56,58,0.9655172413793104,2,0.034482758620689655,True,True,True,True,False
18,7,2,dense,correlated,0.8,40,59,0.6779661016949152,19,0.3220338983050847,True,True,True,True,False
19,7,2,dense,correlated,0.8,20,20,1.0,0,0.0,True,True,True,True,True
20,7,2,dense,correlated,0.8,42,42,1.0,0,0.0,True,True,True,True,True
21,7,2,dense,correlated,0.8,30,36,0.8333333333333334,6,0.16666666666666666,True,True,True,True,False
22,7,2,dense,correlated,0.8,36,38,0.9473684210526315,2,0.05263157894736842,True,True,True,True,False
23,7,2,dense,correlated,0.8,32,32,1.0,0,0.0,True,True,True,True,True
24,7,2,dense,correlated,0.8,21,23,0.9130434782608695,2,0.08695652173913043,True,True,True,True,False
25,7,2,dense,correlated,0.8,36,39,0.9230769230769231,3,0.07692307692307693,True,True,True,True,False
26,7,2,dense,correlated,0.8,40,42,0.9523809523809523,2,0.047619047619047616,True,True,True,True,False
27,7,2,dense,correlated,0.8,44,44,1.0,0,0.0,True,True,True,True,True
28,7,2,dense,correlated,0.8,32,36,0.8888888888888888,4,0.1111111111111111,True,True,True,True,False
29,7,2,dense,correlated,0.8,54,54,1.0,0,0.0,True,True,True,True,True
30,7,2,dense,correlated,0.8,56,56,1.0,0,0.0,True,True,True,True,True
1,7,2,dense,anticorrelated,0.3,36,36,1.0,0,0.0,True,True,True,True,True
2,7,2,dense,anticorrelated,0.3,28,28,1.0,0,0.0,True,True,True,True,True
3,7,2,dense,anticorrelated,0.3,48,49,0.9795918367346939,1,0.02040816326530612,True,True,True,True,False
4,7,2,dense,anticorrelated,0.3,39,39,1.0,0,0.0,True,True,True,True,True
5,7,2,dense,anticorrelated,0.3,57,57,1.0,0,0.0,True,True,True,True,True
6,7,2,dense,anticorrelated,0.3,30,30,1.0,0,0.0,True,True,True,True,True
7,7,2,dense,anticorrelated,0.3,34,34,1.0,0,0.0,True,True,True,True,True
8,7,2,dense,anticorrelated,0.3,36,36,1.0,0,0.0,True,True,True,True,True
9,7,2,dense,anticorrelated,0.3,44,44,1.0,0,0.0,True,True,True,True,True
10,7,2,dense,anticorrelated,0.3,30,30,1.0,0,0.0,True,True,True,True,True
11,7,2,dense,anticorrelated,0.3,28,31,0.9032258064516129,3,0.0967741935483871,True,True,True,True,False
12,7,2,dense,anticorrelated,0.3,42,42,1.0,0,0.0,True,True,True,True,True
13,7,2,dense,anticorrelated,0.3,45,45,1.0,0,0.0,True,True,True,True,True
14,7,2,dense,anticorrelated,0.3,20,23,0.8695652173913043,3,0.13043478260869565,True,True,True,True,False
15,7,2,dense,anticorrelated,0.3,33,33,1.0,0,0.0,True,True,True,True,True
16,7,2,dense,anticorrelated,0.3,14,24,0.5833333333333334,10,0.4166666666666667,True,True,True,True,False
17,7,2,dense,anticorrelated,0.3,57,57,1.0,0,0.0,True,True,True,True,True
18,7,2,dense,anticorrelated,0.3,36,38,0.9473684210526315,2,0.05263157894736842,True,True,True,True,False
19,7,2,dense,anticorrelated,0.3,42,42,1.0,0,0.0,True,True,True,True,True
20,7,2,dense,anticorrelated,0.3,30,30,1.0,0,0.0,True,True,True,True,True
21,7,2,dense,anticorrelated,0.3,52,52,1.0,0,0.0,True,True,True,True,True
22,7,2,dense,anticorrelated,0.3,42,46,0.9130434782608695,4,0.08695652173913043,True,True,True,True,False
23,7,2,dense,anticorrelated,0.3,30,30,1.0,0,0.0,True,True,True,True,True
24,7,2,dense,anticorrelated,0.3,24,24,1.0,0,0.0,True,True,True,True,True
25,7,2,dense,anticorrelated,0.3,24,26,0.9230769230769231,2,0.07692307692307693,True,True,True,True,False
26,7,2,dense,anticorrelated,0.3,36,36,1.0,0,0.0,True,True,True,True,True
27,7,2,dense,anticorrelated,0.3,28,42,0.6666666666666666,14,0.3333333333333333,True,True,True,True,False
28,7,2,dense,anticorrelated,0.3,52,52,1.0,0,0.0,True,True,True,True,True
29,7,2,dense,anticorrelated,0.3,34,34,1.0,0,0.0,True,True,True,True,True
30,7,2,dense,anticorrelated,0.3,51,51,1.0,0,0.0,True,True,True,True,True
1,7,2,dense,anticorrelated,0.8,108,109,0.9908256880733946,1,0.009174311926605505,True,True,True,True,False
2,7,2,dense,anticorrelated,0.8,84,94,0.8936170212765957,10,0.10638297872340426,True,True,True,True,False
3,7,2,dense,anticorrelated,0.8,128,132,0.9696969696969697,4,0.030303030303030304,True,True,True,True,False
4,7,2,dense,anticorrelated,0.8,104,104,1.0,0,0.0,True,True,True,True,True
5,7,2,dense,anticorrelated,0.8,190,190,1.0,0,0.0,True,True,True,True,True
6,7,2,dense,anticorrelated,0.8,90,90,1.0,0,0.0,True,True,True,True,True
7,7,2,dense,anticorrelated,0.8,119,119,1.0,0,0.0,True,True,True,True,True
8,7,2,dense,anticorrelated,0.8,108,112,0.9642857142857143,4,0.03571428571428571,True,True,True,True,False
9,7,2,dense,anticorrelated,0.8,132,132,1.0,0,0.0,True,True,True,True,True
10,7,2,dense,anticorrelated,0.8,85,94,0.9042553191489362,9,0.09574468085106383,True,True,True,True,False
11,7,2,dense,anticorrelated,0.8,84,93,0.9032258064516129,9,0.0967741935483871,True,True,True,True,False
12,7,2,dense,anticorrelated,0.8,126,126,1.0,0,0.0,True,True,True,True,True
13,7,2,dense,anticorrelated,0.8,150,150,1.0,0,0.0,True,True,True,True,True
14,7,2,dense,anticorrelated,0.8,60,67,0.8955223880597015,7,0.1044776119402985,True,True,True,True,False
15,7,2,dense,anticorrelated,0.8,88,90,0.9777777777777777,2,0.022222222222222223,True,True,True,True,False
16,7,2,dense,anticorrelated,0.8,70,76,0.9210526315789473,6,0.07894736842105263,True,True,True,True,False
17,7,2,dense,anticorrelated,0.8,152,152,1.0,0,0.0,True,True,True,True,True
18,7,2,dense,anticorrelated,0.8,90,123,0.7317073170731707,33,0.2682926829268293,True,True,True,True,False
19,7,2,dense,anticorrelated,0.8,140,140,1.0,0,0.0,True,True,True,True,True
20,7,2,dense,anticorrelated,0.8,90,90,1.0,0,0.0,True,True,True,True,True
21,7,2,dense,anticorrelated,0.8,143,143,1.0,0,0.0,True,True,True,True,True
22,7,2,dense,anticorrelated,0.8,126,134,0.9402985074626866,8,0.05970149253731343,True,True,True,True,False
23,7,2,dense,anticorrelated,0.8,80,90,0.8888888888888888,10,0.1111111111111111,True,True,True,True,False
24,7,2,dense,anticorrelated,0.8,72,80,0.9,8,0.1,True,True,True,True,False
25,7,2,dense,anticorrelated,0.8,84,84,1.0,0,0.0,True,True,True,True,True
26,7,2,dense,anticorrelated,0.8,90,108,0.8333333333333334,18,0.16666666666666666,True,True,True,True,False
27,7,2,dense,anticorrelated,0.8,84,112,0.75,28,0.25,True,True,True,True,False
28,7,2,dense,anticorrelated,0.8,156,156,1.0,0,0.0,True,True,True,True,True
29,7,2,dense,anticorrelated,0.8,102,102,1.0,0,0.0,True,True,True,True,True
30,7,2,dense,anticorrelated,0.8,136,136,1.0,0,0.0,True,True,True,True,True
1,7,2,sparse,random,0.3,88,116,0.7586206896551724,28,0.2413793103448276,True,True,True,True,False
2,7,2,sparse,random,0.3,54,102,0.5294117647058824,48,0.47058823529411764,True,True,True,True,False
3,7,2,sparse,random,0.3,83,83,1.0,0,0.0,True,True,True,True,True
4,7,2,sparse,random,0.3,176,191,0.9214659685863874,15,0.07853403141361257,True,True,True,True,False
5,7,2,sparse,random,0.3,16,16,1.0,0,0.0,True,True,True,True,True
6,7,2,sparse,random,0.3,228,304,0.75,76,0.25,True,True,True,True,False
7,7,2,sparse,random,0.3,104,120,0.8666666666666667,16,0.13333333333333333,True,True,True,True,False
8,7,2,sparse,random,0.3,90,90,1.0,0,0.0,True,True,True,True,True
9,7,2,sparse,random,0.3,34,34,1.0,0,0.0,True,True,True,True,True
10,7,2,sparse,random,0.3,117,117,1.0,0,0.0,True,True,True,True,True
11,7,2,sparse,random,0.3,140,140,1.0,0,0.0,True,True,True,True,True
12,7,2,sparse,random,0.3,180,180,1.0,0,0.0,True,True,True,True,True
13,7,2,sparse,random,0.3,74,74,1.0,0,0.0,True,True,True,True,True
14,7,2,sparse,random,0.3,78,78,1.0,0,0.0,True,True,True,True,True
15,7,2,sparse,random,0.3,99,158,0.6265822784810127,59,0.37341772151898733,True,True,True,True,False
16,7,2,sparse,random,0.3,122,122,1.0,0,0.0,True,True,True,True,True
17,7,2,sparse,random,0.3,90,90,1.0,0,0.0,True,True,True,True,True
18,7,2,sparse,random,0.3,83,143,0.5804195804195804,60,0.4195804195804196,True,True,True,True,False
19,7,2,sparse,random,0.3,90,90,1.0,0,0.0,True,True,True,True,True
20,7,2,sparse,random,0.3,85,85,1.0,0,0.0,True,True,True,True,True
21,7,2,sparse,random,0.3,86,86,1.0,0,0.0,True,True,True,True,True
22,7,2,sparse,random,0.3,75,75,1.0,0,0.0,True,True,True,True,True
23,7,2,sparse,random,0.3,17,17,1.0,0,0.0,True,True,True,True,True
24,7,2,sparse,random,0.3,80,157,0.5095541401273885,77,0.49044585987261147,True,True,True,True,False
25,7,2,sparse,random,0.3,90,178,0.5056179775280899,88,0.4943820224719101,True,True,True,True,False
26,7,2,sparse,random,0.3,33,45,0.7333333333333333,12,0.26666666666666666,True,True,True,True,False
27,7,2,sparse,random,0.3,71,135,0.5259259259259259,64,0.4740740740740741,True,True,True,True,False
28,7,2,sparse,random,0.3,71,142,0.5,71,0.5,True,True,True,True,False
29,7,2,sparse,random,0.3,39,39,1.0,0,0.0,True,True,True,True,True
30,7,2,sparse,random,0.3,118,118,1.0,0,0.0,True,True,True,True,True
1,7,2,sparse,random,0.8,264,292,0.9041095890410958,28,0.0958904109589041,True,True,True,True,False
2,7,2,sparse,random,0.8,192,356,0.5393258426966292,164,0.4606741573033708,True,True,True,True,False
3,7,2,sparse,random,0.8,332,334,0.9940119760479041,2,0.005988023952095809,True,True,True,True,False
4,7,2,sparse,random,0.8,616,661,0.9319213313161876,45,0.0680786686838124,True,True,True,True,False
5,7,2,sparse,random,0.8,80,161,0.4968944099378882,81,0.5031055900621118,True,True,True,True,False
6,7,2,sparse,random,0.8,608,836,0.7272727272727273,228,0.2727272727272727,True,True,True,True,False
7,7,2,sparse,random,0.8,312,404,0.7722772277227723,92,0.22772277227722773,True,True,True,True,False
8,7,2,sparse,random,0.8,180,180,1.0,0,0.0,True,True,True,True,True
9,7,2,sparse,random,0.8,34,34,1.0,0,0.0,True,True,True,True,True
10,7,2,sparse,random,0.8,312,358,0.8715083798882681,46,0.12849162011173185,True,True,True,True,False
11,7,2,sparse,random,0.8,350,360,0.9722222222222222,10,0.027777777777777776,True,True,True,True,False
12,7,2,sparse,random,0.8,450,499,0.9018036072144289,49,0.09819639278557114,True,True,True,True,False
13,7,2,sparse,random,0.8,74,74,1.0,0,0.0,True,True,True,True,True
14,7,2,sparse,random,0.8,273,465,0.5870967741935483,192,0.4129032258064516,True,True,True,True,False
15,7,2,sparse,random,0.8,236,488,0.48360655737704916,252,0.5163934426229508,True,True,True,True,False
16,7,2,sparse,random,0.8,305,385,0.7922077922077922,80,0.2077922077922078,True,True,True,True,False
17,7,2,sparse,random,0.8,198,378,0.5238095238095238,180,0.47619047619047616,True,True,True,True,False
18,7,2,sparse,random,0.8,332,572,0.5804195804195804,240,0.4195804195804196,True,True,True,True,False
19,7,2,sparse,random,0.8,180,180,1.0,0,0.0,True,True,True,True,True
20,7,2,sparse,random,0.8,255,264,0.9659090909090909,9,0.03409090909090909,True,True,True,True,False
21,7,2,sparse,random,0.8,240,248,0.967741935483871,8,0.03225806451612903,True,True,True,True,False
22,7,2,sparse,random,0.8,300,380,0.7894736842105263,80,0.21052631578947367,True,True,True,True,False
23,7,2,sparse,random,0.8,142,190,0.7473684210526316,48,0.25263157894736843,True,True,True,True,False
24,7,2,sparse,random,0.8,231,311,0.7427652733118971,80,0.2572347266881029,True,True,True,True,False
25,7,2,sparse,random,0.8,180,356,0.5056179775280899,176,0.4943820224719101,True,True,True,True,False
26,7,2,sparse,random,0.8,190,190,1.0,0,0.0,True,True,True,True,True
27,7,2,sparse,random,0.8,142,270,0.5259259259259259,128,0.4740740740740741,True,True,True,True,False
28,7,2,sparse,random,0.8,284,568,0.5,284,0.5,True,True,True,True,False
29,7,2,sparse,random,0.8,156,241,0.6473029045643154,85,0.35269709543568467,True,True,True,True,False
30,7,2,sparse,random,0.8,413,565,0.7309734513274336,152,0.26902654867256637,True,True,True,True,False
1,7,2,sparse,correlated,0.3,2,3,0.6666666666666666,1,0.3333333333333333,True,True,True,True,False
2,7,2,sparse,correlated,0.3,12,14,0.8571428571428571,2,0.14285714285714285,True,True,True,True,False
3,7,2,sparse,correlated,0.3,1,2,0.5,1,0.5,True,True,True,True,False
4,7,2,sparse,correlated,0.3,8,9,0.8888888888888888,1,0.1111111111111111,True,True,True,True,False
5,7,2,sparse,correlated,0.3,12,15,0.8,3,0.2,True,True,True,True,False
6,7,2,sparse,correlated,0.3,8,8,1.0,0,0.0,True,True,True,True,True
7,7,2,sparse,correlated,0.3,5,5,1.0,0,0.0,True,True,True,True,True
8,7,2,sparse,correlated,0.3,8,14,0.5714285714285714,6,0.42857142857142855,True,True,True,True,False
9,7,2,sparse,correlated,0.3,1,1,1.0,0,0.0,True,True,True,True,True
10,7,2,sparse,correlated,0.3,7,8,0.875,1,0.125,True,True,True,True,False
11,7,2,sparse,correlated,0.3,5,5,1.0,0,0.0,True,True,True,True,True
12,7,2,sparse,correlated,0.3,6,6,1.0,0,0.0,True,True,True,True,True
13,7,2,sparse,correlated,0.3,1,1,1.0,0,0.0,True,True,True,True,True
14,7,2,sparse,correlated,0.3,4,4,1.0,0,0.0,True,True,True,True,True
15,7,2,sparse,correlated,0.3,9,11,0.8181818181818182,2,0.18181818181818182,True,True,True,True,False
16,7,2,sparse,correlated,0.3,18,20,0.9,2,0.1,True,True,True,True,False
17,7,2,sparse,correlated,0.3,8,8,1.0,0,0.0,True,True,True,True,True
18,7,2,sparse,correlated,0.3,4,4,1.0,0,0.0,True,True,True,True,True
19,7,2,sparse,correlated,0.3,10,11,0.9090909090909091,1,0.09090909090909091,True,True,True,True,False
20,7,2,sparse,correlated,0.3,18,19,0.9473684210526315,1,0.05263157894736842,True,True,True,True,False
21,7,2,sparse,correlated,0.3,3,3,1.0,0,0.0,True,True,True,True,True
22,7,2,sparse,correlated,0.3,6,6,1.0,0,0.0,True,True,True,True,True
23,7,2,sparse,correlated,0.3,12,15,0.8,3,0.2,True,True,True,True,False
24,7,2,sparse,correlated,0.3,10,10,1.0,0,0.0,True,True,True,True,True
25,7,2,sparse,correlated,0.3,6,6,1.0,0,0.0,True,True,True,True,True
26,7,2,sparse,correlated,0.3,4,7,0.5714285714285714,3,0.42857142857142855,True,True,True,True,False
27,7,2,sparse,correlated,0.3,5,5,1.0,0,0.0,True,True,True,True,True
28,7,2,sparse,correlated,0.3,2,2,1.0,0,0.0,True,True,True,True,True
29,7,2,sparse,correlated,0.3,1,1,1.0,0,0.0,True,True,True,True,True
30,7,2,sparse,correlated,0.3,18,18,1.0,0,0.0,True,True,True,True,True
1,7,2,sparse,correlated,0.8,6,7,0.8571428571428571,1,0.14285714285714285,True,True,True,True,False
2,7,2,sparse,correlated,0.8,36,42,0.8571428571428571,6,0.14285714285714285,True,True,True,True,False
3,7,2,sparse,correlated,0.8,6,13,0.46153846153846156,7,0.5384615384615384,True,True,True,True,False
4,7,2,sparse,correlated,0.8,20,24,0.8333333333333334,4,0.16666666666666666,True,True,True,True,False
5,7,2,sparse,correlated,0.8,32,44,0.7272727272727273,12,0.2727272727272727,True,True,True,True,False
6,7,2,sparse,correlated,0.8,16,26,0.6153846153846154,10,0.38461538461538464,True,True,True,True,False
7,7,2,sparse,correlated,0.8,20,21,0.9523809523809523,1,0.047619047619047616,True,True,True,True,False
8,7,2,sparse,correlated,0.8,20,35,0.5714285714285714,15,0.42857142857142855,True,True,True,True,False
9,7,2,sparse,correlated,0.8,8,13,0.6153846153846154,5,0.38461538461538464,True,True,True,True,False
10,7,2,sparse,correlated,0.8,28,28,1.0,0,0.0,True,True,True,True,True
11,7,2,sparse,correlated,0.8,15,15,1.0,0,0.0,True,True,True,True,True
12,7,2,sparse,correlated,0.8,12,13,0.9230769230769231,1,0.07692307692307693,True,True,True,True,False
13,7,2,sparse,correlated,0.8,10,11,0.9090909090909091,1,0.09090909090909091,True,True,True,True,False
14,7,2,sparse,correlated,0.8,18,22,0.8181818181818182,4,0.18181818181818182,True,True,True,True,False
15,7,2,sparse,correlated,0.8,24,34,0.7058823529411765,10,0.29411764705882354,True,True,True,True,False
16,7,2,sparse,correlated,0.8,48,61,0.7868852459016393,13,0.21311475409836064,True,True,True,True,False
17,7,2,sparse,correlated,0.8,24,24,1.0,0,0.0,True,True,True,True,True
18,7,2,sparse,correlated,0.8,12,15,0.8,3,0.2,True,True,True,True,False
19,7,2,sparse,correlated,0.8,30,34,0.8823529411764706,4,0.11764705882352941,True,True,True,True,False
20,7,2,sparse,correlated,0.8,48,53,0.9056603773584906,5,0.09433962264150944,True,True,True,True,False
21,7,2,sparse,correlated,0.8,12,18,0.6666666666666666,6,0.3333333333333333,True,True,True,True,False
22,7,2,sparse,correlated,0.8,18,32,0.5625,14,0.4375,True,True,True,True,False
23,7,2,sparse,correlated,0.8,36,45,0.8,9,0.2,True,True,True,True,False
24,7,2,sparse,correlated,0.8,25,27,0.9259259259259259,2,0.07407407407407407,True,True,True,True,False
25,7,2,sparse,correlated,0.8,18,18,1.0,0,0.0,True,True,True,True,True
26,7,2,sparse,correlated,0.8,12,21,0.5714285714285714,9,0.42857142857142855,True,True,True,True,False
27,7,2,sparse,correlated,0.8,10,11,0.9090909090909091,1,0.09090909090909091,True,True,True,True,False
28,7,2,sparse,correlated,0.8,6,12,0.5,6,0.5,True,True,True,True,False
29,7,2,sparse,correlated,0.8,14,24,0.5833333333333334,10,0.4166666666666667,True,True,True,True,False
30,7,2,sparse,correlated,0.8,54,56,0.9642857142857143,2,0.03571428571428571,True,True,True,True,False
1,7,2,sparse,anticorrelated,0.3,16,26,0.6153846153846154,10,0.38461538461538464,True,True,True,True,False
2,7,2,sparse,anticorrelated,0.3,40,70,0.5714285714285714,30,0.42857142857142855,True,True,True,True,False
3,7,2,sparse,anticorrelated,0.3,11,22,0.5,11,0.5,True,True,True,True,False
4,7,2,sparse,anticorrelated,0.3,28,39,0.717948717948718,11,0.28205128205128205,True,True,True,True,False
5,7,2,sparse,anticorrelated,0.3,51,67,0.7611940298507462,16,0.23880597014925373,True,True,True,True,False
6,7,2,sparse,anticorrelated,0.3,16,27,0.5925925925925926,11,0.4074074074074074,True,True,True,True,False
7,7,2,sparse,anticorrelated,0.3,15,15,1.0,0,0.0,True,True,True,True,True
8,7,2,sparse,anticorrelated,0.3,32,62,0.5161290322580645,30,0.4838709677419355,True,True,True,True,False
9,7,2,sparse,anticorrelated,0.3,7,7,1.0,0,0.0,True,True,True,True,True
10,7,2,sparse,anticorrelated,0.3,20,25,0.8,5,0.2,True,True,True,True,False
11,7,2,sparse,anticorrelated,0.3,12,12,1.0,0,0.0,True,True,True,True,True
12,7,2,sparse,anticorrelated,0.3,24,24,1.0,0,0.0,True,True,True,True,True
13,7,2,sparse,anticorrelated,0.3,7,7,1.0,0,0.0,True,True,True,True,True
14,7,2,sparse,anticorrelated,0.3,32,32,1.0,0,0.0,True,True,True,True,True
15,7,2,sparse,anticorrelated,0.3,45,59,0.7627118644067796,14,0.23728813559322035,True,True,True,True,False
16,7,2,sparse,anticorrelated,0.3,57,81,0.7037037037037037,24,0.2962962962962963,True,True,True,True,False
17,7,2,sparse,anticorrelated,0.3,30,30,1.0,0,0.0,True,True,True,True,True
18,7,2,sparse,anticorrelated,0.3,15,15,1.0,0,0.0,True,True,True,True,True
19,7,2,sparse,anticorrelated,0.3,34,42,0.8095238095238095,8,0.19047619047619047,True,True,True,True,False
20,7,2,sparse,anticorrelated,0.3,60,73,0.821917808219178,13,0.1780821917808219,True,True,True,True,False
21,7,2,sparse,anticorrelated,0.3,13,13,1.0,0,0.0,True,True,True,True,True
22,7,2,sparse,anticorrelated,0.3,18,18,1.0,0,0.0,True,True,True,True,True
23,7,2,sparse,anticorrelated,0.3,36,51,0.7058823529411765,15,0.29411764705882354,True,True,True,True,False
24,7,2,sparse,anticorrelated,0.3,34,34,1.0,0,0.0,True,True,True,True,True
25,7,2,sparse,anticorrelated,0.3,34,34,1.0,0,0.0,True,True,True,True,True
26,7,2,sparse,anticorrelated,0.3,15,29,0.5172413793103449,14,0.4827586206896552,True,True,True,True,False
27,7,2,sparse,anticorrelated,0.3,18,18,1.0,0,0.0,True,True,True,True,True
28,7,2,sparse,anticorrelated,0.3,26,26,1.0,0,0.0,True,True,True,True,True
29,7,2,sparse,anticorrelated,0.3,8,8,1.0,0,0.0,True,True,True,True,True
30,7,2,sparse,anticorrelated,0.3,60,60,1.0,0,0.0,True,True,True,True,True
1,7,2,sparse,anticorrelated,0.8,48,58,0.8275862068965517,10,0.1724137931034483,True,True,True,True,False
2,7,2,sparse,anticorrelated,0.8,120,210,0.5714285714285714,90,0.42857142857142855,True,True,True,True,False
3,7,2,sparse,anticorrelated,0.8,44,77,0.5714285714285714,33,0.42857142857142855,True,True,True,True,False
4,7,2,sparse,anticorrelated,0.8,70,100,0.7,30,0.3,True,True,True,True,False
5,7,2,sparse,anticorrelated,0.8,136,200,0.68,64,0.32,True,True,True,True,False
6,7,2,sparse,anticorrelated,0.8,48,66,0.7272727272727273,18,0.2727272727272727,True,True,True,True,False
7,7,2,sparse,anticorrelated,0.8,60,69,0.8695652173913043,9,0.13043478260869565,True,True,True,True,False
8,7,2,sparse,anticorrelated,0.8,80,155,0.5161290322580645,75,0.4838709677419355,True,True,True,True,False
9,7,2,sparse,anticorrelated,0.8,22,37,0.5945945945945946,15,0.40540540540540543,True,True,True,True,False
10,7,2,sparse,anticorrelated,0.8,60,70,0.8571428571428571,10,0.14285714285714285,True,True,True,True,False
11,7,2,sparse,anticorrelated,0.8,36,40,0.9,4,0.1,True,True,True,True,False
12,7,2,sparse,anticorrelated,0.8,60,60,1.0,0,0.0,True,True,True,True,True
13,7,2,sparse,anticorrelated,0.8,28,35,0.8,7,0.2,True,True,True,True,False
14,7,2,sparse,anticorrelated,0.8,112,112,1.0,0,0.0,True,True,True,True,True
15,7,2,sparse,anticorrelated,0.8,120,176,0.6818181818181818,56,0.3181818181818182,True,True,True,True,False
16,7,2,sparse,anticorrelated,0.8,152,236,0.6440677966101694,84,0.3559322033898305,True,True,True,True,False
17,7,2,sparse,anticorrelated,0.8,90,90,1.0,0,0.0,True,True,True,True,True
18,7,2,sparse,anticorrelated,0.8,45,59,0.7627118644067796,14,0.23728813559322035,True,True,True,True,False
19,7,2,sparse,anticorrelated,0.8,102,134,0.7611940298507462,32,0.23880597014925373,True,True,True,True,False
20,7,2,sparse,anticorrelated,0.8,160,225,0.7111111111111111,65,0.28888888888888886,True,True,True,True,False
21,7,2,sparse,anticorrelated,0.8,28,54,0.5185185185185185,26,0.48148148148148145,True,True,True,True,False
22,7,2,sparse,anticorrelated,0.8,54,88,0.6136363636363636,34,0.38636363636363635,True,True,True,True,False
23,7,2,sparse,anticorrelated,0.8,108,153,0.7058823529411765,45,0.29411764705882354,True,True,True,True,False
24,7,2,sparse,anticorrelated,0.8,85,109,0.7798165137614679,24,0.22018348623853212,True,True,True,True,False
25,7,2,sparse,anticorrelated,0.8,102,102,1.0,0,0.0,True,True,True,True,True
26,7,2,sparse,anticorrelated,0.8,45,87,0.5172413793103449,42,0.4827586206896552,True,True,True,True,False
27,7,2,sparse,anticorrelated,0.8,45,45,1.0,0,0.0,True,True,True,True,True
28,7,2,sparse,anticorrelated,0.8,78,104,0.75,26,0.25,True,True,True,True,False
29,7,2,sparse,anticorrelated,0.8,32,60,0.5333333333333333,28,0.4666666666666667,True,True,True,True,False
30,7,2,sparse,anticorrelated,0.8,180,204,0.8823529411764706,24,0.11764705882352941,True,True,True,True,False
1,7,3,dense,random,0.3,252,252,1.0,0,0.0,True,True,True,True,True
2,7,3,dense,random,0.3,94,94,1.0,0,0.0,True,True,True,True,True
3,7,3,dense,random,0.3,141,154,0.9155844155844156,13,0.08441558441558442,True,True,True,True,False
4,7,3,dense,random,0.3,198,203,0.9753694581280788,5,0.024630541871921183,True,True,True,True,False
5,7,3,dense,random,0.3,192,192,1.0,0,0.0,True,True,True,True,True
6,7,3,dense,random,0.3,97,132,0.7348484848484849,35,0.26515151515151514,True,True,True,True,False
7,7,3,dense,random,0.3,100,168,0.5952380952380952,68,0.40476190476190477,True,True,True,True,False
8,7,3,dense,random,0.3,234,234,1.0,0,0.0,True,True,True,True,True
9,7,3,dense,random,0.3,142,147,0.9659863945578231,5,0.034013605442176874,True,True,True,True,False
10,7,3,dense,random,0.3,170,170,1.0,0,0.0,True,True,True,True,True
11,7,3,dense,random,0.3,120,120,1.0,0,0.0,True,True,True,True,True
12,7,3,dense,random,0.3,165,165,1.0,0,0.0,True,True,True,True,True
13,7,3,dense,random,0.3,261,261,1.0,0,0.0,True,True,True,True,True
14,7,3,dense,random,0.3,102,110,0.9272727272727272,8,0.07272727272727272,True,True,True,True,False
15,7,3,dense,random,0.3,158,158,1.0,0,0.0,True,True,True,True,True
16,7,3,dense,random,0.3,82,91,0.9010989010989011,9,0.0989010989010989,True,True,True,True,False
17,7,3,dense,random,0.3,142,146,0.9726027397260274,4,0.0273972602739726,True,True,True,True,False
18,7,3,dense,random,0.3,106,148,0.7162162162162162,42,0.28378378378378377,True,True,True,True,False
19,7,3,dense,random,0.3,87,156,0.5576923076923077,69,0.4423076923076923,True,True,True,True,False
20,7,3,dense,random,0.3,93,181,0.5138121546961326,88,0.4861878453038674,True,True,True,True,False
21,7,3,dense,random,0.3,108,140,0.7714285714285715,32,0.22857142857142856,True,True,True,True,False
22,7,3,dense,random,0.3,95,151,0.6291390728476821,56,0.3708609271523179,True,True,True,True,False
23,7,3,dense,random,0.3,162,216,0.75,54,0.25,True,True,True,True,False
24,7,3,dense,random,0.3,231,231,1.0,0,0.0,True,True,True,True,True
25,7,3,dense,random,0.3,140,140,1.0,0,0.0,True,True,True,True,True
26,7,3,dense,random,0.3,294,294,1.0,0,0.0,True,True,True,True,True
27,7,3,dense,random,0.3,120,153,0.7843137254901961,33,0.21568627450980393,True,True,True,True,False
28,7,3,dense,random,0.3,97,115,0.8434782608695652,18,0.1565217391304348,True,True,True,True,False
29,7,3,dense,random,0.3,180,180,1.0,0,0.0,True,True,True,True,True
30,7,3,dense,random,0.3,99,178,0.5561797752808989,79,0.4438202247191011,True,True,True,True,False
1,7,3,dense,random,0.8,672,688,0.9767441860465116,16,0.023255813953488372,True,True,True,True,False
2,7,3,dense,random,0.8,376,386,0.9740932642487047,10,0.025906735751295335,True,True,True,True,False
3,7,3,dense,random,0.8,376,416,0.9038461538461539,40,0.09615384615384616,True,True,True,True,False
4,7,3,dense,random,0.8,594,599,0.991652754590985,5,0.008347245409015025,True,True,True,True,False
5,7,3,dense,random,0.8,480,549,0.8743169398907104,69,0.12568306010928962,True,True,True,True,False
6,7,3,dense,random,0.8,388,458,0.8471615720524017,70,0.15283842794759825,True,True,True,True,False
7,7,3,dense,random,0.8,400,504,0.7936507936507936,104,0.20634920634920634,True,True,True,True,False
8,7,3,dense,random,0.8,624,624,1.0,0,0.0,True,True,True,True,True
9,7,3,dense,random,0.8,426,451,0.9445676274944568,25,0.05543237250554324,True,True,True,True,False
10,7,3,dense,random,0.8,510,510,1.0,0,0.0,True,True,True,True,True
11,7,3,dense,random,0.8,360,360,1.0,0,0.0,True,True,True,True,True
12,7,3,dense,random,0.8,440,470,0.9361702127659575,30,0.06382978723404255,True,True,True,True,False
13,7,3,dense,random,0.8,783,783,1.0,0,0.0,True,True,True,True,True
14,7,3,dense,random,0.8,258,381,0.6771653543307087,123,0.3228346456692913,True,True,True,True,False
15,7,3,dense,random,0.8,395,468,0.844017094017094,73,0.15598290598290598,True,True,True,True,False
16,7,3,dense,random,0.8,328,356,0.9213483146067416,28,0.07865168539325842,True,True,True,True,False
17,7,3,dense,random,0.8,426,466,0.9141630901287554,40,0.08583690987124463,True,True,True,True,False
18,7,3,dense,random,0.8,380,457,0.8315098468271335,77,0.16849015317286653,True,True,True,True,False
19,7,3,dense,random,0.8,348,431,0.8074245939675174,83,0.1925754060324826,True,True,True,True,False
20,7,3,dense,random,0.8,440,514,0.8560311284046692,74,0.14396887159533073,True,True,True,True,False
21,7,3,dense,random,0.8,360,424,0.8490566037735849,64,0.1509433962264151,True,True,True,True,False
22,7,3,dense,random,0.8,425,459,0.9259259259259259,34,0.07407407407407407,True,True,True,True,False
23,7,3,dense,random,0.8,486,567,0.8571428571428571,81,0.14285714285714285,True,True,True,True,False
24,7,3,dense,random,0.8,616,636,0.9685534591194969,20,0.031446540880503145,True,True,True,True,False
25,7,3,dense,random,0.8,420,436,0.963302752293578,16,0.03669724770642202,True,True,True,True,False
26,7,3,dense,random,0.8,784,784,1.0,0,0.0,True,True,True,True,True
27,7,3,dense,random,0.8,360,439,0.8200455580865603,79,0.17995444191343962,True,True,True,True,False
28,7,3,dense,random,0.8,388,424,0.9150943396226415,36,0.08490566037735849,True,True,True,True,False
29,7,3,dense,random,0.8,630,639,0.9859154929577465,9,0.014084507042253521,True,True,True,True,False
30,7,3,dense,random,0.8,352,473,0.7441860465116279,121,0.2558139534883721,True,True,True,True,False
1,7,3,dense,correlated,0.3,18,18,1.0,0,0.0,True,True,True,True,True
2,7,3,dense,correlated,0.3,9,9,1.0,0,0.0,True,True,True,True,True
3,7,3,dense,correlated,0.3,10,14,0.7142857142857143,4,0.2857142857142857,True,True,True,True,False
4,7,3,dense,correlated,0.3,12,15,0.8,3,0.2,True,True,True,True,False
5,7,3,dense,correlated,0.3,14,14,1.0,0,0.0,True,True,True,True,True
6,7,3,dense,correlated,0.3,9,9,1.0,0,0.0,True,True,True,True,True
7,7,3,dense,correlated,0.3,10,11,0.9090909090909091,1,0.09090909090909091,True,True,True,True,False
8,7,3,dense,correlated,0.3,11,18,0.6111111111111112,7,0.3888888888888889,True,True,True,True,False
9,7,3,dense,correlated,0.3,24,24,1.0,0,0.0,True,True,True,True,True
10,7,3,dense,correlated,0.3,18,21,0.8571428571428571,3,0.14285714285714285,True,True,True,True,False
11,7,3,dense,correlated,0.3,9,9,1.0,0,0.0,True,True,True,True,True
12,7,3,dense,correlated,0.3,10,18,0.5555555555555556,8,0.4444444444444444,True,True,True,True,False
13,7,3,dense,correlated,0.3,12,12,1.0,0,0.0,True,True,True,True,True
14,7,3,dense,correlated,0.3,11,12,0.9166666666666666,1,0.08333333333333333,True,True,True,True,False
15,7,3,dense,correlated,0.3,11,11,1.0,0,0.0,True,True,True,True,True
16,7,3,dense,correlated,0.3,14,14,1.0,0,0.0,True,True,True,True,True
17,7,3,dense,correlated,0.3,11,12,0.9166666666666666,1,0.08333333333333333,True,True,True,True,False
18,7,3,dense,correlated,0.3,10,11,0.9090909090909091,1,0.09090909090909091,True,True,True,True,False
19,7,3,dense,correlated,0.3,16,18,0.8888888888888888,2,0.1111111111111111,True,True,True,True,False
20,7,3,dense,correlated,0.3,12,12,1.0,0,0.0,True,True,True,True,True
21,7,3,dense,correlated,0.3,12,16,0.75,4,0.25,True,True,True,True,False
22,7,3,dense,correlated,0.3,11,12,0.9166666666666666,1,0.08333333333333333,True,True,True,True,False
23,7,3,dense,correlated,0.3,14,17,0.8235294117647058,3,0.17647058823529413,True,True,True,True,False
24,7,3,dense,correlated,0.3,13,15,0.8666666666666667,2,0.13333333333333333,True,True,True,True,False
25,7,3,dense,correlated,0.3,11,12,0.9166666666666666,1,0.08333333333333333,True,True,True,True,False
26,7,3,dense,correlated,0.3,12,17,0.7058823529411765,5,0.29411764705882354,True,True,True,True,False
27,7,3,dense,correlated,0.3,9,12,0.75,3,0.25,True,True,True,True,False
28,7,3,dense,correlated,0.3,24,24,1.0,0,0.0,True,True,True,True,True
29,7,3,dense,correlated,0.3,20,21,0.9523809523809523,1,0.047619047619047616,True,True,True,True,False
30,7,3,dense,correlated,0.3,16,16,1.0,0,0.0,True,True,True,True,True
1,7,3,dense,correlated,0.8,48,56,0.8571428571428571,8,0.14285714285714285,True,True,True,True,False
2,7,3,dense,correlated,0.8,32,35,0.9142857142857143,3,0.08571428571428572,True,True,True,True,False
3,7,3,dense,correlated,0.8,50,50,1.0,0,0.0,True,True,True,True,True
4,7,3,dense,correlated,0.8,36,45,0.8,9,0.2,True,True,True,True,False
5,7,3,dense,correlated,0.8,35,38,0.9210526315789473,3,0.07894736842105263,True,True,True,True,False
6,7,3,dense,correlated,0.8,36,41,0.8780487804878049,5,0.12195121951219512,True,True,True,True,False
7,7,3,dense,correlated,0.8,40,40,1.0,0,0.0,True,True,True,True,True
8,7,3,dense,correlated,0.8,33,51,0.6470588235294118,18,0.35294117647058826,True,True,True,True,False
9,7,3,dense,correlated,0.8,64,64,1.0,0,0.0,True,True,True,True,True
10,7,3,dense,correlated,0.8,48,54,0.8888888888888888,6,0.1111111111111111,True,True,True,True,False
11,7,3,dense,correlated,0.8,24,31,0.7741935483870968,7,0.22580645161290322,True,True,True,True,False
12,7,3,dense,correlated,0.8,40,46,0.8695652173913043,6,0.13043478260869565,True,True,True,True,False
13,7,3,dense,correlated,0.8,36,51,0.7058823529411765,15,0.29411764705882354,True,True,True,True,False
14,7,3,dense,correlated,0.8,33,37,0.8918918918918919,4,0.10810810810810811,True,True,True,True,False
15,7,3,dense,correlated,0.8,44,44,1.0,0,0.0,True,True,True,True,True
16,7,3,dense,correlated,0.8,35,45,0.7777777777777778,10,0.2222222222222222,True,True,True,True,False
17,7,3,dense,correlated,0.8,44,44,1.0,0,0.0,True,True,True,True,True
18,7,3,dense,correlated,0.8,40,40,1.0,0,0.0,True,True,True,True,True
19,7,3,dense,correlated,0.8,56,56,1.0,0,0.0,True,True,True,True,True
20,7,3,dense,correlated,0.8,48,48,1.0,0,0.0,True,True,True,True,True
21,7,3,dense,correlated,0.8,36,52,0.6923076923076923,16,0.3076923076923077,True,True,True,True,False
22,7,3,dense,correlated,0.8,44,44,1.0,0,0.0,True,True,True,True,True
23,7,3,dense,correlated,0.8,40,45,0.8888888888888888,5,0.1111111111111111,True,True,True,True,False
24,7,3,dense,correlated,0.8,52,57,0.9122807017543859,5,0.08771929824561403,True,True,True,True,False
25,7,3,dense,correlated,0.8,33,42,0.7857142857142857,9,0.21428571428571427,True,True,True,True,False
26,7,3,dense,correlated,0.8,48,55,0.8727272727272727,7,0.12727272727272726,True,True,True,True,False
27,7,3,dense,correlated,0.8,28,37,0.7567567567567568,9,0.24324324324324326,True,True,True,True,False
28,7,3,dense,correlated,0.8,64,64,1.0,0,0.0,True,True,True,True,True
29,7,3,dense,correlated,0.8,60,63,0.9523809523809523,3,0.047619047619047616,True,True,True,True,False
30,7,3,dense,correlated,0.8,40,52,0.7692307692307693,12,0.23076923076923078,True,True,True,True,False
1,7,3,dense,anticorrelated,0.3,51,51,1.0,0,0.0,True,True,True,True,True
2,7,3,dense,anticorrelated,0.3,13,20,0.65,7,0.35,True,True,True,True,False
3,7,3,dense,anticorrelated,0.3,28,33,0.8484848484848485,5,0.15151515151515152,True,True,True,True,False
4,7,3,dense,anticorrelated,0.3,48,48,1.0,0,0.0,True,True,True,True,True
5,7,3,dense,anticorrelated,0.3,30,30,1.0,0,0.0,True,True,True,True,True
6,7,3,dense,anticorrelated,0.3,14,21,0.6666666666666666,7,0.3333333333333333,True,True,True,True,False
7,7,3,dense,anticorrelated,0.3,20,23,0.8695652173913043,3,0.13043478260869565,True,True,True,True,False
8,7,3,dense,anticorrelated,0.3,17,32,0.53125,15,0.46875,True,True,True,True,False
9,7,3,dense,anticorrelated,0.3,60,60,1.0,0,0.0,True,True,True,True,True
10,7,3,dense,anticorrelated,0.3,36,36,1.0,0,0.0,True,True,True,True,True
11,7,3,dense,anticorrelated,0.3,33,33,1.0,0,0.0,True,True,True,True,True
12,7,3,dense,anticorrelated,0.3,18,32,0.5625,14,0.4375,True,True,True,True,False
13,7,3,dense,anticorrelated,0.3,39,39,1.0,0,0.0,True,True,True,True,True
14,7,3,dense,anticorrelated,0.3,56,56,1.0,0,0.0,True,True,True,True,True
15,7,3,dense,anticorrelated,0.3,15,24,0.625,9,0.375,True,True,True,True,False
16,7,3,dense,anticorrelated,0.3,36,36,1.0,0,0.0,True,True,True,True,True
17,7,3,dense,anticorrelated,0.3,33,33,1.0,0,0.0,True,True,True,True,True
18,7,3,dense,anticorrelated,0.3,17,26,0.6538461538461539,9,0.34615384615384615,True,True,True,True,False
19,7,3,dense,anticorrelated,0.3,38,38,1.0,0,0.0,True,True,True,True,True
20,7,3,dense,anticorrelated,0.3,17,27,0.6296296296296297,10,0.37037037037037035,True,True,True,True,False
21,7,3,dense,anticorrelated,0.3,16,30,0.5333333333333333,14,0.4666666666666667,True,True,True,True,False
22,7,3,dense,anticorrelated,0.3,20,26,0.7692307692307693,6,0.23076923076923078,True,True,True,True,False
23,7,3,dense,anticorrelated,0.3,36,40,0.9,4,0.1,True,True,True,True,False
24,7,3,dense,anticorrelated,0.3,18,24,0.75,6,0.25,True,True,True,True,False
25,7,3,dense,anticorrelated,0.3,28,32,0.875,4,0.125,True,True,True,True,False
26,7,3,dense,anticorrelated,0.3,30,32,0.9375,2,0.0625,True,True,True,True,False
27,7,3,dense,anticorrelated,0.3,12,24,0.5,12,0.5,True,True,True,True,False
28,7,3,dense,anticorrelated,0.3,57,57,1.0,0,0.0,True,True,True,True,True
29,7,3,dense,anticorrelated,0.3,38,38,1.0,0,0.0,True,True,True,True,True
30,7,3,dense,anticorrelated,0.3,32,32,1.0,0,0.0,True,True,True,True,True
1,7,3,dense,anticorrelated,0.8,136,136,1.0,0,0.0,True,True,True,True,True
2,7,3,dense,anticorrelated,0.8,52,68,0.7647058823529411,16,0.23529411764705882,True,True,True,True,False
3,7,3,dense,anticorrelated,0.8,95,113,0.8407079646017699,18,0.1592920353982301,True,True,True,True,False
4,7,3,dense,anticorrelated,0.8,144,144,1.0,0,0.0,True,True,True,True,True
5,7,3,dense,anticorrelated,0.8,75,93,0.8064516129032258,18,0.1935483870967742,True,True,True,True,False
6,7,3,dense,anticorrelated,0.8,56,64,0.875,8,0.125,True,True,True,True,False
7,7,3,dense,anticorrelated,0.8,60,76,0.7894736842105263,16,0.21052631578947367,True,True,True,True,False
8,7,3,dense,anticorrelated,0.8,60,83,0.7228915662650602,23,0.27710843373493976,True,True,True,True,False
9,7,3,dense,anticorrelated,0.8,160,160,1.0,0,0.0,True,True,True,True,True
10,7,3,dense,anticorrelated,0.8,90,101,0.8910891089108911,11,0.10891089108910891,True,True,True,True,False
11,7,3,dense,anticorrelated,0.8,88,88,1.0,0,0.0,True,True,True,True,True
12,7,3,dense,anticorrelated,0.8,64,82,0.7804878048780488,18,0.21951219512195122,True,True,True,True,False
13,7,3,dense,anticorrelated,0.8,117,120,0.975,3,0.025,True,True,True,True,False
14,7,3,dense,anticorrelated,0.8,154,154,1.0,0,0.0,True,True,True,True,True
15,7,3,dense,anticorrelated,0.8,60,78,0.7692307692307693,18,0.23076923076923078,True,True,True,True,False
16,7,3,dense,anticorrelated,0.8,90,105,0.8571428571428571,15,0.14285714285714285,True,True,True,True,False
17,7,3,dense,anticorrelated,0.8,88,94,0.9361702127659575,6,0.06382978723404255,True,True,True,True,False
18,7,3,dense,anticorrelated,0.8,68,78,0.8717948717948718,10,0.1282051282051282,True,True,True,True,False
19,7,3,dense,anticorrelated,0.8,133,133,1.0,0,0.0,True,True,True,True,True
20,7,3,dense,anticorrelated,0.8,68,88,0.7727272727272727,20,0.22727272727272727,True,True,True,True,False
21,7,3,dense,anticorrelated,0.8,70,88,0.7954545454545454,18,0.20454545454545456,True,True,True,True,False
22,7,3,dense,anticorrelated,0.8,70,78,0.8974358974358975,8,0.10256410256410256,True,True,True,True,False
23,7,3,dense,anticorrelated,0.8,108,116,0.9310344827586207,8,0.06896551724137931,True,True,True,True,False
24,7,3,dense,anticorrelated,0.8,60,71,0.8450704225352113,11,0.15492957746478872,True,True,True,True,False
25,7,3,dense,anticorrelated,0.8,84,92,0.9130434782608695,8,0.08695652173913043,True,True,True,True,False
26,7,3,dense,anticorrelated,0.8,105,105,1.0,0,0.0,True,True,True,True,True
27,7,3,dense,anticorrelated,0.8,48,60,0.8,12,0.2,True,True,True,True,False
28,7,3,dense,anticorrelated,0.8,152,152,1.0,0,0.0,True,True,True,True,True
29,7,3,dense,anticorrelated,0.8,114,121,0.9421487603305785,7,0.05785123966942149,True,True,True,True,False
30,7,3,dense,anticorrelated,0.8,80,92,0.8695652173913043,12,0.13043478260869565,True,True,True,True,False
1,7,3,sparse,random,0.3,94,165,0.5696969696969697,71,0.4303030303030303,True,True,True,True,False
2,7,3,sparse,random,0.3,84,84,1.0,0,0.0,True,True,True,True,True
3,7,3,sparse,random,0.3,68,99,0.6868686868686869,31,0.31313131313131315,True,True,True,True,False
4,7,3,sparse,random,0.3,58,58,1.0,0,0.0,True,True,True,True,True
5,7,3,sparse,random,0.3,32,56,0.5714285714285714,24,0.42857142857142855,True,True,True,True,False
6,7,3,sparse,random,0.3,32,32,1.0,0,0.0,True,True,True,True,True
7,7,3,sparse,random,0.3,96,96,1.0,0,0.0,True,True,True,True,True
8,7,3,sparse,random,0.3,96,96,1.0,0,0.0,True,True,True,True,True
9,7,3,sparse,random,0.3,94,133,0.706766917293233,39,0.2932330827067669,True,True,True,True,False
10,7,3,sparse,random,0.3,150,150,1.0,0,0.0,True,True,True,True,True
11,7,3,sparse,random,0.3,72,72,1.0,0,0.0,True,True,True,True,True
12,7,3,sparse,random,0.3,148,247,0.5991902834008097,99,0.4008097165991903,True,True,True,True,False
13,7,3,sparse,random,0.3,70,131,0.5343511450381679,61,0.46564885496183206,True,True,True,True,False
14,7,3,sparse,random,0.3,88,161,0.546583850931677,73,0.453416149068323,True,True,True,True,False
15,7,3,sparse,random,0.3,77,77,1.0,0,0.0,True,True,True,True,True
16,7,3,sparse,random,0.3,136,234,0.5811965811965812,98,0.4188034188034188,True,True,True,True,False
17,7,3,sparse,random,0.3,80,192,0.4166666666666667,112,0.5833333333333334,True,True,True,True,False
18,7,3,sparse,random,0.3,78,99,0.7878787878787878,21,0.21212121212121213,True,True,True,True,False
19,7,3,sparse,random,0.3,59,64,0.921875,5,0.078125,True,True,True,True,False
20,7,3,sparse,random,0.3,71,194,0.36597938144329895,123,0.634020618556701,True,True,True,True,False
21,7,3,sparse,random,0.3,65,65,1.0,0,0.0,True,True,True,True,True
22,7,3,sparse,random,0.3,96,96,1.0,0,0.0,True,True,True,True,True
23,7,3,sparse,random,0.3,100,185,0.5405405405405406,85,0.4594594594594595,True,True,True,True,False
24,7,3,sparse,random,0.3,97,97,1.0,0,0.0,True,True,True,True,True
25,7,3,sparse,random,0.3,76,130,0.5846153846153846,54,0.4153846153846154,True,True,True,True,False
26,7,3,sparse,random,0.3,70,87,0.8045977011494253,17,0.19540229885057472,True,True,True,True,False
27,7,3,sparse,random,0.3,92,92,1.0,0,0.0,True,True,True,True,True
28,7,3,sparse,random,0.3,279,279,1.0,0,0.0,True,True,True,True,True
29,7,3,sparse,random,0.3,48,48,1.0,0,0.0,True,True,True,True,True
30,7,3,sparse,random,0.3,56,107,0.5233644859813084,51,0.4766355140186916,True,True,True,True,False
1,7,3,sparse,random,0.8,282,434,0.6497695852534562,152,0.35023041474654376,True,True,True,True,False
2,7,3,sparse,random,0.8,252,351,0.717948717948718,99,0.28205128205128205,True,True,True,True,False
3,7,3,sparse,random,0.8,204,308,0.6623376623376623,104,0.33766233766233766,True,True,True,True,False
4,7,3,sparse,random,0.8,232,297,0.7811447811447811,65,0.21885521885521886,True,True,True,True,False
5,7,3,sparse,random,0.8,128,302,0.423841059602649,174,0.5761589403973509,True,True,True,True,False
6,7,3,sparse,random,0.8,96,116,0.8275862068965517,20,0.1724137931034483,True,True,True,True,False
7,7,3,sparse,random,0.8,284,284,1.0,0,0.0,True,True,True,True,True
8,7,3,sparse,random,0.8,288,292,0.9863013698630136,4,0.0136986301369863,True,True,True,True,False
9,7,3,sparse,random,0.8,282,359,0.7855153203342619,77,0.21448467966573817,True,True,True,True,False
10,7,3,sparse,random,0.8,525,645,0.813953488372093,120,0.18604651162790697,True,True,True,True,False
11,7,3,sparse,random,0.8,144,272,0.5294117647058824,128,0.47058823529411764,True,True,True,True,False
12,7,3,sparse,random,0.8,444,840,0.5285714285714286,396,0.4714285714285714,True,True,True,True,False
13,7,3,sparse,random,0.8,280,524,0.5343511450381679,244,0.46564885496183206,True,True,True,True,False
14,7,3,sparse,random,0.8,264,564,0.46808510638297873,300,0.5319148936170213,True,True,True,True,False
15,7,3,sparse,random,0.8,231,265,0.8716981132075472,34,0.12830188679245283,True,True,True,True,False
16,7,3,sparse,random,0.8,340,660,0.5151515151515151,320,0.48484848484848486,True,True,True,True,False
17,7,3,sparse,random,0.8,80,231,0.3463203463203463,151,0.6536796536796536,True,True,True,True,False
18,7,3,sparse,random,0.8,234,353,0.6628895184135978,119,0.3371104815864023,True,True,True,True,False
19,7,3,sparse,random,0.8,118,235,0.502127659574468,117,0.4978723404255319,True,True,True,True,False
20,7,3,sparse,random,0.8,213,432,0.4930555555555556,219,0.5069444444444444,True,True,True,True,False
21,7,3,sparse,random,0.8,256,300,0.8533333333333334,44,0.14666666666666667,True,True,True,True,False
22,7,3,sparse,random,0.8,320,320,1.0,0,0.0,True,True,True,True,True
23,7,3,sparse,random,0.8,400,570,0.7017543859649122,170,0.2982456140350877,True,True,True,True,False
24,7,3,sparse,random,0.8,388,476,0.8151260504201681,88,0.18487394957983194,True,True,True,True,False
25,7,3,sparse,random,0.8,304,476,0.6386554621848739,172,0.36134453781512604,True,True,True,True,False
26,7,3,sparse,random,0.8,210,289,0.726643598615917,79,0.27335640138408307,True,True,True,True,False
27,7,3,sparse,random,0.8,276,294,0.9387755102040817,18,0.061224489795918366,True,True,True,True,False
28,7,3,sparse,random,0.8,930,930,1.0,0,0.0,True,True,True,True,True
29,7,3,sparse,random,0.8,120,227,0.5286343612334802,107,0.4713656387665198,True,True,True,True,False
30,7,3,sparse,random,0.8,224,326,0.6871165644171779,102,0.3128834355828221,True,True,True,True,False
1,7,3,sparse,correlated,0.3,6,8,0.75,2,0.25,True,True,True,True,False
2,7,3,sparse,correlated,0.3,9,9,1.0,0,0.0,True,True,True,True,True
3,7,3,sparse,correlated,0.3,8,10,0.8,2,0.2,True,True,True,True,False
4,7,3,sparse,correlated,0.3,4,4,1.0,0,0.0,True,True,True,True,True
5,7,3,sparse,correlated,0.3,6,9,0.6666666666666666,3,0.3333333333333333,True,True,True,True,False
6,7,3,sparse,correlated,0.3,6,12,0.5,6,0.5,True,True,True,True,False
7,7,3,sparse,correlated,0.3,7,9,0.7777777777777778,2,0.2222222222222222,True,True,True,True,False
8,7,3,sparse,correlated,0.3,7,8,0.875,1,0.125,True,True,True,True,False
9,7,3,sparse,correlated,0.3,5,10,0.5,5,0.5,True,True,True,True,False
10,7,3,sparse,correlated,0.3,0,0,1.0,0,0.0,True,True,True,True,True
11,7,3,sparse,correlated,0.3,9,13,0.6923076923076923,4,0.3076923076923077,True,True,True,True,False
12,7,3,sparse,correlated,0.3,7,11,0.6363636363636364,4,0.36363636363636365,True,True,True,True,False
13,7,3,sparse,correlated,0.3,5,5,1.0,0,0.0,True,True,True,True,True
14,7,3,sparse,correlated,0.3,8,15,0.5333333333333333,7,0.4666666666666667,True,True,True,True,False
15,7,3,sparse,correlated,0.3,2,2,1.0,0,0.0,True,True,True,True,True
16,7,3,sparse,correlated,0.3,15,17,0.8823529411764706,2,0.11764705882352941,True,True,True,True,False
17,7,3,sparse,correlated,0.3,5,5,1.0,0,0.0,True,True,True,True,True
18,7,3,sparse,correlated,0.3,7,8,0.875,1,0.125,True,True,True,True,False
19,7,3,sparse,correlated,0.3,6,6,1.0,0,0.0,True,True,True,True,True
20,7,3,sparse,correlated,0.3,6,8,0.75,2,0.25,True,True,True,True,False
21,7,3,sparse,correlated,0.3,18,18,1.0,0,0.0,True,True,True,True,True
22,7,3,sparse,correlated,0.3,9,13,0.6923076923076923,4,0.3076923076923077,True,True,True,True,False
23,7,3,sparse,correlated,0.3,9,11,0.8181818181818182,2,0.18181818181818182,True,True,True,True,False
24,7,3,sparse,correlated,0.3,9,9,1.0,0,0.0,True,True,True,True,True
25,7,3,sparse,correlated,0.3,7,11,0.6363636363636364,4,0.36363636363636365,True,True,True,True,False
26,7,3,sparse,correlated,0.3,8,9,0.8888888888888888,1,0.1111111111111111,True,True,True,True,False
27,7,3,sparse,correlated,0.3,8,8,1.0,0,0.0,True,True,True,True,True
28,7,3,sparse,correlated,0.3,6,8,0.75,2,0.25,True,True,True,True,False
29,7,3,sparse,correlated,0.3,3,3,1.0,0,0.0,True,True,True,True,True
30,7,3,sparse,correlated,0.3,5,7,0.7142857142857143,2,0.2857142857142857,True,True,True,True,False
1,7,3,sparse,correlated,0.8,18,25,0.72,7,0.28,True,True,True,True,False
2,7,3,sparse,correlated,0.8,27,35,0.7714285714285715,8,0.22857142857142856,True,True,True,True,False
3,7,3,sparse,correlated,0.8,16,26,0.6153846153846154,10,0.38461538461538464,True,True,True,True,False
4,7,3,sparse,correlated,0.8,16,21,0.7619047619047619,5,0.23809523809523808,True,True,True,True,False
5,7,3,sparse,correlated,0.8,24,33,0.7272727272727273,9,0.2727272727272727,True,True,True,True,False
6,7,3,sparse,correlated,0.8,12,26,0.46153846153846156,14,0.5384615384615384,True,True,True,True,False
7,7,3,sparse,correlated,0.8,14,23,0.6086956521739131,9,0.391304347826087,True,True,True,True,False
8,7,3,sparse,correlated,0.8,20,25,0.8,5,0.2,True,True,True,True,False
9,7,3,sparse,correlated,0.8,15,22,0.6818181818181818,7,0.3181818181818182,True,True,True,True,False
10,7,3,sparse,correlated,0.8,20,31,0.6451612903225806,11,0.3548387096774194,True,True,True,True,False
11,7,3,sparse,correlated,0.8,20,41,0.4878048780487805,21,0.5121951219512195,True,True,True,True,False
12,7,3,sparse,correlated,0.8,15,33,0.45454545454545453,18,0.5454545454545454,True,True,True,True,False
13,7,3,sparse,correlated,0.8,20,20,1.0,0,0.0,True,True,True,True,True
14,7,3,sparse,correlated,0.8,18,37,0.4864864864864865,19,0.5135135135135135,True,True,True,True,False
15,7,3,sparse,correlated,0.8,10,22,0.45454545454545453,12,0.5454545454545454,True,True,True,True,False
16,7,3,sparse,correlated,0.8,40,44,0.9090909090909091,4,0.09090909090909091,True,True,True,True,False
17,7,3,sparse,correlated,0.8,20,28,0.7142857142857143,8,0.2857142857142857,True,True,True,True,False
18,7,3,sparse,correlated,0.8,20,29,0.6896551724137931,9,0.3103448275862069,True,True,True,True,False
19,7,3,sparse,correlated,0.8,12,13,0.9230769230769231,1,0.07692307692307693,True,True,True,True,False
20,7,3,sparse,correlated,0.8,18,34,0.5294117647058824,16,0.47058823529411764,True,True,True,True,False
21,7,3,sparse,correlated,0.8,48,49,0.9795918367346939,1,0.02040816326530612,True,True,True,True,False
22,7,3,sparse,correlated,0.8,27,35,0.7714285714285715,8,0.22857142857142856,True,True,True,True,False
23,7,3,sparse,correlated,0.8,18,25,0.72,7,0.28,True,True,True,True,False
24,7,3,sparse,correlated,0.8,40,41,0.975609756097561,1,0.024390243902439025,True,True,True,True,False
25,7,3,sparse,correlated,0.8,21,39,0.5384615384615384,18,0.46153846153846156,True,True,True,True,False
26,7,3,sparse,correlated,0.8,20,22,0.9090909090909091,2,0.09090909090909091,True,True,True,True,False
27,7,3,sparse,correlated,0.8,20,30,0.6666666666666666,10,0.3333333333333333,True,True,True,True,False
28,7,3,sparse,correlated,0.8,24,31,0.7741935483870968,7,0.22580645161290322,True,True,True,True,False
29,7,3,sparse,correlated,0.8,12,15,0.8,3,0.2,True,True,True,True,False
30,7,3,sparse,correlated,0.8,10,14,0.7142857142857143,4,0.2857142857142857,True,True,True,True,False
1,7,3,sparse,anticorrelated,0.3,24,43,0.5581395348837209,19,0.4418604651162791,True,True,True,True,False
2,7,3,sparse,anticorrelated,0.3,16,16,1.0,0,0.0,True,True,True,True,True
3,7,3,sparse,anticorrelated,0.3,28,36,0.7777777777777778,8,0.2222222222222222,True,True,True,True,False
4,7,3,sparse,anticorrelated,0.3,12,12,1.0,0,0.0,True,True,True,True,True
5,7,3,sparse,anticorrelated,0.3,34,34,1.0,0,0.0,True,True,True,True,True
6,7,3,sparse,anticorrelated,0.3,22,38,0.5789473684210527,16,0.42105263157894735,True,True,True,True,False
7,7,3,sparse,anticorrelated,0.3,24,39,0.6153846153846154,15,0.38461538461538464,True,True,True,True,False
8,7,3,sparse,anticorrelated,0.3,16,27,0.5925925925925926,11,0.4074074074074074,True,True,True,True,False
9,7,3,sparse,anticorrelated,0.3,17,32,0.53125,15,0.46875,True,True,True,True,False
10,7,3,sparse,anticorrelated,0.3,0,0,1.0,0,0.0,True,True,True,True,True
11,7,3,sparse,anticorrelated,0.3,18,33,0.5454545454545454,15,0.45454545454545453,True,True,True,True,False
12,7,3,sparse,anticorrelated,0.3,32,44,0.7272727272727273,12,0.2727272727272727,True,True,True,True,False
13,7,3,sparse,anticorrelated,0.3,15,15,1.0,0,0.0,True,True,True,True,True
14,7,3,sparse,anticorrelated,0.3,18,33,0.5454545454545454,15,0.45454545454545453,True,True,True,True,False
15,7,3,sparse,anticorrelated,0.3,12,12,1.0,0,0.0,True,True,True,True,True
16,7,3,sparse,anticorrelated,0.3,57,57,1.0,0,0.0,True,True,True,True,True
17,7,3,sparse,anticorrelated,0.3,17,17,1.0,0,0.0,True,True,True,True,True
18,7,3,sparse,anticorrelated,0.3,20,40,0.5,20,0.5,True,True,True,True,False
19,7,3,sparse,anticorrelated,0.3,20,20,1.0,0,0.0,True,True,True,True,True
20,7,3,sparse,anticorrelated,0.3,36,51,0.7058823529411765,15,0.29411764705882354,True,True,True,True,False
21,7,3,sparse,anticorrelated,0.3,57,57,1.0,0,0.0,True,True,True,True,True
22,7,3,sparse,anticorrelated,0.3,20,39,0.5128205128205128,19,0.48717948717948717,True,True,True,True,False
23,7,3,sparse,anticorrelated,0.3,36,68,0.5294117647058824,32,0.47058823529411764,True,True,True,True,False
24,7,3,sparse,anticorrelated,0.3,20,28,0.7142857142857143,8,0.2857142857142857,True,True,True,True,False
25,7,3,sparse,anticorrelated,0.3,20,39,0.5128205128205128,19,0.48717948717948717,True,True,True,True,False
26,7,3,sparse,anticorrelated,0.3,34,44,0.7727272727272727,10,0.22727272727272727,True,True,True,True,False
27,7,3,sparse,anticorrelated,0.3,18,35,0.5142857142857142,17,0.4857142857142857,True,True,True,True,False
28,7,3,sparse,anticorrelated,0.3,39,50,0.78,11,0.22,True,True,True,True,False
29,7,3,sparse,anticorrelated,0.3,15,15,1.0,0,0.0,True,True,True,True,True
30,7,3,sparse,anticorrelated,0.3,16,29,0.5517241379310345,13,0.4482758620689655,True,True,True,True,False
1,7,3,sparse,anticorrelated,0.8,72,107,0.6728971962616822,35,0.32710280373831774,True,True,True,True,False
2,7,3,sparse,anticorrelated,0.8,50,83,0.6024096385542169,33,0.39759036144578314,True,True,True,True,False
3,7,3,sparse,anticorrelated,0.8,84,114,0.7368421052631579,30,0.2631578947368421,True,True,True,True,False
4,7,3,sparse,anticorrelated,0.8,45,51,0.8823529411764706,6,0.11764705882352941,True,True,True,True,False
5,7,3,sparse,anticorrelated,0.8,102,139,0.7338129496402878,37,0.26618705035971224,True,True,True,True,False
6,7,3,sparse,anticorrelated,0.8,55,86,0.6395348837209303,31,0.36046511627906974,True,True,True,True,False
7,7,3,sparse,anticorrelated,0.8,84,124,0.6774193548387096,40,0.3225806451612903,True,True,True,True,False
8,7,3,sparse,anticorrelated,0.8,64,97,0.6597938144329897,33,0.3402061855670103,True,True,True,True,False
9,7,3,sparse,anticorrelated,0.8,45,62,0.7258064516129032,17,0.27419354838709675,True,True,True,True,False
10,7,3,sparse,anticorrelated,0.8,34,75,0.4533333333333333,41,0.5466666666666666,True,True,True,True,False
11,7,3,sparse,anticorrelated,0.8,72,132,0.5454545454545454,60,0.45454545454545453,True,True,True,True,False
12,7,3,sparse,anticorrelated,0.8,80,141,0.5673758865248227,61,0.4326241134751773,True,True,True,True,False
13,7,3,sparse,anticorrelated,0.8,60,60,1.0,0,0.0,True,True,True,True,True
14,7,3,sparse,anticorrelated,0.8,52,89,0.5842696629213483,37,0.4157303370786517,True,True,True,True,False
15,7,3,sparse,anticorrelated,0.8,33,68,0.4852941176470588,35,0.5147058823529411,True,True,True,True,False
16,7,3,sparse,anticorrelated,0.8,152,164,0.926829268292683,12,0.07317073170731707,True,True,True,True,False
17,7,3,sparse,anticorrelated,0.8,68,96,0.7083333333333334,28,0.2916666666666667,True,True,True,True,False
18,7,3,sparse,anticorrelated,0.8,60,110,0.5454545454545454,50,0.45454545454545453,True,True,True,True,False
19,7,3,sparse,anticorrelated,0.8,50,64,0.78125,14,0.21875,True,True,True,True,False
20,7,3,sparse,anticorrelated,0.8,108,189,0.5714285714285714,81,0.42857142857142855,True,True,True,True,False
21,7,3,sparse,anticorrelated,0.8,152,160,0.95,8,0.05,True,True,True,True,False
22,7,3,sparse,anticorrelated,0.8,76,100,0.76,24,0.24,True,True,True,True,False
23,7,3,sparse,anticorrelated,0.8,96,160,0.6,64,0.4,True,True,True,True,False
24,7,3,sparse,anticorrelated,0.8,100,100,1.0,0,0.0,True,True,True,True,True
25,7,3,sparse,anticorrelated,0.8,76,136,0.5588235294117647,60,0.4411764705882353,True,True,True,True,False
26,7,3,sparse,anticorrelated,0.8,85,105,0.8095238095238095,20,0.19047619047619047,True,True,True,True,False
27,7,3,sparse,anticorrelated,0.8,72,140,0.5142857142857142,68,0.4857142857142857,True,True,True,True,False
28,7,3,sparse,anticorrelated,0.8,104,130,0.8,26,0.2,True,True,True,True,False
29,7,3,sparse,anticorrelated,0.8,60,60,1.0,0,0.0,True,True,True,True,True
30,7,3,sparse,anticorrelated,0.8,32,58,0.5517241379310345,26,0.4482758620689655,True,True,True,True,False
1,8,1,dense,random,0.3,261,261,1.0,0,0.0,True,True,True,True,True
2,8,1,dense,random,0.3,276,276,1.0,0,0.0,True,True,True,True,True
3,8,1,dense,random,0.3,392,392,1.0,0,0.0,True,True,True,True,True
4,8,1,dense,random,0.3,276,276,1.0,0,0.0,True,True,True,True,True
5,8,1,dense,random,0.3,236,236,1.0,0,0.0,True,True,True,True,True
6,8,1,dense,random,0.3,332,332,1.0,0,0.0,True,True,True,True,True
7,8,1,dense,random,0.3,440,440,1.0,0,0.0,True,True,True,True,True
8,8,1,dense,random,0.3,332,332,1.0,0,0.0,True,True,True,True,True
9,8,1,dense,random,0.3,375,375,1.0,0,0.0,True,True,True,True,True
10,8,1,dense,random,0.3,231,231,1.0,0,0.0,True,True,True,True,True
11,8,1,dense,random,0.3,495,495,1.0,0,0.0,True,True,True,True,True
12,8,1,dense,random,0.3,324,324,1.0,0,0.0,True,True,True,True,True
13,8,1,dense,random,0.3,252,252,1.0,0,0.0,True,True,True,True,True
14,8,1,dense,random,0.3,340,340,1.0,0,0.0,True,True,True,True,True
15,8,1,dense,random,0.3,430,430,1.0,0,0.0,True,True,True,True,True
16,8,1,dense,random,0.3,273,273,1.0,0,0.0,True,True,True,True,True
17,8,1,dense,random,0.3,296,296,1.0,0,0.0,True,True,True,True,True
18,8,1,dense,random,0.3,282,282,1.0,0,0.0,True,True,True,True,True
19,8,1,dense,random,0.3,276,276,1.0,0,0.0,True,True,True,True,True
20,8,1,dense,random,0.3,212,212,1.0,0,0.0,True,True,True,True,True
21,8,1,dense,random,0.3,270,270,1.0,0,0.0,True,True,True,True,True
22,8,1,dense,random,0.3,384,384,1.0,0,0.0,True,True,True,True,True
23,8,1,dense,random,0.3,348,348,1.0,0,0.0,True,True,True,True,True
24,8,1,dense,random,0.3,375,375,1.0,0,0.0,True,True,True,True,True
25,8,1,dense,random,0.3,194,194,1.0,0,0.0,True,True,True,True,True
26,8,1,dense,random,0.3,280,280,1.0,0,0.0,True,True,True,True,True
27,8,1,dense,random,0.3,255,255,1.0,0,0.0,True,True,True,True,True
28,8,1,dense,random,0.3,352,352,1.0,0,0.0,True,True,True,True,True
29,8,1,dense,random,0.3,284,284,1.0,0,0.0,True,True,True,True,True
30,8,1,dense,random,0.3,225,225,1.0,0,0.0,True,True,True,True,True
1,8,1,dense,random,0.8,870,870,1.0,0,0.0,True,True,True,True,True
2,8,1,dense,random,0.8,828,828,1.0,0,0.0,True,True,True,True,True
3,8,1,dense,random,0.8,1176,1176,1.0,0,0.0,True,True,True,True,True
4,8,1,dense,random,0.8,828,828,1.0,0,0.0,True,True,True,True,True
5,8,1,dense,random,0.8,708,708,1.0,0,0.0,True,True,True,True,True
6,8,1,dense,random,0.8,996,996,1.0,0,0.0,True,True,True,True,True
7,8,1,dense,random,0.8,1144,1144,1.0,0,0.0,True,True,True,True,True
8,8,1,dense,random,0.8,996,996,1.0,0,0.0,True,True,True,True,True
9,8,1,dense,random,0.8,1050,1050,1.0,0,0.0,True,True,True,True,True
10,8,1,dense,random,0.8,770,770,1.0,0,0.0,True,True,True,True,True
11,8,1,dense,random,0.8,1485,1485,1.0,0,0.0,True,True,True,True,True
12,8,1,dense,random,0.8,972,972,1.0,0,0.0,True,True,True,True,True
13,8,1,dense,random,0.8,756,756,1.0,0,0.0,True,True,True,True,True
14,8,1,dense,random,0.8,1020,1020,1.0,0,0.0,True,True,True,True,True
15,8,1,dense,random,0.8,1204,1204,1.0,0,0.0,True,True,True,True,True
16,8,1,dense,random,0.8,910,910,1.0,0,0.0,True,True,True,True,True
17,8,1,dense,random,0.8,814,814,1.0,0,0.0,True,True,True,True,True
18,8,1,dense,random,0.8,940,940,1.0,0,0.0,True,True,True,True,True
19,8,1,dense,random,0.8,759,759,1.0,0,0.0,True,True,True,True,True
20,8,1,dense,random,0.8,583,583,1.0,0,0.0,True,True,True,True,True
21,8,1,dense,random,0.8,810,810,1.0,0,0.0,True,True,True,True,True
22,8,1,dense,random,0.8,1056,1056,1.0,0,0.0,True,True,True,True,True
23,8,1,dense,random,0.8,1044,1044,1.0,0,0.0,True,True,True,True,True
24,8,1,dense,random,0.8,975,975,1.0,0,0.0,True,True,True,True,True
25,8,1,dense,random,0.8,582,582,1.0,0,0.0,True,True,True,True,True
26,8,1,dense,random,0.8,770,770,1.0,0,0.0,True,True,True,True,True
27,8,1,dense,random,0.8,680,680,1.0,0,0.0,True,True,True,True,True
28,8,1,dense,random,0.8,1056,1056,1.0,0,0.0,True,True,True,True,True
29,8,1,dense,random,0.8,852,852,1.0,0,0.0,True,True,True,True,True
30,8,1,dense,random,0.8,750,750,1.0,0,0.0,True,True,True,True,True
1,8,1,dense,correlated,0.3,18,18,1.0,0,0.0,True,True,True,True,True
2,8,1,dense,correlated,0.3,24,24,1.0,0,0.0,True,True,True,True,True
3,8,1,dense,correlated,0.3,20,20,1.0,0,0.0,True,True,True,True,True
4,8,1,dense,correlated,0.3,20,20,1.0,0,0.0,True,True,True,True,True
5,8,1,dense,correlated,0.3,18,18,1.0,0,0.0,True,True,True,True,True
6,8,1,dense,correlated,0.3,20,20,1.0,0,0.0,True,True,True,True,True
7,8,1,dense,correlated,0.3,15,15,1.0,0,0.0,True,True,True,True,True
8,8,1,dense,correlated,0.3,20,20,1.0,0,0.0,True,True,True,True,True
9,8,1,dense,correlated,0.3,18,18,1.0,0,0.0,True,True,True,True,True
10,8,1,dense,correlated,0.3,21,21,1.0,0,0.0,True,True,True,True,True
11,8,1,dense,correlated,0.3,30,30,1.0,0,0.0,True,True,True,True,True
12,8,1,dense,correlated,0.3,12,12,1.0,0,0.0,True,True,True,True,True
13,8,1,dense,correlated,0.3,24,24,1.0,0,0.0,True,True,True,True,True
14,8,1,dense,correlated,0.3,30,30,1.0,0,0.0,True,True,True,True,True
15,8,1,dense,correlated,0.3,18,18,1.0,0,0.0,True,True,True,True,True
16,8,1,dense,correlated,0.3,20,20,1.0,0,0.0,True,True,True,True,True
17,8,1,dense,correlated,0.3,24,24,1.0,0,0.0,True,True,True,True,True
18,8,1,dense,correlated,0.3,12,12,1.0,0,0.0,True,True,True,True,True
19,8,1,dense,correlated,0.3,12,12,1.0,0,0.0,True,True,True,True,True
20,8,1,dense,correlated,0.3,12,12,1.0,0,0.0,True,True,True,True,True
21,8,1,dense,correlated,0.3,20,20,1.0,0,0.0,True,True,True,True,True
22,8,1,dense,correlated,0.3,15,15,1.0,0,0.0,True,True,True,True,True
23,8,1,dense,correlated,0.3,30,30,1.0,0,0.0,True,True,True,True,True
24,8,1,dense,correlated,0.3,16,16,1.0,0,0.0,True,True,True,True,True
25,8,1,dense,correlated,0.3,20,20,1.0,0,0.0,True,True,True,True,True
26,8,1,dense,correlated,0.3,12,12,1.0,0,0.0,True,True,True,True,True
27,8,1,dense,correlated,0.3,30,30,1.0,0,0.0,True,True,True,True,True
28,8,1,dense,correlated,0.3,20,20,1.0,0,0.0,True,True,True,True,True
29,8,1,dense,correlated,0.3,18,18,1.0,0,0.0,True,True,True,True,True
30,8,1,dense,correlated,0.3,18,18,1.0,0,0.0,True,True,True,True,True
1,8,1,dense,correlated,0.8,60,60,1.0,0,0.0,True,True,True,True,True
2,8,1,dense,correlated,0.8,66,66,1.0,0,0.0,True,True,True,True,True
3,8,1,dense,correlated,0.8,55,55,1.0,0,0.0,True,True,True,True,True
4,8,1,dense,correlated,0.8,60,60,1.0,0,0.0,True,True,True,True,True
5,8,1,dense,correlated,0.8,60,60,1.0,0,0.0,True,True,True,True,True
6,8,1,dense,correlated,0.8,60,60,1.0,0,0.0,True,True,True,True,True
7,8,1,dense,correlated,0.8,50,50,1.0,0,0.0,True,True,True,True,True
8,8,1,dense,correlated,0.8,60,60,1.0,0,0.0,True,True,True,True,True
9,8,1,dense,correlated,0.8,48,48,1.0,0,0.0,True,True,True,True,True
10,8,1,dense,correlated,0.8,56,56,1.0,0,0.0,True,True,True,True,True
11,8,1,dense,correlated,0.8,78,78,1.0,0,0.0,True,True,True,True,True
12,8,1,dense,correlated,0.8,36,36,1.0,0,0.0,True,True,True,True,True
13,8,1,dense,correlated,0.8,72,72,1.0,0,0.0,True,True,True,True,True
14,8,1,dense,correlated,0.8,90,90,1.0,0,0.0,True,True,True,True,True
15,8,1,dense,correlated,0.8,60,60,1.0,0,0.0,True,True,True,True,True
16,8,1,dense,correlated,0.8,55,55,1.0,0,0.0,True,True,True,True,True
17,8,1,dense,correlated,0.8,66,66,1.0,0,0.0,True,True,True,True,True
18,8,1,dense,correlated,0.8,36,36,1.0,0,0.0,True,True,True,True,True
19,8,1,dense,correlated,0.8,36,36,1.0,0,0.0,True,True,True,True,True
20,8,1,dense,correlated,0.8,40,40,1.0,0,0.0,True,True,True,True,True
21,8,1,dense,correlated,0.8,52,52,1.0,0,0.0,True,True,True,True,True
22,8,1,dense,correlated,0.8,50,50,1.0,0,0.0,True,True,True,True,True
23,8,1,dense,correlated,0.8,90,90,1.0,0,0.0,True,True,True,True,True
24,8,1,dense,correlated,0.8,48,48,1.0,0,0.0,True,True,True,True,True
25,8,1,dense,correlated,0.8,60,60,1.0,0,0.0,True,True,True,True,True
26,8,1,dense,correlated,0.8,36,36,1.0,0,0.0,True,True,True,True,True
27,8,1,dense,correlated,0.8,78,78,1.0,0,0.0,True,True,True,True,True
28,8,1,dense,correlated,0.8,56,56,1.0,0,0.0,True,True,True,True,True
29,8,1,dense,correlated,0.8,54,54,1.0,0,0.0,True,True,True,True,True
30,8,1,dense,correlated,0.8,60,60,1.0,0,0.0,True,True,True,True,True
1,8,1,dense,anticorrelated,0.3,51,51,1.0,0,0.0,True,True,True,True,True
2,8,1,dense,anticorrelated,0.3,68,68,1.0,0,0.0,True,True,True,True,True
3,8,1,dense,anticorrelated,0.3,64,64,1.0,0,0.0,True,True,True,True,True
4,8,1,dense,anticorrelated,0.3,64,64,1.0,0,0.0,True,True,True,True,True
5,8,1,dense,anticorrelated,0.3,51,51,1.0,0,0.0,True,True,True,True,True
6,8,1,dense,anticorrelated,0.3,75,75,1.0,0,0.0,True,True,True,True,True
7,8,1,dense,anticorrelated,0.3,48,48,1.0,0,0.0,True,True,True,True,True
8,8,1,dense,anticorrelated,0.3,64,64,1.0,0,0.0,True,True,True,True,True
9,8,1,dense,anticorrelated,0.3,51,51,1.0,0,0.0,True,True,True,True,True
10,8,1,dense,anticorrelated,0.3,72,72,1.0,0,0.0,True,True,True,True,True
11,8,1,dense,anticorrelated,0.3,85,85,1.0,0,0.0,True,True,True,True,True
12,8,1,dense,anticorrelated,0.3,56,56,1.0,0,0.0,True,True,True,True,True
13,8,1,dense,anticorrelated,0.3,68,68,1.0,0,0.0,True,True,True,True,True
14,8,1,dense,anticorrelated,0.3,85,85,1.0,0,0.0,True,True,True,True,True
15,8,1,dense,anticorrelated,0.3,51,51,1.0,0,0.0,True,True,True,True,True
16,8,1,dense,anticorrelated,0.3,64,64,1.0,0,0.0,True,True,True,True,True
17,8,1,dense,anticorrelated,0.3,68,68,1.0,0,0.0,True,True,True,True,True
18,8,1,dense,anticorrelated,0.3,45,45,1.0,0,0.0,True,True,True,True,True
19,8,1,dense,anticorrelated,0.3,56,56,1.0,0,0.0,True,True,True,True,True
20,8,1,dense,anticorrelated,0.3,42,42,1.0,0,0.0,True,True,True,True,True
21,8,1,dense,anticorrelated,0.3,75,75,1.0,0,0.0,True,True,True,True,True
22,8,1,dense,anticorrelated,0.3,48,48,1.0,0,0.0,True,True,True,True,True
23,8,1,dense,anticorrelated,0.3,85,85,1.0,0,0.0,True,True,True,True,True
24,8,1,dense,anticorrelated,0.3,60,60,1.0,0,0.0,True,True,True,True,True
25,8,1,dense,anticorrelated,0.3,64,64,1.0,0,0.0,True,True,True,True,True
26,8,1,dense,anticorrelated,0.3,48,48,1.0,0,0.0,True,True,True,True,True
27,8,1,dense,anticorrelated,0.3,85,85,1.0,0,0.0,True,True,True,True,True
28,8,1,dense,anticorrelated,0.3,75,75,1.0,0,0.0,True,True,True,True,True
29,8,1,dense,anticorrelated,0.3,48,48,1.0,0,0.0,True,True,True,True,True
30,8,1,dense,anticorrelated,0.3,51,51,1.0,0,0.0,True,True,True,True,True
1,8,1,dense,anticorrelated,0.8,170,170,1.0,0,0.0,True,True,True,True,True
2,8,1,dense,anticorrelated,0.8,187,187,1.0,0,0.0,True,True,True,True,True
3,8,1,dense,anticorrelated,0.8,176,176,1.0,0,0.0,True,True,True,True,True
4,8,1,dense,anticorrelated,0.8,192,192,1.0,0,0.0,True,True,True,True,True
5,8,1,dense,anticorrelated,0.8,170,170,1.0,0,0.0,True,True,True,True,True
6,8,1,dense,anticorrelated,0.8,225,225,1.0,0,0.0,True,True,True,True,True
7,8,1,dense,anticorrelated,0.8,160,160,1.0,0,0.0,True,True,True,True,True
8,8,1,dense,anticorrelated,0.8,192,192,1.0,0,0.0,True,True,True,True,True
9,8,1,dense,anticorrelated,0.8,136,136,1.0,0,0.0,True,True,True,True,True
10,8,1,dense,anticorrelated,0.8,192,192,1.0,0,0.0,True,True,True,True,True
11,8,1,dense,anticorrelated,0.8,221,221,1.0,0,0.0,True,True,True,True,True
12,8,1,dense,anticorrelated,0.8,168,168,1.0,0,0.0,True,True,True,True,True
13,8,1,dense,anticorrelated,0.8,204,204,1.0,0,0.0,True,True,True,True,True
14,8,1,dense,anticorrelated,0.8,255,255,1.0,0,0.0,True,True,True,True,True
15,8,1,dense,anticorrelated,0.8,170,170,1.0,0,0.0,True,True,True,True,True
16,8,1,dense,anticorrelated,0.8,176,176,1.0,0,0.0,True,True,True,True,True
17,8,1,dense,anticorrelated,0.8,187,187,1.0,0,0.0,True,True,True,True,True
18,8,1,dense,anticorrelated,0.8,135,135,1.0,0,0.0,True,True,True,True,True
19,8,1,dense,anticorrelated,0.8,168,168,1.0,0,0.0,True,True,True,True,True
20,8,1,dense,anticorrelated,0.8,140,140,1.0,0,0.0,True,True,True,True,True
21,8,1,dense,anticorrelated,0.8,195,195,1.0,0,0.0,True,True,True,True,True
22,8,1,dense,anticorrelated,0.8,160,160,1.0,0,0.0,True,True,True,True,True
23,8,1,dense,anticorrelated,0.8,255,255,1.0,0,0.0,True,True,True,True,True
24,8,1,dense,anticorrelated,0.8,180,180,1.0,0,0.0,True,True,True,True,True
25,8,1,dense,anticorrelated,0.8,192,192,1.0,0,0.0,True,True,True,True,True
26,8,1,dense,anticorrelated,0.8,144,144,1.0,0,0.0,True,True,True,True,True
27,8,1,dense,anticorrelated,0.8,221,221,1.0,0,0.0,True,True,True,True,True
28,8,1,dense,anticorrelated,0.8,210,210,1.0,0,0.0,True,True,True,True,True
29,8,1,dense,anticorrelated,0.8,144,144,1.0,0,0.0,True,True,True,True,True
30,8,1,dense,anticorrelated,0.8,170,170,1.0,0,0.0,True,True,True,True,True
1,8,1,sparse,random,0.3,84,84,1.0,0,0.0,True,True,True,True,True
2,8,1,sparse,random,0.3,188,188,1.0,0,0.0,True,True,True,True,True
3,8,1,sparse,random,0.3,258,258,1.0,0,0.0,True,True,True,True,True
4,8,1,sparse,random,0.3,146,146,1.0,0,0.0,True,True,True,True,True
5,8,1,sparse,random,0.3,15,15,1.0,0,0.0,True,True,True,True,True
6,8,1,sparse,random,0.3,76,76,1.0,0,0.0,True,True,True,True,True
7,8,1,sparse,random,0.3,100,100,1.0,0,0.0,True,True,True,True,True
8,8,1,sparse,random,0.3,140,140,1.0,0,0.0,True,True,True,True,True
9,8,1,sparse,random,0.3,91,91,1.0,0,0.0,True,True,True,True,True
10,8,1,sparse,random,0.3,84,84,1.0,0,0.0,True,True,True,True,True
11,8,1,sparse,random,0.3,12,12,1.0,0,0.0,True,True,True,True,True
12,8,1,sparse,random,0.3,28,28,1.0,0,0.0,True,True,True,True,True
13,8,1,sparse,random,0.3,85,85,1.0,0,0.0,True,True,True,True,True
14,8,1,sparse,random,0.3,0,0,1.0,0,0.0,True,True,True,True,True
15,8,1,sparse,random,0.3,105,105,1.0,0,0.0,True,True,True,True,True
16,8,1,sparse,random,0.3,99,99,1.0,0,0.0,True,True,True,True,True
17,8,1,sparse,random,0.3,72,72,1.0,0,0.0,True,True,True,True,True
18,8,1,sparse,random,0.3,270,270,1.0,0,0.0,True,True,True,True,True
19,8,1,sparse,random,0.3,69,69,1.0,0,0.0,True,True,True,True,True
20,8,1,sparse,random,0.3,56,56,1.0,0,0.0,True,True,True,True,True
21,8,1,sparse,random,0.3,96,96,1.0,0,0.0,True,True,True,True,True
22,8,1,sparse,random,0.3,0,0,1.0,0,0.0,True,True,True,True,True
23,8,1,sparse,random,0.3,1,1,1.0,0,0.0,True,True,True,True,True
24,8,1,sparse,random,0.3,232,232,1.0,0,0.0,True,True,True,True,True
25,8,1,sparse,random,0.3,91,91,1.0,0,0.0,True,True,True,True,True
26,8,1,sparse,random,0.3,192,192,1.0,0,0.0,True,True,True,True,True
27,8,1,sparse,random,0.3,83,83,1.0,0,0.0,True,True,True,True,True
28,8,1,sparse,random,0.3,45,45,1.0,0,0.0,True,True,True,True,True
29,8,1,sparse,random,0.3,96,96,1.0,0,0.0,True,True,True,True,True
30,8,1,sparse,random,0.3,85,85,1.0,0,0.0,True,True,True,True,True
1,8,1,sparse,random,0.8,252,252,1.0,0,0.0,True,True,True,True,True
2,8,1,sparse,random,0.8,470,470,1.0,0,0.0,True,True,True,True,True
3,8,1,sparse,random,0.8,688,688,1.0,0,0.0,True,True,True,True,True
4,8,1,sparse,random,0.8,365,365,1.0,0,0.0,True,True,True,True,True
5,8,1,sparse,random,0.8,97,112,0.8660714285714286,15,0.13392857142857142,True,True,True,True,False
6,8,1,sparse,random,0.8,228,228,1.0,0,0.0,True,True,True,True,True
7,8,1,sparse,random,0.8,200,242,0.8264462809917356,42,0.17355371900826447,True,True,True,True,False
8,8,1,sparse,random,0.8,490,490,1.0,0,0.0,True,True,True,True,True
9,8,1,sparse,random,0.8,324,324,1.0,0,0.0,True,True,True,True,True
10,8,1,sparse,random,0.8,336,336,1.0,0,0.0,True,True,True,True,True
11,8,1,sparse,random,0.8,70,70,1.0,0,0.0,True,True,True,True,True
12,8,1,sparse,random,0.8,140,140,1.0,0,0.0,True,True,True,True,True
13,8,1,sparse,random,0.8,85,85,1.0,0,0.0,True,True,True,True,True
14,8,1,sparse,random,0.8,65,65,1.0,0,0.0,True,True,True,True,True
15,8,1,sparse,random,0.8,315,315,1.0,0,0.0,True,True,True,True,True
16,8,1,sparse,random,0.8,396,396,1.0,0,0.0,True,True,True,True,True
17,8,1,sparse,random,0.8,288,288,1.0,0,0.0,True,True,True,True,True
18,8,1,sparse,random,0.8,720,720,1.0,0,0.0,True,True,True,True,True
19,8,1,sparse,random,0.8,69,69,1.0,0,0.0,True,True,True,True,True
20,8,1,sparse,random,0.8,224,224,1.0,0,0.0,True,True,True,True,True
21,8,1,sparse,random,0.8,348,348,1.0,0,0.0,True,True,True,True,True
22,8,1,sparse,random,0.8,80,80,1.0,0,0.0,True,True,True,True,True
23,8,1,sparse,random,0.8,198,198,1.0,0,0.0,True,True,True,True,True
24,8,1,sparse,random,0.8,638,638,1.0,0,0.0,True,True,True,True,True
25,8,1,sparse,random,0.8,364,364,1.0,0,0.0,True,True,True,True,True
26,8,1,sparse,random,0.8,576,576,1.0,0,0.0,True,True,True,True,True
27,8,1,sparse,random,0.8,332,332,1.0,0,0.0,True,True,True,True,True
28,8,1,sparse,random,0.8,135,135,1.0,0,0.0,True,True,True,True,True
29,8,1,sparse,random,0.8,384,384,1.0,0,0.0,True,True,True,True,True
30,8,1,sparse,random,0.8,255,271,0.940959409594096,16,0.05904059040590406,True,True,True,True,False
1,8,1,sparse,correlated,0.3,4,4,1.0,0,0.0,True,True,True,True,True
2,8,1,sparse,correlated,0.3,8,8,1.0,0,0.0,True,True,True,True,True
3,8,1,sparse,correlated,0.3,8,8,1.0,0,0.0,True,True,True,True,True
4,8,1,sparse,correlated,0.3,12,12,1.0,0,0.0,True,True,True,True,True
5,8,1,sparse,correlated,0.3,7,7,1.0,0,0.0,True,True,True,True,True
6,8,1,sparse,correlated,0.3,6,6,1.0,0,0.0,True,True,True,True,True
7,8,1,sparse,correlated,0.3,7,7,1.0,0,0.0,True,True,True,True,True
8,8,1,sparse,correlated,0.3,18,18,1.0,0,0.0,True,True,True,True,True
9,8,1,sparse,correlated,0.3,6,6,1.0,0,0.0,True,True,True,True,True
10,8,1,sparse,correlated,0.3,0,0,1.0,0,0.0,True,True,True,True,True
11,8,1,sparse,correlated,0.3,2,2,1.0,0,0.0,True,True,True,True,True
12,8,1,sparse,correlated,0.3,2,2,1.0,0,0.0,True,True,True,True,True
13,8,1,sparse,correlated,0.3,6,6,1.0,0,0.0,True,True,True,True,True
14,8,1,sparse,correlated,0.3,12,12,1.0,0,0.0,True,True,True,True,True
15,8,1,sparse,correlated,0.3,1,1,1.0,0,0.0,True,True,True,True,True
16,8,1,sparse,correlated,0.3,5,6,0.8333333333333334,1,0.16666666666666666,True,True,True,True,False
17,8,1,sparse,correlated,0.3,4,4,1.0,0,0.0,True,True,True,True,True
18,8,1,sparse,correlated,0.3,1,1,1.0,0,0.0,True,True,True,True,True
19,8,1,sparse,correlated,0.3,6,6,1.0,0,0.0,True,True,True,True,True
20,8,1,sparse,correlated,0.3,10,10,1.0,0,0.0,True,True,True,True,True
21,8,1,sparse,correlated,0.3,8,8,1.0,0,0.0,True,True,True,True,True
22,8,1,sparse,correlated,0.3,18,18,1.0,0,0.0,True,True,True,True,True
23,8,1,sparse,correlated,0.3,12,12,1.0,0,0.0,True,True,True,True,True
24,8,1,sparse,correlated,0.3,5,5,1.0,0,0.0,True,True,True,True,True
25,8,1,sparse,correlated,0.3,4,4,1.0,0,0.0,True,True,True,True,True
26,8,1,sparse,correlated,0.3,7,7,1.0,0,0.0,True,True,True,True,True
27,8,1,sparse,correlated,0.3,4,4,1.0,0,0.0,True,True,True,True,True
28,8,1,sparse,correlated,0.3,5,5,1.0,0,0.0,True,True,True,True,True
29,8,1,sparse,correlated,0.3,8,8,1.0,0,0.0,True,True,True,True,True
30,8,1,sparse,correlated,0.3,9,9,1.0,0,0.0,True,True,True,True,True
1,8,1,sparse,correlated,0.8,12,12,1.0,0,0.0,True,True,True,True,True
2,8,1,sparse,correlated,0.8,20,20,1.0,0,0.0,True,True,True,True,True
3,8,1,sparse,correlated,0.8,28,28,1.0,0,0.0,True,True,True,True,True
4,8,1,sparse,correlated,0.8,30,30,1.0,0,0.0,True,True,True,True,True
5,8,1,sparse,correlated,0.8,21,21,1.0,0,0.0,True,True,True,True,True
6,8,1,sparse,correlated,0.8,18,18,1.0,0,0.0,True,True,True,True,True
7,8,1,sparse,correlated,0.8,14,16,0.875,2,0.125,True,True,True,True,False
8,8,1,sparse,correlated,0.8,60,60,1.0,0,0.0,True,True,True,True,True
9,8,1,sparse,correlated,0.8,12,12,1.0,0,0.0,True,True,True,True,True
10,8,1,sparse,correlated,0.8,5,5,1.0,0,0.0,True,True,True,True,True
11,8,1,sparse,correlated,0.8,6,6,1.0,0,0.0,True,True,True,True,True
12,8,1,sparse,correlated,0.8,6,8,0.75,2,0.25,True,True,True,True,False
13,8,1,sparse,correlated,0.8,24,24,1.0,0,0.0,True,True,True,True,True
14,8,1,sparse,correlated,0.8,36,36,1.0,0,0.0,True,True,True,True,True
15,8,1,sparse,correlated,0.8,1,1,1.0,0,0.0,True,True,True,True,True
16,8,1,sparse,correlated,0.8,20,20,1.0,0,0.0,True,True,True,True,True
17,8,1,sparse,correlated,0.8,12,12,1.0,0,0.0,True,True,True,True,True
18,8,1,sparse,correlated,0.8,1,1,1.0,0,0.0,True,True,True,True,True
19,8,1,sparse,correlated,0.8,18,18,1.0,0,0.0,True,True,True,True,True
20,8,1,sparse,correlated,0.8,30,30,1.0,0,0.0,True,True,True,True,True
21,8,1,sparse,correlated,0.8,16,18,0.8888888888888888,2,0.1111111111111111,True,True,True,True,False
22,8,1,sparse,correlated,0.8,54,54,1.0,0,0.0,True,True,True,True,True
23,8,1,sparse,correlated,0.8,32,32,1.0,0,0.0,True,True,True,True,True
24,8,1,sparse,correlated,0.8,15,16,0.9375,1,0.0625,True,True,True,True,False
25,8,1,sparse,correlated,0.8,10,10,1.0,0,0.0,True,True,True,True,True
26,8,1,sparse,correlated,0.8,35,35,1.0,0,0.0,True,True,True,True,True
27,8,1,sparse,correlated,0.8,4,4,1.0,0,0.0,True,True,True,True,True
28,8,1,sparse,correlated,0.8,20,20,1.0,0,0.0,True,True,True,True,True
29,8,1,sparse,correlated,0.8,24,25,0.96,1,0.04,True,True,True,True,False
30,8,1,sparse,correlated,0.8,30,30,1.0,0,0.0,True,True,True,True,True
1,8,1,sparse,anticorrelated,0.3,15,15,1.0,0,0.0,True,True,True,True,True
2,8,1,sparse,anticorrelated,0.3,28,28,1.0,0,0.0,True,True,True,True,True
3,8,1,sparse,anticorrelated,0.3,33,33,1.0,0,0.0,True,True,True,True,True
4,8,1,sparse,anticorrelated,0.3,34,34,1.0,0,0.0,True,True,True,True,True
5,8,1,sparse,anticorrelated,0.3,26,26,1.0,0,0.0,True,True,True,True,True
6,8,1,sparse,anticorrelated,0.3,33,33,1.0,0,0.0,True,True,True,True,True
7,8,1,sparse,anticorrelated,0.3,30,30,1.0,0,0.0,True,True,True,True,True
8,8,1,sparse,anticorrelated,0.3,51,51,1.0,0,0.0,True,True,True,True,True
9,8,1,sparse,anticorrelated,0.3,15,15,1.0,0,0.0,True,True,True,True,True
10,8,1,sparse,anticorrelated,0.3,0,0,1.0,0,0.0,True,True,True,True,True
11,8,1,sparse,anticorrelated,0.3,13,13,1.0,0,0.0,True,True,True,True,True
12,8,1,sparse,anticorrelated,0.3,14,14,1.0,0,0.0,True,True,True,True,True
13,8,1,sparse,anticorrelated,0.3,17,17,1.0,0,0.0,True,True,True,True,True
14,8,1,sparse,anticorrelated,0.3,34,34,1.0,0,0.0,True,True,True,True,True
15,8,1,sparse,anticorrelated,0.3,9,9,1.0,0,0.0,True,True,True,True,True
16,8,1,sparse,anticorrelated,0.3,36,36,1.0,0,0.0,True,True,True,True,True
17,8,1,sparse,anticorrelated,0.3,26,26,1.0,0,0.0,True,True,True,True,True
18,8,1,sparse,anticorrelated,0.3,10,10,1.0,0,0.0,True,True,True,True,True
19,8,1,sparse,anticorrelated,0.3,20,20,1.0,0,0.0,True,True,True,True,True
20,8,1,sparse,anticorrelated,0.3,44,44,1.0,0,0.0,True,True,True,True,True
21,8,1,sparse,anticorrelated,0.3,30,30,1.0,0,0.0,True,True,True,True,True
22,8,1,sparse,anticorrelated,0.3,51,51,1.0,0,0.0,True,True,True,True,True
23,8,1,sparse,anticorrelated,0.3,45,45,1.0,0,0.0,True,True,True,True,True
24,8,1,sparse,anticorrelated,0.3,24,24,1.0,0,0.0,True,True,True,True,True
25,8,1,sparse,anticorrelated,0.3,26,26,1.0,0,0.0,True,True,True,True,True
26,8,1,sparse,anticorrelated,0.3,16,16,1.0,0,0.0,True,True,True,True,True
27,8,1,sparse,anticorrelated,0.3,13,13,1.0,0,0.0,True,True,True,True,True
28,8,1,sparse,anticorrelated,0.3,15,15,1.0,0,0.0,True,True,True,True,True
29,8,1,sparse,anticorrelated,0.3,24,24,1.0,0,0.0,True,True,True,True,True
30,8,1,sparse,anticorrelated,0.3,42,42,1.0,0,0.0,True,True,True,True,True
1,8,1,sparse,anticorrelated,0.8,45,45,1.0,0,0.0,True,True,True,True,True
2,8,1,sparse,anticorrelated,0.8,70,70,1.0,0,0.0,True,True,True,True,True
3,8,1,sparse,anticorrelated,0.8,88,88,1.0,0,0.0,True,True,True,True,True
4,8,1,sparse,anticorrelated,0.8,85,85,1.0,0,0.0,True,True,True,True,True
5,8,1,sparse,anticorrelated,0.8,78,78,1.0,0,0.0,True,True,True,True,True
6,8,1,sparse,anticorrelated,0.8,99,99,1.0,0,0.0,True,True,True,True,True
7,8,1,sparse,anticorrelated,0.8,80,80,1.0,0,0.0,True,True,True,True,True
8,8,1,sparse,anticorrelated,0.8,170,170,1.0,0,0.0,True,True,True,True,True
9,8,1,sparse,anticorrelated,0.8,30,30,1.0,0,0.0,True,True,True,True,True
10,8,1,sparse,anticorrelated,0.8,14,14,1.0,0,0.0,True,True,True,True,True
11,8,1,sparse,anticorrelated,0.8,39,39,1.0,0,0.0,True,True,True,True,True
12,8,1,sparse,anticorrelated,0.8,35,35,1.0,0,0.0,True,True,True,True,True
13,8,1,sparse,anticorrelated,0.8,68,68,1.0,0,0.0,True,True,True,True,True
14,8,1,sparse,anticorrelated,0.8,102,102,1.0,0,0.0,True,True,True,True,True
15,8,1,sparse,anticorrelated,0.8,9,9,1.0,0,0.0,True,True,True,True,True
16,8,1,sparse,anticorrelated,0.8,96,96,1.0,0,0.0,True,True,True,True,True
17,8,1,sparse,anticorrelated,0.8,78,78,1.0,0,0.0,True,True,True,True,True
18,8,1,sparse,anticorrelated,0.8,10,10,1.0,0,0.0,True,True,True,True,True
19,8,1,sparse,anticorrelated,0.8,60,60,1.0,0,0.0,True,True,True,True,True
20,8,1,sparse,anticorrelated,0.8,132,132,1.0,0,0.0,True,True,True,True,True
21,8,1,sparse,anticorrelated,0.8,80,80,1.0,0,0.0,True,True,True,True,True
22,8,1,sparse,anticorrelated,0.8,153,153,1.0,0,0.0,True,True,True,True,True
23,8,1,sparse,anticorrelated,0.8,120,120,1.0,0,0.0,True,True,True,True,True
24,8,1,sparse,anticorrelated,0.8,84,84,1.0,0,0.0,True,True,True,True,True
25,8,1,sparse,anticorrelated,0.8,65,65,1.0,0,0.0,True,True,True,True,True
26,8,1,sparse,anticorrelated,0.8,80,80,1.0,0,0.0,True,True,True,True,True
27,8,1,sparse,anticorrelated,0.8,13,13,1.0,0,0.0,True,True,True,True,True
28,8,1,sparse,anticorrelated,0.8,60,60,1.0,0,0.0,True,True,True,True,True
29,8,1,sparse,anticorrelated,0.8,80,80,1.0,0,0.0,True,True,True,True,True
30,8,1,sparse,anticorrelated,0.8,140,140,1.0,0,0.0,True,True,True,True,True
1,8,2,dense,random,0.3,195,208,0.9375,13,0.0625,True,True,True,True,False
2,8,2,dense,random,0.3,98,147,0.6666666666666666,49,0.3333333333333333,True,True,True,True,False
3,8,2,dense,random,0.3,148,148,1.0,0,0.0,True,True,True,True,True
4,8,2,dense,random,0.3,332,332,1.0,0,0.0,True,True,True,True,True
5,8,2,dense,random,0.3,184,219,0.8401826484018264,35,0.1598173515981735,True,True,True,True,False
6,8,2,dense,random,0.3,194,194,1.0,0,0.0,True,True,True,True,True
7,8,2,dense,random,0.3,194,194,1.0,0,0.0,True,True,True,True,True
8,8,2,dense,random,0.3,130,178,0.7303370786516854,48,0.2696629213483146,True,True,True,True,False
9,8,2,dense,random,0.3,138,138,1.0,0,0.0,True,True,True,True,True
10,8,2,dense,random,0.3,134,191,0.7015706806282722,57,0.29842931937172773,True,True,True,True,False
11,8,2,dense,random,0.3,258,258,1.0,0,0.0,True,True,True,True,True
12,8,2,dense,random,0.3,180,214,0.8411214953271028,34,0.1588785046728972,True,True,True,True,False
13,8,2,dense,random,0.3,96,155,0.6193548387096774,59,0.38064516129032255,True,True,True,True,False
14,8,2,dense,random,0.3,270,270,1.0,0,0.0,True,True,True,True,True
15,8,2,dense,random,0.3,272,272,1.0,0,0.0,True,True,True,True,True
16,8,2,dense,random,0.3,172,199,0.864321608040201,27,0.135678391959799,True,True,True,True,False
17,8,2,dense,random,0.3,138,138,1.0,0,0.0,True,True,True,True,True
18,8,2,dense,random,0.3,96,126,0.7619047619047619,30,0.23809523809523808,True,True,True,True,False
19,8,2,dense,random,0.3,198,215,0.9209302325581395,17,0.07906976744186046,True,True,True,True,False
20,8,2,dense,random,0.3,284,284,1.0,0,0.0,True,True,True,True,True
21,8,2,dense,random,0.3,344,344,1.0,0,0.0,True,True,True,True,True
22,8,2,dense,random,0.3,297,297,1.0,0,0.0,True,True,True,True,True
23,8,2,dense,random,0.3,132,182,0.7252747252747253,50,0.27472527472527475,True,True,True,True,False
24,8,2,dense,random,0.3,340,340,1.0,0,0.0,True,True,True,True,True
25,8,2,dense,random,0.3,192,192,1.0,0,0.0,True,True,True,True,True
26,8,2,dense,random,0.3,190,256,0.7421875,66,0.2578125,True,True,True,True,False
27,8,2,dense,random,0.3,222,229,0.9694323144104804,7,0.03056768558951965,True,True,True,True,False
28,8,2,dense,random,0.3,272,272,1.0,0,0.0,True,True,True,True,True
29,8,2,dense,random,0.3,297,297,1.0,0,0.0,True,True,True,True,True
30,8,2,dense,random,0.3,159,166,0.9578313253012049,7,0.04216867469879518,True,True,True,True,False
1,8,2,dense,random,0.8,650,676,0.9615384615384616,26,0.038461538461538464,True,True,True,True,False
2,8,2,dense,random,0.8,490,539,0.9090909090909091,49,0.09090909090909091,True,True,True,True,False
3,8,2,dense,random,0.8,444,464,0.9568965517241379,20,0.04310344827586207,True,True,True,True,False
4,8,2,dense,random,0.8,913,913,1.0,0,0.0,True,True,True,True,True
5,8,2,dense,random,0.8,552,587,0.9403747870528109,35,0.059625212947189095,True,True,True,True,False
6,8,2,dense,random,0.8,485,503,0.9642147117296223,18,0.03578528827037773,True,True,True,True,False
7,8,2,dense,random,0.8,651,671,0.970193740685544,20,0.029806259314456036,True,True,True,True,False
8,8,2,dense,random,0.8,490,536,0.914179104477612,46,0.08582089552238806,True,True,True,True,False
9,8,2,dense,random,0.8,414,463,0.8941684665226782,49,0.10583153347732181,True,True,True,True,False
10,8,2,dense,random,0.8,469,548,0.8558394160583942,79,0.14416058394160583,True,True,True,True,False
11,8,2,dense,random,0.8,860,860,1.0,0,0.0,True,True,True,True,True
12,8,2,dense,random,0.8,600,668,0.8982035928143712,68,0.10179640718562874,True,True,True,True,False
13,8,2,dense,random,0.8,420,478,0.8786610878661087,58,0.12133891213389121,True,True,True,True,False
14,8,2,dense,random,0.8,810,810,1.0,0,0.0,True,True,True,True,True
15,8,2,dense,random,0.8,748,748,1.0,0,0.0,True,True,True,True,True
16,8,2,dense,random,0.8,602,643,0.9362363919129082,41,0.06376360808709176,True,True,True,True,False
17,8,2,dense,random,0.8,390,471,0.8280254777070064,81,0.17197452229299362,True,True,True,True,False
18,8,2,dense,random,0.8,384,418,0.9186602870813397,34,0.08133971291866028,True,True,True,True,False
19,8,2,dense,random,0.8,693,693,1.0,0,0.0,True,True,True,True,True
20,8,2,dense,random,0.8,852,852,1.0,0,0.0,True,True,True,True,True
21,8,2,dense,random,0.8,946,955,0.9905759162303664,9,0.009424083769633508,True,True,True,True,False
22,8,2,dense,random,0.8,990,990,1.0,0,0.0,True,True,True,True,True
23,8,2,dense,random,0.8,462,520,0.8884615384615384,58,0.11153846153846154,True,True,True,True,False
24,8,2,dense,random,0.8,1020,1020,1.0,0,0.0,True,True,True,True,True
25,8,2,dense,random,0.8,576,655,0.8793893129770992,79,0.12061068702290076,True,True,True,True,False
26,8,2,dense,random,0.8,570,636,0.8962264150943396,66,0.10377358490566038,True,True,True,True,False
27,8,2,dense,random,0.8,666,680,0.9794117647058823,14,0.020588235294117647,True,True,True,True,False
28,8,2,dense,random,0.8,748,748,1.0,0,0.0,True,True,True,True,True
29,8,2,dense,random,0.8,792,794,0.9974811083123426,2,0.0025188916876574307,True,True,True,True,False
30,8,2,dense,random,0.8,530,544,0.9742647058823529,14,0.025735294117647058,True,True,True,True,False
1,8,2,dense,correlated,0.3,15,18,0.8333333333333334,3,0.16666666666666666,True,True,True,True,False
2,8,2,dense,correlated,0.3,10,10,1.0,0,0.0,True,True,True,True,True
3,8,2,dense,correlated,0.3,16,23,0.6956521739130435,7,0.30434782608695654,True,True,True,True,False
4,8,2,dense,correlated,0.3,16,22,0.7272727272727273,6,0.2727272727272727,True,True,True,True,False
5,8,2,dense,correlated,0.3,14,17,0.8235294117647058,3,0.17647058823529413,True,True,True,True,False
6,8,2,dense,correlated,0.3,9,16,0.5625,7,0.4375,True,True,True,True,False
7,8,2,dense,correlated,0.3,11,15,0.7333333333333333,4,0.26666666666666666,True,True,True,True,False
8,8,2,dense,correlated,0.3,10,14,0.7142857142857143,4,0.2857142857142857,True,True,True,True,False
9,8,2,dense,correlated,0.3,21,21,1.0,0,0.0,True,True,True,True,True
10,8,2,dense,correlated,0.3,14,22,0.6363636363636364,8,0.36363636363636365,True,True,True,True,False
11,8,2,dense,correlated,0.3,12,12,1.0,0,0.0,True,True,True,True,True
12,8,2,dense,correlated,0.3,12,14,0.8571428571428571,2,0.14285714285714285,True,True,True,True,False
13,8,2,dense,correlated,0.3,12,12,1.0,0,0.0,True,True,True,True,True
14,8,2,dense,correlated,0.3,9,12,0.75,3,0.25,True,True,True,True,False
15,8,2,dense,correlated,0.3,18,20,0.9,2,0.1,True,True,True,True,False
16,8,2,dense,correlated,0.3,10,18,0.5555555555555556,8,0.4444444444444444,True,True,True,True,False
17,8,2,dense,correlated,0.3,28,28,1.0,0,0.0,True,True,True,True,True
18,8,2,dense,correlated,0.3,16,17,0.9411764705882353,1,0.058823529411764705,True,True,True,True,False
19,8,2,dense,correlated,0.3,10,13,0.7692307692307693,3,0.23076923076923078,True,True,True,True,False
20,8,2,dense,correlated,0.3,18,18,1.0,0,0.0,True,True,True,True,True
21,8,2,dense,correlated,0.3,21,21,1.0,0,0.0,True,True,True,True,True
22,8,2,dense,correlated,0.3,16,16,1.0,0,0.0,True,True,True,True,True
23,8,2,dense,correlated,0.3,16,20,0.8,4,0.2,True,True,True,True,False
24,8,2,dense,correlated,0.3,14,18,0.7777777777777778,4,0.2222222222222222,True,True,True,True,False
25,8,2,dense,correlated,0.3,18,18,1.0,0,0.0,True,True,True,True,True
26,8,2,dense,correlated,0.3,18,20,0.9,2,0.1,True,True,True,True,False
27,8,2,dense,correlated,0.3,15,15,1.0,0,0.0,True,True,True,True,True
28,8,2,dense,correlated,0.3,10,17,0.5882352941176471,7,0.4117647058823529,True,True,True,True,False
29,8,2,dense,correlated,0.3,8,9,0.8888888888888888,1,0.1111111111111111,True,True,True,True,False
30,8,2,dense,correlated,0.3,14,14,1.0,0,0.0,True,True,True,True,True
1,8,2,dense,correlated,0.8,50,56,0.8928571428571429,6,0.10714285714285714,True,True,True,True,False
2,8,2,dense,correlated,0.8,30,30,1.0,0,0.0,True,True,True,True,True
3,8,2,dense,correlated,0.8,49,67,0.7313432835820896,18,0.26865671641791045,True,True,True,True,False
4,8,2,dense,correlated,0.8,49,59,0.8305084745762712,10,0.1694915254237288,True,True,True,True,False
5,8,2,dense,correlated,0.8,49,52,0.9423076923076923,3,0.057692307692307696,True,True,True,True,False
6,8,2,dense,correlated,0.8,36,48,0.75,12,0.25,True,True,True,True,False
7,8,2,dense,correlated,0.8,44,48,0.9166666666666666,4,0.08333333333333333,True,True,True,True,False
8,8,2,dense,correlated,0.8,40,43,0.9302325581395349,3,0.06976744186046512,True,True,True,True,False
9,8,2,dense,correlated,0.8,63,63,1.0,0,0.0,True,True,True,True,True
10,8,2,dense,correlated,0.8,49,58,0.8448275862068966,9,0.15517241379310345,True,True,True,True,False
11,8,2,dense,correlated,0.8,36,39,0.9230769230769231,3,0.07692307692307693,True,True,True,True,False
12,8,2,dense,correlated,0.8,30,38,0.7894736842105263,8,0.21052631578947367,True,True,True,True,False
13,8,2,dense,correlated,0.8,36,36,1.0,0,0.0,True,True,True,True,True
14,8,2,dense,correlated,0.8,45,45,1.0,0,0.0,True,True,True,True,True
15,8,2,dense,correlated,0.8,60,62,0.967741935483871,2,0.03225806451612903,True,True,True,True,False
16,8,2,dense,correlated,0.8,40,50,0.8,10,0.2,True,True,True,True,False
17,8,2,dense,correlated,0.8,77,77,1.0,0,0.0,True,True,True,True,True
18,8,2,dense,correlated,0.8,48,58,0.8275862068965517,10,0.1724137931034483,True,True,True,True,False
19,8,2,dense,correlated,0.8,40,44,0.9090909090909091,4,0.09090909090909091,True,True,True,True,False
20,8,2,dense,correlated,0.8,60,60,1.0,0,0.0,True,True,True,True,True
21,8,2,dense,correlated,0.8,63,63,1.0,0,0.0,True,True,True,True,True
22,8,2,dense,correlated,0.8,48,48,1.0,0,0.0,True,True,True,True,True
23,8,2,dense,correlated,0.8,48,55,0.8727272727272727,7,0.12727272727272726,True,True,True,True,False
24,8,2,dense,correlated,0.8,50,54,0.9259259259259259,4,0.07407407407407407,True,True,True,True,False
25,8,2,dense,correlated,0.8,54,54,1.0,0,0.0,True,True,True,True,True
26,8,2,dense,correlated,0.8,48,56,0.8571428571428571,8,0.14285714285714285,True,True,True,True,False
27,8,2,dense,correlated,0.8,50,52,0.9615384615384616,2,0.038461538461538464,True,True,True,True,False
28,8,2,dense,correlated,0.8,50,50,1.0,0,0.0,True,True,True,True,True
29,8,2,dense,correlated,0.8,32,34,0.9411764705882353,2,0.058823529411764705,True,True,True,True,False
30,8,2,dense,correlated,0.8,35,36,0.9722222222222222,1,0.027777777777777776,True,True,True,True,False
1,8,2,dense,anticorrelated,0.3,51,51,1.0,0,0.0,True,True,True,True,True
2,8,2,dense,anticorrelated,0.3,26,26,1.0,0,0.0,True,True,True,True,True
3,8,2,dense,anticorrelated,0.3,36,53,0.6792452830188679,17,0.32075471698113206,True,True,True,True,False
4,8,2,dense,anticorrelated,0.3,36,52,0.6923076923076923,16,0.3076923076923077,True,True,True,True,False
5,8,2,dense,anticorrelated,0.3,32,32,1.0,0,0.0,True,True,True,True,True
6,8,2,dense,anticorrelated,0.3,18,30,0.6,12,0.4,True,True,True,True,False
7,8,2,dense,anticorrelated,0.3,70,70,1.0,0,0.0,True,True,True,True,True
8,8,2,dense,anticorrelated,0.3,70,70,1.0,0,0.0,True,True,True,True,True
9,8,2,dense,anticorrelated,0.3,54,54,1.0,0,0.0,True,True,True,True,True
10,8,2,dense,anticorrelated,0.3,34,50,0.68,16,0.32,True,True,True,True,False
11,8,2,dense,anticorrelated,0.3,36,40,0.9,4,0.1,True,True,True,True,False
12,8,2,dense,anticorrelated,0.3,40,44,0.9090909090909091,4,0.09090909090909091,True,True,True,True,False
13,8,2,dense,anticorrelated,0.3,45,45,1.0,0,0.0,True,True,True,True,True
14,8,2,dense,anticorrelated,0.3,24,26,0.9230769230769231,2,0.07692307692307693,True,True,True,True,False
15,8,2,dense,anticorrelated,0.3,54,54,1.0,0,0.0,True,True,True,True,True
16,8,2,dense,anticorrelated,0.3,30,46,0.6521739130434783,16,0.34782608695652173,True,True,True,True,False
17,8,2,dense,anticorrelated,0.3,72,72,1.0,0,0.0,True,True,True,True,True
18,8,2,dense,anticorrelated,0.3,60,60,1.0,0,0.0,True,True,True,True,True
19,8,2,dense,anticorrelated,0.3,26,35,0.7428571428571429,9,0.2571428571428571,True,True,True,True,False
20,8,2,dense,anticorrelated,0.3,51,51,1.0,0,0.0,True,True,True,True,True
21,8,2,dense,anticorrelated,0.3,57,57,1.0,0,0.0,True,True,True,True,True
22,8,2,dense,anticorrelated,0.3,32,40,0.8,8,0.2,True,True,True,True,False
23,8,2,dense,anticorrelated,0.3,75,75,1.0,0,0.0,True,True,True,True,True
24,8,2,dense,anticorrelated,0.3,34,48,0.7083333333333334,14,0.2916666666666667,True,True,True,True,False
25,8,2,dense,anticorrelated,0.3,34,34,1.0,0,0.0,True,True,True,True,True
26,8,2,dense,anticorrelated,0.3,51,51,1.0,0,0.0,True,True,True,True,True
27,8,2,dense,anticorrelated,0.3,51,51,1.0,0,0.0,True,True,True,True,True
28,8,2,dense,anticorrelated,0.3,30,40,0.75,10,0.25,True,True,True,True,False
29,8,2,dense,anticorrelated,0.3,36,38,0.9473684210526315,2,0.05263157894736842,True,True,True,True,False
30,8,2,dense,anticorrelated,0.3,33,35,0.9428571428571428,2,0.05714285714285714,True,True,True,True,False
1,8,2,dense,anticorrelated,0.8,170,170,1.0,0,0.0,True,True,True,True,True
2,8,2,dense,anticorrelated,0.8,78,85,0.9176470588235294,7,0.08235294117647059,True,True,True,True,False
3,8,2,dense,anticorrelated,0.8,119,157,0.7579617834394905,38,0.24203821656050956,True,True,True,True,False
4,8,2,dense,anticorrelated,0.8,119,139,0.8561151079136691,20,0.14388489208633093,True,True,True,True,False
5,8,2,dense,anticorrelated,0.8,112,112,1.0,0,0.0,True,True,True,True,True
6,8,2,dense,anticorrelated,0.8,64,90,0.7111111111111111,26,0.28888888888888886,True,True,True,True,False
7,8,2,dense,anticorrelated,0.8,196,196,1.0,0,0.0,True,True,True,True,True
8,8,2,dense,anticorrelated,0.8,182,182,1.0,0,0.0,True,True,True,True,True
9,8,2,dense,anticorrelated,0.8,162,162,1.0,0,0.0,True,True,True,True,True
10,8,2,dense,anticorrelated,0.8,119,134,0.8880597014925373,15,0.11194029850746269,True,True,True,True,False
11,8,2,dense,anticorrelated,0.8,108,120,0.9,12,0.1,True,True,True,True,False
12,8,2,dense,anticorrelated,0.8,110,122,0.9016393442622951,12,0.09836065573770492,True,True,True,True,False
13,8,2,dense,anticorrelated,0.8,135,135,1.0,0,0.0,True,True,True,True,True
14,8,2,dense,anticorrelated,0.8,70,80,0.875,10,0.125,True,True,True,True,False
15,8,2,dense,anticorrelated,0.8,180,180,1.0,0,0.0,True,True,True,True,True
16,8,2,dense,anticorrelated,0.8,105,122,0.860655737704918,17,0.13934426229508196,True,True,True,True,False
17,8,2,dense,anticorrelated,0.8,198,198,1.0,0,0.0,True,True,True,True,True
18,8,2,dense,anticorrelated,0.8,180,180,1.0,0,0.0,True,True,True,True,True
19,8,2,dense,anticorrelated,0.8,91,105,0.8666666666666667,14,0.13333333333333333,True,True,True,True,False
20,8,2,dense,anticorrelated,0.8,170,170,1.0,0,0.0,True,True,True,True,True
21,8,2,dense,anticorrelated,0.8,171,171,1.0,0,0.0,True,True,True,True,True
22,8,2,dense,anticorrelated,0.8,96,104,0.9230769230769231,8,0.07692307692307693,True,True,True,True,False
23,8,2,dense,anticorrelated,0.8,195,195,1.0,0,0.0,True,True,True,True,True
24,8,2,dense,anticorrelated,0.8,119,144,0.8263888888888888,25,0.1736111111111111,True,True,True,True,False
25,8,2,dense,anticorrelated,0.8,102,109,0.9357798165137615,7,0.06422018348623854,True,True,True,True,False
26,8,2,dense,anticorrelated,0.8,136,136,1.0,0,0.0,True,True,True,True,True
27,8,2,dense,anticorrelated,0.8,170,170,1.0,0,0.0,True,True,True,True,True
28,8,2,dense,anticorrelated,0.8,105,115,0.9130434782608695,10,0.08695652173913043,True,True,True,True,False
29,8,2,dense,anticorrelated,0.8,120,124,0.967741935483871,4,0.03225806451612903,True,True,True,True,False
30,8,2,dense,anticorrelated,0.8,88,92,0.9565217391304348,4,0.043478260869565216,True,True,True,True,False
1,8,2,sparse,random,0.3,49,95,0.5157894736842106,46,0.4842105263157895,True,True,True,True,False
2,8,2,sparse,random,0.3,234,234,1.0,0,0.0,True,True,True,True,True
3,8,2,sparse,random,0.3,97,115,0.8434782608695652,18,0.1565217391304348,True,True,True,True,False
4,8,2,sparse,random,0.3,81,81,1.0,0,0.0,True,True,True,True,True
5,8,2,sparse,random,0.3,168,257,0.6536964980544747,89,0.3463035019455253,True,True,True,True,False
6,8,2,sparse,random,0.3,84,84,1.0,0,0.0,True,True,True,True,True
7,8,2,sparse,random,0.3,85,85,1.0,0,0.0,True,True,True,True,True
8,8,2,sparse,random,0.3,83,114,0.7280701754385965,31,0.2719298245614035,True,True,True,True,False
9,8,2,sparse,random,0.3,92,146,0.6301369863013698,54,0.3698630136986301,True,True,True,True,False
10,8,2,sparse,random,0.3,86,132,0.6515151515151515,46,0.3484848484848485,True,True,True,True,False
11,8,2,sparse,random,0.3,108,182,0.5934065934065934,74,0.4065934065934066,True,True,True,True,False
12,8,2,sparse,random,0.3,170,213,0.7981220657276995,43,0.20187793427230047,True,True,True,True,False
13,8,2,sparse,random,0.3,97,128,0.7578125,31,0.2421875,True,True,True,True,False
14,8,2,sparse,random,0.3,291,370,0.7864864864864864,79,0.21351351351351353,True,True,True,True,False
15,8,2,sparse,random,0.3,90,90,1.0,0,0.0,True,True,True,True,True
16,8,2,sparse,random,0.3,59,83,0.7108433734939759,24,0.2891566265060241,True,True,True,True,False
17,8,2,sparse,random,0.3,200,200,1.0,0,0.0,True,True,True,True,True
18,8,2,sparse,random,0.3,252,287,0.8780487804878049,35,0.12195121951219512,True,True,True,True,False
19,8,2,sparse,random,0.3,89,172,0.5174418604651163,83,0.48255813953488375,True,True,True,True,False
20,8,2,sparse,random,0.3,75,75,1.0,0,0.0,True,True,True,True,True
21,8,2,sparse,random,0.3,216,221,0.9773755656108597,5,0.02262443438914027,True,True,True,True,False
22,8,2,sparse,random,0.3,152,237,0.6413502109704642,85,0.35864978902953587,True,True,True,True,False
23,8,2,sparse,random,0.3,294,381,0.7716535433070866,87,0.2283464566929134,True,True,True,True,False
24,8,2,sparse,random,0.3,80,80,1.0,0,0.0,True,True,True,True,True
25,8,2,sparse,random,0.3,25,44,0.5681818181818182,19,0.4318181818181818,True,True,True,True,False
26,8,2,sparse,random,0.3,64,64,1.0,0,0.0,True,True,True,True,True
27,8,2,sparse,random,0.3,294,294,1.0,0,0.0,True,True,True,True,True
28,8,2,sparse,random,0.3,114,151,0.7549668874172185,37,0.24503311258278146,True,True,True,True,False
29,8,2,sparse,random,0.3,198,198,1.0,0,0.0,True,True,True,True,True
30,8,2,sparse,random,0.3,194,194,1.0,0,0.0,True,True,True,True,True
1,8,2,sparse,random,0.8,184,331,0.5558912386706949,147,0.44410876132930516,True,True,True,True,False
2,8,2,sparse,random,0.8,624,624,1.0,0,0.0,True,True,True,True,True
3,8,2,sparse,random,0.8,388,435,0.8919540229885058,47,0.10804597701149425,True,True,True,True,False
4,8,2,sparse,random,0.8,162,306,0.5294117647058824,144,0.47058823529411764,True,True,True,True,False
5,8,2,sparse,random,0.8,440,816,0.5392156862745098,376,0.46078431372549017,True,True,True,True,False
6,8,2,sparse,random,0.8,336,336,1.0,0,0.0,True,True,True,True,True
7,8,2,sparse,random,0.8,184,354,0.519774011299435,170,0.480225988700565,True,True,True,True,False
8,8,2,sparse,random,0.8,205,238,0.8613445378151261,33,0.13865546218487396,True,True,True,True,False
9,8,2,sparse,random,0.8,368,503,0.731610337972167,135,0.268389662027833,True,True,True,True,False
10,8,2,sparse,random,0.8,258,388,0.6649484536082474,130,0.33505154639175255,True,True,True,True,False
11,8,2,sparse,random,0.8,332,499,0.6653306613226453,167,0.3346693386773547,True,True,True,True,False
12,8,2,sparse,random,0.8,595,681,0.8737151248164464,86,0.1262848751835536,True,True,True,True,False
13,8,2,sparse,random,0.8,200,327,0.6116207951070336,127,0.38837920489296635,True,True,True,True,False
14,8,2,sparse,random,0.8,776,934,0.8308351177730193,158,0.16916488222698073,True,True,True,True,False
15,8,2,sparse,random,0.8,360,508,0.7086614173228346,148,0.29133858267716534,True,True,True,True,False
16,8,2,sparse,random,0.8,196,215,0.9116279069767442,19,0.08837209302325581,True,True,True,True,False
17,8,2,sparse,random,0.8,600,600,1.0,0,0.0,True,True,True,True,True
18,8,2,sparse,random,0.8,840,945,0.8888888888888888,105,0.1111111111111111,True,True,True,True,False
19,8,2,sparse,random,0.8,249,427,0.5831381733021077,178,0.4168618266978923,True,True,True,True,False
20,8,2,sparse,random,0.8,200,247,0.8097165991902834,47,0.1902834008097166,True,True,True,True,False
21,8,2,sparse,random,0.8,576,581,0.9913941480206541,5,0.008605851979345954,True,True,True,True,False
22,8,2,sparse,random,0.8,456,796,0.5728643216080402,340,0.4271356783919598,True,True,True,True,False
23,8,2,sparse,random,0.8,784,1045,0.7502392344497608,261,0.24976076555023924,True,True,True,True,False
24,8,2,sparse,random,0.8,160,213,0.7511737089201878,53,0.24882629107981222,True,True,True,True,False
25,8,2,sparse,random,0.8,100,168,0.5952380952380952,68,0.40476190476190477,True,True,True,True,False
26,8,2,sparse,random,0.8,256,340,0.7529411764705882,84,0.24705882352941178,True,True,True,True,False
27,8,2,sparse,random,0.8,980,1054,0.9297912713472486,74,0.07020872865275142,True,True,True,True,False
28,8,2,sparse,random,0.8,399,547,0.7294332723948812,148,0.27056672760511885,True,True,True,True,False
29,8,2,sparse,random,0.8,594,594,1.0,0,0.0,True,True,True,True,True
30,8,2,sparse,random,0.8,582,582,1.0,0,0.0,True,True,True,True,True
1,8,2,sparse,correlated,0.3,2,3,0.6666666666666666,1,0.3333333333333333,True,True,True,True,False
2,8,2,sparse,correlated,0.3,18,18,1.0,0,0.0,True,True,True,True,True
3,8,2,sparse,correlated,0.3,6,7,0.8571428571428571,1,0.14285714285714285,True,True,True,True,False
4,8,2,sparse,correlated,0.3,12,14,0.8571428571428571,2,0.14285714285714285,True,True,True,True,False
5,8,2,sparse,correlated,0.3,8,8,1.0,0,0.0,True,True,True,True,True
6,8,2,sparse,correlated,0.3,7,8,0.875,1,0.125,True,True,True,True,False
7,8,2,sparse,correlated,0.3,1,2,0.5,1,0.5,True,True,True,True,False
8,8,2,sparse,correlated,0.3,5,10,0.5,5,0.5,True,True,True,True,False
9,8,2,sparse,correlated,0.3,8,10,0.8,2,0.2,True,True,True,True,False
10,8,2,sparse,correlated,0.3,6,10,0.6,4,0.4,True,True,True,True,False
11,8,2,sparse,correlated,0.3,5,7,0.7142857142857143,2,0.2857142857142857,True,True,True,True,False
12,8,2,sparse,correlated,0.3,9,13,0.6923076923076923,4,0.3076923076923077,True,True,True,True,False
13,8,2,sparse,correlated,0.3,6,12,0.5,6,0.5,True,True,True,True,False
14,8,2,sparse,correlated,0.3,9,9,1.0,0,0.0,True,True,True,True,True
15,8,2,sparse,correlated,0.3,10,10,1.0,0,0.0,True,True,True,True,True
16,8,2,sparse,correlated,0.3,7,7,1.0,0,0.0,True,True,True,True,True
17,8,2,sparse,correlated,0.3,15,20,0.75,5,0.25,True,True,True,True,False
18,8,2,sparse,correlated,0.3,7,14,0.5,7,0.5,True,True,True,True,False
19,8,2,sparse,correlated,0.3,12,12,1.0,0,0.0,True,True,True,True,True
20,8,2,sparse,correlated,0.3,12,12,1.0,0,0.0,True,True,True,True,True
21,8,2,sparse,correlated,0.3,2,3,0.6666666666666666,1,0.3333333333333333,True,True,True,True,False
22,8,2,sparse,correlated,0.3,7,7,1.0,0,0.0,True,True,True,True,True
23,8,2,sparse,correlated,0.3,7,7,1.0,0,0.0,True,True,True,True,True
24,8,2,sparse,correlated,0.3,8,10,0.8,2,0.2,True,True,True,True,False
25,8,2,sparse,correlated,0.3,4,4,1.0,0,0.0,True,True,True,True,True
26,8,2,sparse,correlated,0.3,9,9,1.0,0,0.0,True,True,True,True,True
27,8,2,sparse,correlated,0.3,18,18,1.0,0,0.0,True,True,True,True,True
28,8,2,sparse,correlated,0.3,12,12,1.0,0,0.0,True,True,True,True,True
29,8,2,sparse,correlated,0.3,6,8,0.75,2,0.25,True,True,True,True,False
30,8,2,sparse,correlated,0.3,14,16,0.875,2,0.125,True,True,True,True,False
1,8,2,sparse,correlated,0.8,8,11,0.7272727272727273,3,0.2727272727272727,True,True,True,True,False
2,8,2,sparse,correlated,0.8,48,48,1.0,0,0.0,True,True,True,True,True
3,8,2,sparse,correlated,0.8,21,23,0.9130434782608695,2,0.08695652173913043,True,True,True,True,False
4,8,2,sparse,correlated,0.8,40,47,0.851063829787234,7,0.14893617021276595,True,True,True,True,False
5,8,2,sparse,correlated,0.8,28,29,0.9655172413793104,1,0.034482758620689655,True,True,True,True,False
6,8,2,sparse,correlated,0.8,14,19,0.7368421052631579,5,0.2631578947368421,True,True,True,True,False
7,8,2,sparse,correlated,0.8,8,10,0.8,2,0.2,True,True,True,True,False
8,8,2,sparse,correlated,0.8,20,40,0.5,20,0.5,True,True,True,True,False
9,8,2,sparse,correlated,0.8,24,31,0.7741935483870968,7,0.22580645161290322,True,True,True,True,False
10,8,2,sparse,correlated,0.8,12,24,0.5,12,0.5,True,True,True,True,False
11,8,2,sparse,correlated,0.8,7,12,0.5833333333333334,5,0.4166666666666667,True,True,True,True,False
12,8,2,sparse,correlated,0.8,27,39,0.6923076923076923,12,0.3076923076923077,True,True,True,True,False
13,8,2,sparse,correlated,0.8,30,54,0.5555555555555556,24,0.4444444444444444,True,True,True,True,False
14,8,2,sparse,correlated,0.8,27,32,0.84375,5,0.15625,True,True,True,True,False
15,8,2,sparse,correlated,0.8,30,30,1.0,0,0.0,True,True,True,True,True
16,8,2,sparse,correlated,0.8,28,28,1.0,0,0.0,True,True,True,True,True
17,8,2,sparse,correlated,0.8,40,60,0.6666666666666666,20,0.3333333333333333,True,True,True,True,False
18,8,2,sparse,correlated,0.8,35,42,0.8333333333333334,7,0.16666666666666666,True,True,True,True,False
19,8,2,sparse,correlated,0.8,32,42,0.7619047619047619,10,0.23809523809523808,True,True,True,True,False
20,8,2,sparse,correlated,0.8,32,32,1.0,0,0.0,True,True,True,True,True
21,8,2,sparse,correlated,0.8,16,17,0.9411764705882353,1,0.058823529411764705,True,True,True,True,False
22,8,2,sparse,correlated,0.8,14,22,0.6363636363636364,8,0.36363636363636365,True,True,True,True,False
23,8,2,sparse,correlated,0.8,21,27,0.7777777777777778,6,0.2222222222222222,True,True,True,True,False
24,8,2,sparse,correlated,0.8,20,28,0.7142857142857143,8,0.2857142857142857,True,True,True,True,False
25,8,2,sparse,correlated,0.8,16,20,0.8,4,0.2,True,True,True,True,False
26,8,2,sparse,correlated,0.8,24,27,0.8888888888888888,3,0.1111111111111111,True,True,True,True,False
27,8,2,sparse,correlated,0.8,48,50,0.96,2,0.04,True,True,True,True,False
28,8,2,sparse,correlated,0.8,30,32,0.9375,2,0.0625,True,True,True,True,False
29,8,2,sparse,correlated,0.8,18,23,0.782608695652174,5,0.21739130434782608,True,True,True,True,False
30,8,2,sparse,correlated,0.8,42,50,0.84,8,0.16,True,True,True,True,False
1,8,2,sparse,anticorrelated,0.3,14,27,0.5185185185185185,13,0.48148148148148145,True,True,True,True,False
2,8,2,sparse,anticorrelated,0.3,51,51,1.0,0,0.0,True,True,True,True,True
3,8,2,sparse,anticorrelated,0.3,30,38,0.7894736842105263,8,0.21052631578947367,True,True,True,True,False
4,8,2,sparse,anticorrelated,0.3,51,51,1.0,0,0.0,True,True,True,True,True
5,8,2,sparse,anticorrelated,0.3,32,32,1.0,0,0.0,True,True,True,True,True
6,8,2,sparse,anticorrelated,0.3,22,28,0.7857142857142857,6,0.21428571428571427,True,True,True,True,False
7,8,2,sparse,anticorrelated,0.3,14,26,0.5384615384615384,12,0.46153846153846156,True,True,True,True,False
8,8,2,sparse,anticorrelated,0.3,16,32,0.5,16,0.5,True,True,True,True,False
9,8,2,sparse,anticorrelated,0.3,22,37,0.5945945945945946,15,0.40540540540540543,True,True,True,True,False
10,8,2,sparse,anticorrelated,0.3,36,54,0.6666666666666666,18,0.3333333333333333,True,True,True,True,False
11,8,2,sparse,anticorrelated,0.3,16,30,0.5333333333333333,14,0.4666666666666667,True,True,True,True,False
12,8,2,sparse,anticorrelated,0.3,42,54,0.7777777777777778,12,0.2222222222222222,True,True,True,True,False
13,8,2,sparse,anticorrelated,0.3,18,34,0.5294117647058824,16,0.47058823529411764,True,True,True,True,False
14,8,2,sparse,anticorrelated,0.3,15,29,0.5172413793103449,14,0.4827586206896552,True,True,True,True,False
15,8,2,sparse,anticorrelated,0.3,32,32,1.0,0,0.0,True,True,True,True,True
16,8,2,sparse,anticorrelated,0.3,17,17,1.0,0,0.0,True,True,True,True,True
17,8,2,sparse,anticorrelated,0.3,54,72,0.75,18,0.25,True,True,True,True,False
18,8,2,sparse,anticorrelated,0.3,18,34,0.5294117647058824,16,0.47058823529411764,True,True,True,True,False
19,8,2,sparse,anticorrelated,0.3,51,51,1.0,0,0.0,True,True,True,True,True
20,8,2,sparse,anticorrelated,0.3,48,48,1.0,0,0.0,True,True,True,True,True
21,8,2,sparse,anticorrelated,0.3,18,29,0.6206896551724138,11,0.3793103448275862,True,True,True,True,False
22,8,2,sparse,anticorrelated,0.3,36,36,1.0,0,0.0,True,True,True,True,True
23,8,2,sparse,anticorrelated,0.3,32,32,1.0,0,0.0,True,True,True,True,True
24,8,2,sparse,anticorrelated,0.3,32,46,0.6956521739130435,14,0.30434782608695654,True,True,True,True,False
25,8,2,sparse,anticorrelated,0.3,13,13,1.0,0,0.0,True,True,True,True,True
26,8,2,sparse,anticorrelated,0.3,48,48,1.0,0,0.0,True,True,True,True,True
27,8,2,sparse,anticorrelated,0.3,57,57,1.0,0,0.0,True,True,True,True,True
28,8,2,sparse,anticorrelated,0.3,32,32,1.0,0,0.0,True,True,True,True,True
29,8,2,sparse,anticorrelated,0.3,44,52,0.8461538461538461,8,0.15384615384615385,True,True,True,True,False
30,8,2,sparse,anticorrelated,0.3,36,36,1.0,0,0.0,True,True,True,True,True
1,8,2,sparse,anticorrelated,0.8,52,94,0.5531914893617021,42,0.44680851063829785,True,True,True,True,False
2,8,2,sparse,anticorrelated,0.8,136,136,1.0,0,0.0,True,True,True,True,True
3,8,2,sparse,anticorrelated,0.8,105,121,0.8677685950413223,16,0.1322314049586777,True,True,True,True,False
4,8,2,sparse,anticorrelated,0.8,170,170,1.0,0,0.0,True,True,True,True,True
5,8,2,sparse,anticorrelated,0.8,112,122,0.9180327868852459,10,0.08196721311475409,True,True,True,True,False
6,8,2,sparse,anticorrelated,0.8,77,89,0.8651685393258427,12,0.1348314606741573,True,True,True,True,False
7,8,2,sparse,anticorrelated,0.8,56,92,0.6086956521739131,36,0.391304347826087,True,True,True,True,False
8,8,2,sparse,anticorrelated,0.8,64,128,0.5,64,0.5,True,True,True,True,False
9,8,2,sparse,anticorrelated,0.8,55,87,0.632183908045977,32,0.367816091954023,True,True,True,True,False
10,8,2,sparse,anticorrelated,0.8,96,132,0.7272727272727273,36,0.2727272727272727,True,True,True,True,False
11,8,2,sparse,anticorrelated,0.8,49,65,0.7538461538461538,16,0.24615384615384617,True,True,True,True,False
12,8,2,sparse,anticorrelated,0.8,112,154,0.7272727272727273,42,0.2727272727272727,True,True,True,True,False
13,8,2,sparse,anticorrelated,0.8,80,152,0.5263157894736842,72,0.47368421052631576,True,True,True,True,False
14,8,2,sparse,anticorrelated,0.8,70,130,0.5384615384615384,60,0.46153846153846156,True,True,True,True,False
15,8,2,sparse,anticorrelated,0.8,96,96,1.0,0,0.0,True,True,True,True,True
16,8,2,sparse,anticorrelated,0.8,68,68,1.0,0,0.0,True,True,True,True,True
17,8,2,sparse,anticorrelated,0.8,144,216,0.6666666666666666,72,0.3333333333333333,True,True,True,True,False
18,8,2,sparse,anticorrelated,0.8,80,102,0.7843137254901961,22,0.21568627450980393,True,True,True,True,False
19,8,2,sparse,anticorrelated,0.8,136,164,0.8292682926829268,28,0.17073170731707318,True,True,True,True,False
20,8,2,sparse,anticorrelated,0.8,128,128,1.0,0,0.0,True,True,True,True,True
21,8,2,sparse,anticorrelated,0.8,54,65,0.8307692307692308,11,0.16923076923076924,True,True,True,True,False
22,8,2,sparse,anticorrelated,0.8,96,124,0.7741935483870968,28,0.22580645161290322,True,True,True,True,False
23,8,2,sparse,anticorrelated,0.8,112,124,0.9032258064516129,12,0.0967741935483871,True,True,True,True,False
24,8,2,sparse,anticorrelated,0.8,80,136,0.5882352941176471,56,0.4117647058823529,True,True,True,True,False
25,8,2,sparse,anticorrelated,0.8,33,48,0.6875,15,0.3125,True,True,True,True,False
26,8,2,sparse,anticorrelated,0.8,128,128,1.0,0,0.0,True,True,True,True,True
27,8,2,sparse,anticorrelated,0.8,152,172,0.8837209302325582,20,0.11627906976744186,True,True,True,True,False
28,8,2,sparse,anticorrelated,0.8,80,101,0.7920792079207921,21,0.2079207920792079,True,True,True,True,False
29,8,2,sparse,anticorrelated,0.8,121,145,0.8344827586206897,24,0.16551724137931034,True,True,True,True,False
30,8,2,sparse,anticorrelated,0.8,108,108,1.0,0,0.0,True,True,True,True,True
1,8,3,dense,random,0.3,92,144,0.6388888888888888,52,0.3611111111111111,True,True,True,True,False
2,8,3,dense,random,0.3,114,152,0.75,38,0.25,True,True,True,True,False
3,8,3,dense,random,0.3,164,177,0.9265536723163842,13,0.07344632768361582,True,True,True,True,False
4,8,3,dense,random,0.3,192,192,1.0,0,0.0,True,True,True,True,True
5,8,3,dense,random,0.3,180,208,0.8653846153846154,28,0.1346153846153846,True,True,True,True,False
6,8,3,dense,random,0.3,100,148,0.6756756756756757,48,0.32432432432432434,True,True,True,True,False
7,8,3,dense,random,0.3,156,182,0.8571428571428571,26,0.14285714285714285,True,True,True,True,False
8,8,3,dense,random,0.3,91,134,0.6791044776119403,43,0.3208955223880597,True,True,True,True,False
9,8,3,dense,random,0.3,240,240,1.0,0,0.0,True,True,True,True,True
10,8,3,dense,random,0.3,159,159,1.0,0,0.0,True,True,True,True,True
11,8,3,dense,random,0.3,288,288,1.0,0,0.0,True,True,True,True,True
12,8,3,dense,random,0.3,172,213,0.8075117370892019,41,0.19248826291079812,True,True,True,True,False
13,8,3,dense,random,0.3,158,163,0.9693251533742331,5,0.03067484662576687,True,True,True,True,False
14,8,3,dense,random,0.3,252,252,1.0,0,0.0,True,True,True,True,True
15,8,3,dense,random,0.3,88,128,0.6875,40,0.3125,True,True,True,True,False
16,8,3,dense,random,0.3,61,120,0.5083333333333333,59,0.49166666666666664,True,True,True,True,False
17,8,3,dense,random,0.3,154,171,0.9005847953216374,17,0.09941520467836257,True,True,True,True,False
18,8,3,dense,random,0.3,340,340,1.0,0,0.0,True,True,True,True,True
19,8,3,dense,random,0.3,150,153,0.9803921568627451,3,0.0196078431372549,True,True,True,True,False
20,8,3,dense,random,0.3,222,247,0.8987854251012146,25,0.10121457489878542,True,True,True,True,False
21,8,3,dense,random,0.3,194,194,1.0,0,0.0,True,True,True,True,True
22,8,3,dense,random,0.3,140,140,1.0,0,0.0,True,True,True,True,True
23,8,3,dense,random,0.3,192,287,0.6689895470383276,95,0.3310104529616725,True,True,True,True,False
24,8,3,dense,random,0.3,83,101,0.8217821782178217,18,0.1782178217821782,True,True,True,True,False
25,8,3,dense,random,0.3,80,80,1.0,0,0.0,True,True,True,True,True
26,8,3,dense,random,0.3,92,181,0.5082872928176796,89,0.49171270718232046,True,True,True,True,False
27,8,3,dense,random,0.3,188,188,1.0,0,0.0,True,True,True,True,True
28,8,3,dense,random,0.3,154,154,1.0,0,0.0,True,True,True,True,True
29,8,3,dense,random,0.3,122,160,0.7625,38,0.2375,True,True,True,True,False
30,8,3,dense,random,0.3,196,196,1.0,0,0.0,True,True,True,True,True
1,8,3,dense,random,0.8,460,490,0.9387755102040817,30,0.061224489795918366,True,True,True,True,False
2,8,3,dense,random,0.8,324,423,0.7659574468085106,99,0.23404255319148937,True,True,True,True,False
3,8,3,dense,random,0.8,410,519,0.789980732177264,109,0.21001926782273603,True,True,True,True,False
4,8,3,dense,random,0.8,480,526,0.9125475285171103,46,0.08745247148288973,True,True,True,True,False
5,8,3,dense,random,0.8,528,592,0.8918918918918919,64,0.10810810810810811,True,True,True,True,False
6,8,3,dense,random,0.8,500,518,0.9652509652509652,18,0.03474903474903475,True,True,True,True,False
7,8,3,dense,random,0.8,468,592,0.7905405405405406,124,0.20945945945945946,True,True,True,True,False
8,8,3,dense,random,0.8,455,455,1.0,0,0.0,True,True,True,True,True
9,8,3,dense,random,0.8,660,660,1.0,0,0.0,True,True,True,True,True
10,8,3,dense,random,0.8,477,477,1.0,0,0.0,True,True,True,True,True
11,8,3,dense,random,0.8,768,768,1.0,0,0.0,True,True,True,True,True
12,8,3,dense,random,0.8,602,643,0.9362363919129082,41,0.06376360808709176,True,True,True,True,False
13,8,3,dense,random,0.8,474,541,0.8761552680221811,67,0.12384473197781885,True,True,True,True,False
14,8,3,dense,random,0.8,756,756,1.0,0,0.0,True,True,True,True,True
15,8,3,dense,random,0.8,352,398,0.8844221105527639,46,0.11557788944723618,True,True,True,True,False
16,8,3,dense,random,0.8,244,327,0.746177370030581,83,0.25382262996941896,True,True,True,True,False
17,8,3,dense,random,0.8,539,539,1.0,0,0.0,True,True,True,True,True
18,8,3,dense,random,0.8,1020,1020,1.0,0,0.0,True,True,True,True,True
19,8,3,dense,random,0.8,450,456,0.9868421052631579,6,0.013157894736842105,True,True,True,True,False
20,8,3,dense,random,0.8,592,642,0.9221183800623053,50,0.0778816199376947,True,True,True,True,False
21,8,3,dense,random,0.8,485,619,0.7835218093699515,134,0.21647819063004847,True,True,True,True,False
22,8,3,dense,random,0.8,420,436,0.963302752293578,16,0.03669724770642202,True,True,True,True,False
23,8,3,dense,random,0.8,576,765,0.7529411764705882,189,0.24705882352941178,True,True,True,True,False
24,8,3,dense,random,0.8,332,356,0.9325842696629213,24,0.06741573033707865,True,True,True,True,False
25,8,3,dense,random,0.8,244,346,0.7052023121387283,102,0.2947976878612717,True,True,True,True,False
26,8,3,dense,random,0.8,368,517,0.7117988394584139,149,0.28820116054158607,True,True,True,True,False
27,8,3,dense,random,0.8,564,652,0.8650306748466258,88,0.13496932515337423,True,True,True,True,False
28,8,3,dense,random,0.8,385,413,0.9322033898305084,28,0.06779661016949153,True,True,True,True,False
29,8,3,dense,random,0.8,427,540,0.7907407407407407,113,0.20925925925925926,True,True,True,True,False
30,8,3,dense,random,0.8,686,686,1.0,0,0.0,True,True,True,True,True
1,8,3,dense,correlated,0.3,16,18,0.8888888888888888,2,0.1111111111111111,True,True,True,True,False
2,8,3,dense,correlated,0.3,12,20,0.6,8,0.4,True,True,True,True,False
3,8,3,dense,correlated,0.3,18,18,1.0,0,0.0,True,True,True,True,True
4,8,3,dense,correlated,0.3,10,17,0.5882352941176471,7,0.4117647058823529,True,True,True,True,False
5,8,3,dense,correlated,0.3,20,21,0.9523809523809523,1,0.047619047619047616,True,True,True,True,False
6,8,3,dense,correlated,0.3,12,16,0.75,4,0.25,True,True,True,True,False
7,8,3,dense,correlated,0.3,12,15,0.8,3,0.2,True,True,True,True,False
8,8,3,dense,correlated,0.3,24,24,1.0,0,0.0,True,True,True,True,True
9,8,3,dense,correlated,0.3,14,15,0.9333333333333333,1,0.06666666666666667,True,True,True,True,False
10,8,3,dense,correlated,0.3,12,14,0.8571428571428571,2,0.14285714285714285,True,True,True,True,False
11,8,3,dense,correlated,0.3,13,14,0.9285714285714286,1,0.07142857142857142,True,True,True,True,False
12,8,3,dense,correlated,0.3,12,17,0.7058823529411765,5,0.29411764705882354,True,True,True,True,False
13,8,3,dense,correlated,0.3,20,20,1.0,0,0.0,True,True,True,True,True
14,8,3,dense,correlated,0.3,14,16,0.875,2,0.125,True,True,True,True,False
15,8,3,dense,correlated,0.3,16,18,0.8888888888888888,2,0.1111111111111111,True,True,True,True,False
16,8,3,dense,correlated,0.3,12,15,0.8,3,0.2,True,True,True,True,False
17,8,3,dense,correlated,0.3,12,22,0.5454545454545454,10,0.45454545454545453,True,True,True,True,False
18,8,3,dense,correlated,0.3,16,19,0.8421052631578947,3,0.15789473684210525,True,True,True,True,False
19,8,3,dense,correlated,0.3,12,18,0.6666666666666666,6,0.3333333333333333,True,True,True,True,False
20,8,3,dense,correlated,0.3,14,21,0.6666666666666666,7,0.3333333333333333,True,True,True,True,False
21,8,3,dense,correlated,0.3,16,16,1.0,0,0.0,True,True,True,True,True
22,8,3,dense,correlated,0.3,15,15,1.0,0,0.0,True,True,True,True,True
23,8,3,dense,correlated,0.3,13,23,0.5652173913043478,10,0.43478260869565216,True,True,True,True,False
24,8,3,dense,correlated,0.3,10,19,0.5263157894736842,9,0.47368421052631576,True,True,True,True,False
25,8,3,dense,correlated,0.3,11,20,0.55,9,0.45,True,True,True,True,False
26,8,3,dense,correlated,0.3,18,19,0.9473684210526315,1,0.05263157894736842,True,True,True,True,False
27,8,3,dense,correlated,0.3,22,22,1.0,0,0.0,True,True,True,True,True
28,8,3,dense,correlated,0.3,12,19,0.631578947368421,7,0.3684210526315789,True,True,True,True,False
29,8,3,dense,correlated,0.3,16,20,0.8,4,0.2,True,True,True,True,False
30,8,3,dense,correlated,0.3,14,14,1.0,0,0.0,True,True,True,True,True
1,8,3,dense,correlated,0.8,56,58,0.9655172413793104,2,0.034482758620689655,True,True,True,True,False
2,8,3,dense,correlated,0.8,40,52,0.7692307692307693,12,0.23076923076923078,True,True,True,True,False
3,8,3,dense,correlated,0.8,54,62,0.8709677419354839,8,0.12903225806451613,True,True,True,True,False
4,8,3,dense,correlated,0.8,40,56,0.7142857142857143,16,0.2857142857142857,True,True,True,True,False
5,8,3,dense,correlated,0.8,60,67,0.8955223880597015,7,0.1044776119402985,True,True,True,True,False
6,8,3,dense,correlated,0.8,48,52,0.9230769230769231,4,0.07692307692307693,True,True,True,True,False
7,8,3,dense,correlated,0.8,40,57,0.7017543859649122,17,0.2982456140350877,True,True,True,True,False
8,8,3,dense,correlated,0.8,64,64,1.0,0,0.0,True,True,True,True,True
9,8,3,dense,correlated,0.8,42,50,0.84,8,0.16,True,True,True,True,False
10,8,3,dense,correlated,0.8,36,46,0.782608695652174,10,0.21739130434782608,True,True,True,True,False
11,8,3,dense,correlated,0.8,44,51,0.8627450980392157,7,0.13725490196078433,True,True,True,True,False
12,8,3,dense,correlated,0.8,48,55,0.8727272727272727,7,0.12727272727272726,True,True,True,True,False
13,8,3,dense,correlated,0.8,50,51,0.9803921568627451,1,0.0196078431372549,True,True,True,True,False
14,8,3,dense,correlated,0.8,49,51,0.9607843137254902,2,0.0392156862745098,True,True,True,True,False
15,8,3,dense,correlated,0.8,44,48,0.9166666666666666,4,0.08333333333333333,True,True,True,True,False
16,8,3,dense,correlated,0.8,40,50,0.8,10,0.2,True,True,True,True,False
17,8,3,dense,correlated,0.8,50,68,0.7352941176470589,18,0.2647058823529412,True,True,True,True,False
18,8,3,dense,correlated,0.8,56,56,1.0,0,0.0,True,True,True,True,True
19,8,3,dense,correlated,0.8,48,54,0.8888888888888888,6,0.1111111111111111,True,True,True,True,False
20,8,3,dense,correlated,0.8,42,53,0.7924528301886793,11,0.20754716981132076,True,True,True,True,False
21,8,3,dense,correlated,0.8,40,46,0.8695652173913043,6,0.13043478260869565,True,True,True,True,False
22,8,3,dense,correlated,0.8,50,50,1.0,0,0.0,True,True,True,True,True
23,8,3,dense,correlated,0.8,55,64,0.859375,9,0.140625,True,True,True,True,False
24,8,3,dense,correlated,0.8,40,57,0.7017543859649122,17,0.2982456140350877,True,True,True,True,False
25,8,3,dense,correlated,0.8,55,58,0.9482758620689655,3,0.05172413793103448,True,True,True,True,False
26,8,3,dense,correlated,0.8,54,64,0.84375,10,0.15625,True,True,True,True,False
27,8,3,dense,correlated,0.8,55,55,1.0,0,0.0,True,True,True,True,True
28,8,3,dense,correlated,0.8,50,60,0.8333333333333334,10,0.16666666666666666,True,True,True,True,False
29,8,3,dense,correlated,0.8,56,60,0.9333333333333333,4,0.06666666666666667,True,True,True,True,False
30,8,3,dense,correlated,0.8,42,42,1.0,0,0.0,True,True,True,True,True
1,8,3,dense,anticorrelated,0.3,36,46,0.782608695652174,10,0.21739130434782608,True,True,True,True,False
2,8,3,dense,anticorrelated,0.3,39,39,1.0,0,0.0,True,True,True,True,True
3,8,3,dense,anticorrelated,0.3,36,36,1.0,0,0.0,True,True,True,True,True
4,8,3,dense,anticorrelated,0.3,16,31,0.5161290322580645,15,0.4838709677419355,True,True,True,True,False
5,8,3,dense,anticorrelated,0.3,38,38,1.0,0,0.0,True,True,True,True,True
6,8,3,dense,anticorrelated,0.3,28,29,0.9655172413793104,1,0.034482758620689655,True,True,True,True,False
7,8,3,dense,anticorrelated,0.3,28,33,0.8484848484848485,5,0.15151515151515152,True,True,True,True,False
8,8,3,dense,anticorrelated,0.3,57,57,1.0,0,0.0,True,True,True,True,True
9,8,3,dense,anticorrelated,0.3,28,29,0.9655172413793104,1,0.034482758620689655,True,True,True,True,False
10,8,3,dense,anticorrelated,0.3,45,45,1.0,0,0.0,True,True,True,True,True
11,8,3,dense,anticorrelated,0.3,36,43,0.8372093023255814,7,0.16279069767441862,True,True,True,True,False
12,8,3,dense,anticorrelated,0.3,17,31,0.5483870967741935,14,0.45161290322580644,True,True,True,True,False
13,8,3,dense,anticorrelated,0.3,30,30,1.0,0,0.0,True,True,True,True,True
14,8,3,dense,anticorrelated,0.3,34,42,0.8095238095238095,8,0.19047619047619047,True,True,True,True,False
15,8,3,dense,anticorrelated,0.3,64,64,1.0,0,0.0,True,True,True,True,True
16,8,3,dense,anticorrelated,0.3,16,31,0.5161290322580645,15,0.4838709677419355,True,True,True,True,False
17,8,3,dense,anticorrelated,0.3,22,34,0.6470588235294118,12,0.35294117647058826,True,True,True,True,False
18,8,3,dense,anticorrelated,0.3,34,34,1.0,0,0.0,True,True,True,True,True
19,8,3,dense,anticorrelated,0.3,26,30,0.8666666666666667,4,0.13333333333333333,True,True,True,True,False
20,8,3,dense,anticorrelated,0.3,34,49,0.6938775510204082,15,0.30612244897959184,True,True,True,True,False
21,8,3,dense,anticorrelated,0.3,30,30,1.0,0,0.0,True,True,True,True,True
22,8,3,dense,anticorrelated,0.3,54,54,1.0,0,0.0,True,True,True,True,True
23,8,3,dense,anticorrelated,0.3,17,31,0.5483870967741935,14,0.45161290322580644,True,True,True,True,False
24,8,3,dense,anticorrelated,0.3,16,31,0.5161290322580645,15,0.4838709677419355,True,True,True,True,False
25,8,3,dense,anticorrelated,0.3,28,32,0.875,4,0.125,True,True,True,True,False
26,8,3,dense,anticorrelated,0.3,38,38,1.0,0,0.0,True,True,True,True,True
27,8,3,dense,anticorrelated,0.3,30,30,1.0,0,0.0,True,True,True,True,True
28,8,3,dense,anticorrelated,0.3,34,37,0.918918918918919,3,0.08108108108108109,True,True,True,True,False
29,8,3,dense,anticorrelated,0.3,36,36,1.0,0,0.0,True,True,True,True,True
30,8,3,dense,anticorrelated,0.3,40,40,1.0,0,0.0,True,True,True,True,True
1,8,3,dense,anticorrelated,0.8,119,138,0.8623188405797102,19,0.13768115942028986,True,True,True,True,False
2,8,3,dense,anticorrelated,0.8,117,119,0.9831932773109243,2,0.01680672268907563,True,True,True,True,False
3,8,3,dense,anticorrelated,0.8,108,119,0.907563025210084,11,0.09243697478991597,True,True,True,True,False
4,8,3,dense,anticorrelated,0.8,80,94,0.851063829787234,14,0.14893617021276595,True,True,True,True,False
5,8,3,dense,anticorrelated,0.8,126,131,0.9618320610687023,5,0.03816793893129771,True,True,True,True,False
6,8,3,dense,anticorrelated,0.8,70,101,0.693069306930693,31,0.3069306930693069,True,True,True,True,False
7,8,3,dense,anticorrelated,0.8,98,116,0.8448275862068966,18,0.15517241379310345,True,True,True,True,False
8,8,3,dense,anticorrelated,0.8,152,152,1.0,0,0.0,True,True,True,True,True
9,8,3,dense,anticorrelated,0.8,84,101,0.8316831683168316,17,0.16831683168316833,True,True,True,True,False
10,8,3,dense,anticorrelated,0.8,135,136,0.9926470588235294,1,0.007352941176470588,True,True,True,True,False
11,8,3,dense,anticorrelated,0.8,108,122,0.8852459016393442,14,0.11475409836065574,True,True,True,True,False
12,8,3,dense,anticorrelated,0.8,75,98,0.7653061224489796,23,0.23469387755102042,True,True,True,True,False
13,8,3,dense,anticorrelated,0.8,75,80,0.9375,5,0.0625,True,True,True,True,False
14,8,3,dense,anticorrelated,0.8,119,127,0.937007874015748,8,0.06299212598425197,True,True,True,True,False
15,8,3,dense,anticorrelated,0.8,176,176,1.0,0,0.0,True,True,True,True,True
16,8,3,dense,anticorrelated,0.8,80,101,0.7920792079207921,21,0.2079207920792079,True,True,True,True,False
17,8,3,dense,anticorrelated,0.8,90,102,0.8823529411764706,12,0.11764705882352941,True,True,True,True,False
18,8,3,dense,anticorrelated,0.8,119,119,1.0,0,0.0,True,True,True,True,True
19,8,3,dense,anticorrelated,0.8,91,103,0.883495145631068,12,0.11650485436893204,True,True,True,True,False
20,8,3,dense,anticorrelated,0.8,102,117,0.8717948717948718,15,0.1282051282051282,True,True,True,True,False
21,8,3,dense,anticorrelated,0.8,75,89,0.8426966292134831,14,0.15730337078651685,True,True,True,True,False
22,8,3,dense,anticorrelated,0.8,180,180,1.0,0,0.0,True,True,True,True,True
23,8,3,dense,anticorrelated,0.8,85,110,0.7727272727272727,25,0.22727272727272727,True,True,True,True,False
24,8,3,dense,anticorrelated,0.8,64,93,0.6881720430107527,29,0.3118279569892473,True,True,True,True,False
25,8,3,dense,anticorrelated,0.8,98,109,0.8990825688073395,11,0.10091743119266056,True,True,True,True,False
26,8,3,dense,anticorrelated,0.8,114,125,0.912,11,0.088,True,True,True,True,False
27,8,3,dense,anticorrelated,0.8,78,95,0.8210526315789474,17,0.17894736842105263,True,True,True,True,False
28,8,3,dense,anticorrelated,0.8,119,140,0.85,21,0.15,True,True,True,True,False
29,8,3,dense,anticorrelated,0.8,126,126,1.0,0,0.0,True,True,True,True,True
30,8,3,dense,anticorrelated,0.8,110,115,0.9565217391304348,5,0.043478260869565216,True,True,True,True,False
1,8,3,sparse,random,0.3,91,100,0.91,9,0.09,True,True,True,True,False
2,8,3,sparse,random,0.3,64,147,0.43537414965986393,83,0.564625850340136,True,True,True,True,False
3,8,3,sparse,random,0.3,141,141,1.0,0,0.0,True,True,True,True,True
4,8,3,sparse,random,0.3,183,183,1.0,0,0.0,True,True,True,True,True
5,8,3,sparse,random,0.3,96,96,1.0,0,0.0,True,True,True,True,True
6,8,3,sparse,random,0.3,168,168,1.0,0,0.0,True,True,True,True,True
7,8,3,sparse,random,0.3,144,244,0.5901639344262295,100,0.4098360655737705,True,True,True,True,False
8,8,3,sparse,random,0.3,198,210,0.9428571428571428,12,0.05714285714285714,True,True,True,True,False
9,8,3,sparse,random,0.3,148,148,1.0,0,0.0,True,True,True,True,True
10,8,3,sparse,random,0.3,99,149,0.6644295302013423,50,0.33557046979865773,True,True,True,True,False
11,8,3,sparse,random,0.3,138,231,0.5974025974025974,93,0.4025974025974026,True,True,True,True,False
12,8,3,sparse,random,0.3,174,174,1.0,0,0.0,True,True,True,True,True
13,8,3,sparse,random,0.3,132,242,0.5454545454545454,110,0.45454545454545453,True,True,True,True,False
14,8,3,sparse,random,0.3,98,144,0.6805555555555556,46,0.3194444444444444,True,True,True,True,False
15,8,3,sparse,random,0.3,158,253,0.6245059288537549,95,0.37549407114624506,True,True,True,True,False
16,8,3,sparse,random,0.3,95,95,1.0,0,0.0,True,True,True,True,True
17,8,3,sparse,random,0.3,57,71,0.8028169014084507,14,0.19718309859154928,True,True,True,True,False
18,8,3,sparse,random,0.3,70,113,0.6194690265486725,43,0.3805309734513274,True,True,True,True,False
19,8,3,sparse,random,0.3,160,248,0.6451612903225806,88,0.3548387096774194,True,True,True,True,False
20,8,3,sparse,random,0.3,118,149,0.7919463087248322,31,0.2080536912751678,True,True,True,True,False
21,8,3,sparse,random,0.3,384,384,1.0,0,0.0,True,True,True,True,True
22,8,3,sparse,random,0.3,192,246,0.7804878048780488,54,0.21951219512195122,True,True,True,True,False
23,8,3,sparse,random,0.3,84,118,0.711864406779661,34,0.288135593220339,True,True,True,True,False
24,8,3,sparse,random,0.3,99,241,0.4107883817427386,142,0.5892116182572614,True,True,True,True,False
25,8,3,sparse,random,0.3,87,87,1.0,0,0.0,True,True,True,True,True
26,8,3,sparse,random,0.3,51,51,1.0,0,0.0,True,True,True,True,True
27,8,3,sparse,random,0.3,164,186,0.8817204301075269,22,0.11827956989247312,True,True,True,True,False
28,8,3,sparse,random,0.3,84,158,0.5316455696202531,74,0.46835443037974683,True,True,True,True,False
29,8,3,sparse,random,0.3,90,155,0.5806451612903226,65,0.41935483870967744,True,True,True,True,False
30,8,3,sparse,random,0.3,240,240,1.0,0,0.0,True,True,True,True,True
1,8,3,sparse,random,0.8,273,441,0.6190476190476191,168,0.38095238095238093,True,True,True,True,False
2,8,3,sparse,random,0.8,220,471,0.46709129511677283,251,0.5329087048832272,True,True,True,True,False
3,8,3,sparse,random,0.8,376,376,1.0,0,0.0,True,True,True,True,True
4,8,3,sparse,random,0.8,610,610,1.0,0,0.0,True,True,True,True,True
5,8,3,sparse,random,0.8,384,508,0.7559055118110236,124,0.2440944881889764,True,True,True,True,False
6,8,3,sparse,random,0.8,504,595,0.8470588235294118,91,0.15294117647058825,True,True,True,True,False
7,8,3,sparse,random,0.8,360,646,0.5572755417956656,286,0.44272445820433437,True,True,True,True,False
8,8,3,sparse,random,0.8,528,540,0.9777777777777777,12,0.022222222222222223,True,True,True,True,False
9,8,3,sparse,random,0.8,407,493,0.8255578093306288,86,0.1744421906693712,True,True,True,True,False
10,8,3,sparse,random,0.8,485,681,0.7121879588839941,196,0.2878120411160059,True,True,True,True,False
11,8,3,sparse,random,0.8,465,879,0.5290102389078498,414,0.4709897610921502,True,True,True,True,False
12,8,3,sparse,random,0.8,522,536,0.9738805970149254,14,0.026119402985074626,True,True,True,True,False
13,8,3,sparse,random,0.8,352,792,0.4444444444444444,440,0.5555555555555556,True,True,True,True,False
14,8,3,sparse,random,0.8,294,654,0.44954128440366975,360,0.5504587155963303,True,True,True,True,False
15,8,3,sparse,random,0.8,553,743,0.7442799461641992,190,0.2557200538358008,True,True,True,True,False
16,8,3,sparse,random,0.8,285,393,0.7251908396946565,108,0.2748091603053435,True,True,True,True,False
17,8,3,sparse,random,0.8,140,261,0.5363984674329502,121,0.46360153256704983,True,True,True,True,False
18,8,3,sparse,random,0.8,280,648,0.43209876543209874,368,0.5679012345679012,True,True,True,True,False
19,8,3,sparse,random,0.8,400,770,0.5194805194805194,370,0.4805194805194805,True,True,True,True,False
20,8,3,sparse,random,0.8,413,537,0.7690875232774674,124,0.2309124767225326,True,True,True,True,False
21,8,3,sparse,random,0.8,1056,1056,1.0,0,0.0,True,True,True,True,True
22,8,3,sparse,random,0.8,480,734,0.6539509536784741,254,0.3460490463215259,True,True,True,True,False
23,8,3,sparse,random,0.8,210,286,0.7342657342657343,76,0.26573426573426573,True,True,True,True,False
24,8,3,sparse,random,0.8,336,714,0.47058823529411764,378,0.5294117647058824,True,True,True,True,False
25,8,3,sparse,random,0.8,320,476,0.6722689075630253,156,0.3277310924369748,True,True,True,True,False
26,8,3,sparse,random,0.8,204,205,0.9951219512195122,1,0.004878048780487805,True,True,True,True,False
27,8,3,sparse,random,0.8,574,718,0.7994428969359332,144,0.20055710306406685,True,True,True,True,False
28,8,3,sparse,random,0.8,296,600,0.49333333333333335,304,0.5066666666666667,True,True,True,True,False
29,8,3,sparse,random,0.8,332,548,0.6058394160583942,216,0.39416058394160586,True,True,True,True,False
30,8,3,sparse,random,0.8,720,816,0.8823529411764706,96,0.11764705882352941,True,True,True,True,False
1,8,3,sparse,correlated,0.3,6,7,0.8571428571428571,1,0.14285714285714285,True,True,True,True,False
2,8,3,sparse,correlated,0.3,7,10,0.7,3,0.3,True,True,True,True,False
3,8,3,sparse,correlated,0.3,12,12,1.0,0,0.0,True,True,True,True,True
4,8,3,sparse,correlated,0.3,9,12,0.75,3,0.25,True,True,True,True,False
5,8,3,sparse,correlated,0.3,3,3,1.0,0,0.0,True,True,True,True,True
6,8,3,sparse,correlated,0.3,9,16,0.5625,7,0.4375,True,True,True,True,False
7,8,3,sparse,correlated,0.3,7,11,0.6363636363636364,4,0.36363636363636365,True,True,True,True,False
8,8,3,sparse,correlated,0.3,12,12,1.0,0,0.0,True,True,True,True,True
9,8,3,sparse,correlated,0.3,6,10,0.6,4,0.4,True,True,True,True,False
10,8,3,sparse,correlated,0.3,4,4,1.0,0,0.0,True,True,True,True,True
11,8,3,sparse,correlated,0.3,7,8,0.875,1,0.125,True,True,True,True,False
12,8,3,sparse,correlated,0.3,15,23,0.6521739130434783,8,0.34782608695652173,True,True,True,True,False
13,8,3,sparse,correlated,0.3,7,15,0.4666666666666667,8,0.5333333333333333,True,True,True,True,False
14,8,3,sparse,correlated,0.3,9,11,0.8181818181818182,2,0.18181818181818182,True,True,True,True,False
15,8,3,sparse,correlated,0.3,12,18,0.6666666666666666,6,0.3333333333333333,True,True,True,True,False
16,8,3,sparse,correlated,0.3,8,8,1.0,0,0.0,True,True,True,True,True
17,8,3,sparse,correlated,0.3,7,8,0.875,1,0.125,True,True,True,True,False
18,8,3,sparse,correlated,0.3,7,8,0.875,1,0.125,True,True,True,True,False
19,8,3,sparse,correlated,0.3,15,27,0.5555555555555556,12,0.4444444444444444,True,True,True,True,False
20,8,3,sparse,correlated,0.3,14,16,0.875,2,0.125,True,True,True,True,False
21,8,3,sparse,correlated,0.3,16,17,0.9411764705882353,1,0.058823529411764705,True,True,True,True,False
22,8,3,sparse,correlated,0.3,7,9,0.7777777777777778,2,0.2222222222222222,True,True,True,True,False
23,8,3,sparse,correlated,0.3,7,13,0.5384615384615384,6,0.46153846153846156,True,True,True,True,False
24,8,3,sparse,correlated,0.3,8,8,1.0,0,0.0,True,True,True,True,True
25,8,3,sparse,correlated,0.3,3,3,1.0,0,0.0,True,True,True,True,True
26,8,3,sparse,correlated,0.3,7,9,0.7777777777777778,2,0.2222222222222222,True,True,True,True,False
27,8,3,sparse,correlated,0.3,10,11,0.9090909090909091,1,0.09090909090909091,True,True,True,True,False
28,8,3,sparse,correlated,0.3,11,12,0.9166666666666666,1,0.08333333333333333,True,True,True,True,False
29,8,3,sparse,correlated,0.3,20,25,0.8,5,0.2,True,True,True,True,False
30,8,3,sparse,correlated,0.3,10,14,0.7142857142857143,4,0.2857142857142857,True,True,True,True,False
1,8,3,sparse,correlated,0.8,24,28,0.8571428571428571,4,0.14285714285714285,True,True,True,True,False
2,8,3,sparse,correlated,0.8,20,34,0.5882352941176471,14,0.4117647058823529,True,True,True,True,False
3,8,3,sparse,correlated,0.8,24,31,0.7741935483870968,7,0.22580645161290322,True,True,True,True,False
4,8,3,sparse,correlated,0.8,36,42,0.8571428571428571,6,0.14285714285714285,True,True,True,True,False
5,8,3,sparse,correlated,0.8,12,24,0.5,12,0.5,True,True,True,True,False
6,8,3,sparse,correlated,0.8,27,42,0.6428571428571429,15,0.35714285714285715,True,True,True,True,False
7,8,3,sparse,correlated,0.8,14,26,0.5384615384615384,12,0.46153846153846156,True,True,True,True,False
8,8,3,sparse,correlated,0.8,42,56,0.75,14,0.25,True,True,True,True,False
9,8,3,sparse,correlated,0.8,15,27,0.5555555555555556,12,0.4444444444444444,True,True,True,True,False
10,8,3,sparse,correlated,0.8,16,19,0.8421052631578947,3,0.15789473684210525,True,True,True,True,False
11,8,3,sparse,correlated,0.8,16,21,0.7619047619047619,5,0.23809523809523808,True,True,True,True,False
12,8,3,sparse,correlated,0.8,40,68,0.5882352941176471,28,0.4117647058823529,True,True,True,True,False
13,8,3,sparse,correlated,0.8,28,43,0.6511627906976745,15,0.3488372093023256,True,True,True,True,False
14,8,3,sparse,correlated,0.8,24,33,0.7272727272727273,9,0.2727272727272727,True,True,True,True,False
15,8,3,sparse,correlated,0.8,36,50,0.72,14,0.28,True,True,True,True,False
16,8,3,sparse,correlated,0.8,16,36,0.4444444444444444,20,0.5555555555555556,True,True,True,True,False
17,8,3,sparse,correlated,0.8,14,24,0.5833333333333334,10,0.4166666666666667,True,True,True,True,False
18,8,3,sparse,correlated,0.8,21,35,0.6,14,0.4,True,True,True,True,False
19,8,3,sparse,correlated,0.8,45,75,0.6,30,0.4,True,True,True,True,False
20,8,3,sparse,correlated,0.8,42,50,0.84,8,0.16,True,True,True,True,False
21,8,3,sparse,correlated,0.8,48,54,0.8888888888888888,6,0.1111111111111111,True,True,True,True,False
22,8,3,sparse,correlated,0.8,21,34,0.6176470588235294,13,0.38235294117647056,True,True,True,True,False
23,8,3,sparse,correlated,0.8,21,45,0.4666666666666667,24,0.5333333333333333,True,True,True,True,False
24,8,3,sparse,correlated,0.8,16,18,0.8888888888888888,2,0.1111111111111111,True,True,True,True,False
25,8,3,sparse,correlated,0.8,12,21,0.5714285714285714,9,0.42857142857142855,True,True,True,True,False
26,8,3,sparse,correlated,0.8,28,29,0.9655172413793104,1,0.034482758620689655,True,True,True,True,False
27,8,3,sparse,correlated,0.8,30,36,0.8333333333333334,6,0.16666666666666666,True,True,True,True,False
28,8,3,sparse,correlated,0.8,35,44,0.7954545454545454,9,0.20454545454545456,True,True,True,True,False
29,8,3,sparse,correlated,0.8,60,70,0.8571428571428571,10,0.14285714285714285,True,True,True,True,False
30,8,3,sparse,correlated,0.8,35,43,0.813953488372093,8,0.18604651162790697,True,True,True,True,False
1,8,3,sparse,anticorrelated,0.3,21,34,0.6176470588235294,13,0.38235294117647056,True,True,True,True,False
2,8,3,sparse,anticorrelated,0.3,42,56,0.75,14,0.25,True,True,True,True,False
3,8,3,sparse,anticorrelated,0.3,45,81,0.5555555555555556,36,0.4444444444444444,True,True,True,True,False
4,8,3,sparse,anticorrelated,0.3,54,54,1.0,0,0.0,True,True,True,True,True
5,8,3,sparse,anticorrelated,0.3,17,17,1.0,0,0.0,True,True,True,True,True
6,8,3,sparse,anticorrelated,0.3,36,54,0.6666666666666666,18,0.3333333333333333,True,True,True,True,False
7,8,3,sparse,anticorrelated,0.3,36,53,0.6792452830188679,17,0.32075471698113206,True,True,True,True,False
8,8,3,sparse,anticorrelated,0.3,36,36,1.0,0,0.0,True,True,True,True,True
9,8,3,sparse,anticorrelated,0.3,34,80,0.425,46,0.575,True,True,True,True,False
10,8,3,sparse,anticorrelated,0.3,13,13,1.0,0,0.0,True,True,True,True,True
11,8,3,sparse,anticorrelated,0.3,15,41,0.36585365853658536,26,0.6341463414634146,True,True,True,True,False
12,8,3,sparse,anticorrelated,0.3,60,98,0.6122448979591837,38,0.3877551020408163,True,True,True,True,False
13,8,3,sparse,anticorrelated,0.3,54,89,0.6067415730337079,35,0.39325842696629215,True,True,True,True,False
14,8,3,sparse,anticorrelated,0.3,51,73,0.6986301369863014,22,0.3013698630136986,True,True,True,True,False
15,8,3,sparse,anticorrelated,0.3,40,60,0.6666666666666666,20,0.3333333333333333,True,True,True,True,False
16,8,3,sparse,anticorrelated,0.3,17,17,1.0,0,0.0,True,True,True,True,True
17,8,3,sparse,anticorrelated,0.3,17,27,0.6296296296296297,10,0.37037037037037035,True,True,True,True,False
18,8,3,sparse,anticorrelated,0.3,16,26,0.6153846153846154,10,0.38461538461538464,True,True,True,True,False
19,8,3,sparse,anticorrelated,0.3,60,98,0.6122448979591837,38,0.3877551020408163,True,True,True,True,False
20,8,3,sparse,anticorrelated,0.3,42,71,0.5915492957746479,29,0.4084507042253521,True,True,True,True,False
21,8,3,sparse,anticorrelated,0.3,40,40,1.0,0,0.0,True,True,True,True,True
22,8,3,sparse,anticorrelated,0.3,24,42,0.5714285714285714,18,0.42857142857142855,True,True,True,True,False
23,8,3,sparse,anticorrelated,0.3,18,50,0.36,32,0.64,True,True,True,True,False
24,8,3,sparse,anticorrelated,0.3,15,26,0.5769230769230769,11,0.4230769230769231,True,True,True,True,False
25,8,3,sparse,anticorrelated,0.3,13,13,1.0,0,0.0,True,True,True,True,True
26,8,3,sparse,anticorrelated,0.3,39,39,1.0,0,0.0,True,True,True,True,True
27,8,3,sparse,anticorrelated,0.3,38,49,0.7755102040816326,11,0.22448979591836735,True,True,True,True,False
28,8,3,sparse,anticorrelated,0.3,22,55,0.4,33,0.6,True,True,True,True,False
29,8,3,sparse,anticorrelated,0.3,76,95,0.8,19,0.2,True,True,True,True,False
30,8,3,sparse,anticorrelated,0.3,38,52,0.7307692307692307,14,0.2692307692307692,True,True,True,True,False
1,8,3,sparse,anticorrelated,0.8,84,132,0.6363636363636364,48,0.36363636363636365,True,True,True,True,False
2,8,3,sparse,anticorrelated,0.8,112,196,0.5714285714285714,84,0.42857142857142855,True,True,True,True,False
3,8,3,sparse,anticorrelated,0.8,120,216,0.5555555555555556,96,0.4444444444444444,True,True,True,True,False
4,8,3,sparse,anticorrelated,0.8,180,180,1.0,0,0.0,True,True,True,True,True
5,8,3,sparse,anticorrelated,0.8,68,100,0.68,32,0.32,True,True,True,True,False
6,8,3,sparse,anticorrelated,0.8,108,160,0.675,52,0.325,True,True,True,True,False
7,8,3,sparse,anticorrelated,0.8,96,130,0.7384615384615385,34,0.26153846153846155,True,True,True,True,False
8,8,3,sparse,anticorrelated,0.8,126,160,0.7875,34,0.2125,True,True,True,True,False
9,8,3,sparse,anticorrelated,0.8,85,223,0.3811659192825112,138,0.6188340807174888,True,True,True,True,False
10,8,3,sparse,anticorrelated,0.8,52,70,0.7428571428571429,18,0.2571428571428571,True,True,True,True,False
11,8,3,sparse,anticorrelated,0.8,60,112,0.5357142857142857,52,0.4642857142857143,True,True,True,True,False
12,8,3,sparse,anticorrelated,0.8,160,274,0.583941605839416,114,0.41605839416058393,True,True,True,True,False
13,8,3,sparse,anticorrelated,0.8,144,251,0.5737051792828686,107,0.4262948207171315,True,True,True,True,False
14,8,3,sparse,anticorrelated,0.8,136,203,0.6699507389162561,67,0.33004926108374383,True,True,True,True,False
15,8,3,sparse,anticorrelated,0.8,120,172,0.6976744186046512,52,0.3023255813953488,True,True,True,True,False
16,8,3,sparse,anticorrelated,0.8,68,113,0.6017699115044248,45,0.39823008849557523,True,True,True,True,False
17,8,3,sparse,anticorrelated,0.8,34,79,0.43037974683544306,45,0.569620253164557,True,True,True,True,False
18,8,3,sparse,anticorrelated,0.8,64,110,0.5818181818181818,46,0.41818181818181815,True,True,True,True,False
19,8,3,sparse,anticorrelated,0.8,180,275,0.6545454545454545,95,0.34545454545454546,True,True,True,True,False
20,8,3,sparse,anticorrelated,0.8,126,228,0.5526315789473685,102,0.4473684210526316,True,True,True,True,False
21,8,3,sparse,anticorrelated,0.8,120,126,0.9523809523809523,6,0.047619047619047616,True,True,True,True,False
22,8,3,sparse,anticorrelated,0.8,84,166,0.5060240963855421,82,0.4939759036144578,True,True,True,True,False
23,8,3,sparse,anticorrelated,0.8,64,182,0.3516483516483517,118,0.6483516483516484,True,True,True,True,False
24,8,3,sparse,anticorrelated,0.8,40,69,0.5797101449275363,29,0.42028985507246375,True,True,True,True,False
25,8,3,sparse,anticorrelated,0.8,40,67,0.5970149253731343,27,0.40298507462686567,True,True,True,True,False
26,8,3,sparse,anticorrelated,0.8,104,126,0.8253968253968254,22,0.1746031746031746,True,True,True,True,False
27,8,3,sparse,anticorrelated,0.8,114,147,0.7755102040816326,33,0.22448979591836735,True,True,True,True,False
28,8,3,sparse,anticorrelated,0.8,95,178,0.5337078651685393,83,0.46629213483146065,True,True,True,True,False
29,8,3,sparse,anticorrelated,0.8,228,266,0.8571428571428571,38,0.14285714285714285,True,True,True,True,False
30,8,3,sparse,anticorrelated,0.8,133,161,0.8260869565217391,28,0.17391304347826086,True,True,True,True,False
1,9,1,dense,random,0.3,380,380,1.0,0,0.0,True,True,True,True,True
2,9,1,dense,random,0.3,450,450,1.0,0,0.0,True,True,True,True,True
3,9,1,dense,random,0.3,376,376,1.0,0,0.0,True,True,True,True,True
4,9,1,dense,random,0.3,273,273,1.0,0,0.0,True,True,True,True,True
5,9,1,dense,random,0.3,192,192,1.0,0,0.0,True,True,True,True,True
6,9,1,dense,random,0.3,445,445,1.0,0,0.0,True,True,True,True,True
7,9,1,dense,random,0.3,368,368,1.0,0,0.0,True,True,True,True,True
8,9,1,dense,random,0.3,450,450,1.0,0,0.0,True,True,True,True,True
9,9,1,dense,random,0.3,352,352,1.0,0,0.0,True,True,True,True,True
10,9,1,dense,random,0.3,390,390,1.0,0,0.0,True,True,True,True,True
11,9,1,dense,random,0.3,588,588,1.0,0,0.0,True,True,True,True,True
12,9,1,dense,random,0.3,297,297,1.0,0,0.0,True,True,True,True,True
13,9,1,dense,random,0.3,445,445,1.0,0,0.0,True,True,True,True,True
14,9,1,dense,random,0.3,380,380,1.0,0,0.0,True,True,True,True,True
15,9,1,dense,random,0.3,344,344,1.0,0,0.0,True,True,True,True,True
16,9,1,dense,random,0.3,470,470,1.0,0,0.0,True,True,True,True,True
17,9,1,dense,random,0.3,345,345,1.0,0,0.0,True,True,True,True,True
18,9,1,dense,random,0.3,485,485,1.0,0,0.0,True,True,True,True,True
19,9,1,dense,random,0.3,376,376,1.0,0,0.0,True,True,True,True,True
20,9,1,dense,random,0.3,375,375,1.0,0,0.0,True,True,True,True,True
21,9,1,dense,random,0.3,340,340,1.0,0,0.0,True,True,True,True,True
22,9,1,dense,random,0.3,498,498,1.0,0,0.0,True,True,True,True,True
23,9,1,dense,random,0.3,260,260,1.0,0,0.0,True,True,True,True,True
24,9,1,dense,random,0.3,213,213,1.0,0,0.0,True,True,True,True,True
25,9,1,dense,random,0.3,410,410,1.0,0,0.0,True,True,True,True,True
26,9,1,dense,random,0.3,364,364,1.0,0,0.0,True,True,True,True,True
27,9,1,dense,random,0.3,440,440,1.0,0,0.0,True,True,True,True,True
28,9,1,dense,random,0.3,430,430,1.0,0,0.0,True,True,True,True,True
29,9,1,dense,random,0.3,180,180,1.0,0,0.0,True,True,True,True,True
30,9,1,dense,random,0.3,260,260,1.0,0,0.0,True,True,True,True,True
1,9,1,dense,random,0.8,1140,1140,1.0,0,0.0,True,True,True,True,True
2,9,1,dense,random,0.8,1170,1170,1.0,0,0.0,True,True,True,True,True
3,9,1,dense,random,0.8,1128,1128,1.0,0,0.0,True,True,True,True,True
4,9,1,dense,random,0.8,728,728,1.0,0,0.0,True,True,True,True,True
5,9,1,dense,random,0.8,576,576,1.0,0,0.0,True,True,True,True,True
6,9,1,dense,random,0.8,1246,1246,1.0,0,0.0,True,True,True,True,True
7,9,1,dense,random,0.8,1012,1012,1.0,0,0.0,True,True,True,True,True
8,9,1,dense,random,0.8,1200,1200,1.0,0,0.0,True,True,True,True,True
9,9,1,dense,random,0.8,1056,1056,1.0,0,0.0,True,True,True,True,True
10,9,1,dense,random,0.8,1040,1040,1.0,0,0.0,True,True,True,True,True
11,9,1,dense,random,0.8,1568,1568,1.0,0,0.0,True,True,True,True,True
12,9,1,dense,random,0.8,990,990,1.0,0,0.0,True,True,True,True,True
13,9,1,dense,random,0.8,1335,1335,1.0,0,0.0,True,True,True,True,True
14,9,1,dense,random,0.8,1140,1140,1.0,0,0.0,True,True,True,True,True
15,9,1,dense,random,0.8,946,946,1.0,0,0.0,True,True,True,True,True
16,9,1,dense,random,0.8,1316,1316,1.0,0,0.0,True,True,True,True,True
17,9,1,dense,random,0.8,1035,1035,1.0,0,0.0,True,True,True,True,True
18,9,1,dense,random,0.8,1261,1261,1.0,0,0.0,True,True,True,True,True
19,9,1,dense,random,0.8,1128,1128,1.0,0,0.0,True,True,True,True,True
20,9,1,dense,random,0.8,1125,1125,1.0,0,0.0,True,True,True,True,True
21,9,1,dense,random,0.8,935,935,1.0,0,0.0,True,True,True,True,True
22,9,1,dense,random,0.8,1411,1411,1.0,0,0.0,True,True,True,True,True
23,9,1,dense,random,0.8,780,780,1.0,0,0.0,True,True,True,True,True
24,9,1,dense,random,0.8,639,639,1.0,0,0.0,True,True,True,True,True
25,9,1,dense,random,0.8,1148,1148,1.0,0,0.0,True,True,True,True,True
26,9,1,dense,random,0.8,1092,1092,1.0,0,0.0,True,True,True,True,True
27,9,1,dense,random,0.8,1320,1320,1.0,0,0.0,True,True,True,True,True
28,9,1,dense,random,0.8,1290,1290,1.0,0,0.0,True,True,True,True,True
29,9,1,dense,random,0.8,540,540,1.0,0,0.0,True,True,True,True,True
30,9,1,dense,random,0.8,728,728,1.0,0,0.0,True,True,True,True,True
1,9,1,dense,correlated,0.3,24,24,1.0,0,0.0,True,True,True,True,True
2,9,1,dense,correlated,0.3,25,25,1.0,0,0.0,True,True,True,True,True
3,9,1,dense,correlated,0.3,15,15,1.0,0,0.0,True,True,True,True,True
4,9,1,dense,correlated,0.3,21,21,1.0,0,0.0,True,True,True,True,True
5,9,1,dense,correlated,0.3,25,25,1.0,0,0.0,True,True,True,True,True
6,9,1,dense,correlated,0.3,8,8,1.0,0,0.0,True,True,True,True,True
7,9,1,dense,correlated,0.3,15,15,1.0,0,0.0,True,True,True,True,True
8,9,1,dense,correlated,0.3,24,24,1.0,0,0.0,True,True,True,True,True
9,9,1,dense,correlated,0.3,21,21,1.0,0,0.0,True,True,True,True,True
10,9,1,dense,correlated,0.3,14,15,0.9333333333333333,1,0.06666666666666667,True,True,True,True,False
11,9,1,dense,correlated,0.3,15,15,1.0,0,0.0,True,True,True,True,True
12,9,1,dense,correlated,0.3,20,20,1.0,0,0.0,True,True,True,True,True
13,9,1,dense,correlated,0.3,20,20,1.0,0,0.0,True,True,True,True,True
14,9,1,dense,correlated,0.3,24,24,1.0,0,0.0,True,True,True,True,True
15,9,1,dense,correlated,0.3,24,24,1.0,0,0.0,True,True,True,True,True
16,9,1,dense,correlated,0.3,12,12,1.0,0,0.0,True,True,True,True,True
17,9,1,dense,correlated,0.3,12,12,1.0,0,0.0,True,True,True,True,True
18,9,1,dense,correlated,0.3,14,14,1.0,0,0.0,True,True,True,True,True
19,9,1,dense,correlated,0.3,12,14,0.8571428571428571,2,0.14285714285714285,True,True,True,True,False
20,9,1,dense,correlated,0.3,30,30,1.0,0,0.0,True,True,True,True,True
21,9,1,dense,correlated,0.3,25,25,1.0,0,0.0,True,True,True,True,True
22,9,1,dense,correlated,0.3,24,24,1.0,0,0.0,True,True,True,True,True
23,9,1,dense,correlated,0.3,30,30,1.0,0,0.0,True,True,True,True,True
24,9,1,dense,correlated,0.3,30,30,1.0,0,0.0,True,True,True,True,True
25,9,1,dense,correlated,0.3,20,20,1.0,0,0.0,True,True,True,True,True
26,9,1,dense,correlated,0.3,12,12,1.0,0,0.0,True,True,True,True,True
27,9,1,dense,correlated,0.3,15,15,1.0,0,0.0,True,True,True,True,True
28,9,1,dense,correlated,0.3,24,24,1.0,0,0.0,True,True,True,True,True
29,9,1,dense,correlated,0.3,10,10,1.0,0,0.0,True,True,True,True,True
30,9,1,dense,correlated,0.3,30,30,1.0,0,0.0,True,True,True,True,True
1,9,1,dense,correlated,0.8,72,72,1.0,0,0.0,True,True,True,True,True
2,9,1,dense,correlated,0.8,75,75,1.0,0,0.0,True,True,True,True,True
3,9,1,dense,correlated,0.8,50,50,1.0,0,0.0,True,True,True,True,True
4,9,1,dense,correlated,0.8,56,56,1.0,0,0.0,True,True,True,True,True
5,9,1,dense,correlated,0.8,70,70,1.0,0,0.0,True,True,True,True,True
6,9,1,dense,correlated,0.8,20,21,0.9523809523809523,1,0.047619047619047616,True,True,True,True,False
7,9,1,dense,correlated,0.8,40,40,1.0,0,0.0,True,True,True,True,True
8,9,1,dense,correlated,0.8,72,72,1.0,0,0.0,True,True,True,True,True
9,9,1,dense,correlated,0.8,56,57,0.9824561403508771,1,0.017543859649122806,True,True,True,True,False
10,9,1,dense,correlated,0.8,49,50,0.98,1,0.02,True,True,True,True,False
11,9,1,dense,correlated,0.8,39,39,1.0,0,0.0,True,True,True,True,True
12,9,1,dense,correlated,0.8,52,52,1.0,0,0.0,True,True,True,True,True
13,9,1,dense,correlated,0.8,60,60,1.0,0,0.0,True,True,True,True,True
14,9,1,dense,correlated,0.8,72,72,1.0,0,0.0,True,True,True,True,True
15,9,1,dense,correlated,0.8,72,72,1.0,0,0.0,True,True,True,True,True
16,9,1,dense,correlated,0.8,36,36,1.0,0,0.0,True,True,True,True,True
17,9,1,dense,correlated,0.8,36,36,1.0,0,0.0,True,True,True,True,True
18,9,1,dense,correlated,0.8,35,39,0.8974358974358975,4,0.10256410256410256,True,True,True,True,False
19,9,1,dense,correlated,0.8,42,44,0.9545454545454546,2,0.045454545454545456,True,True,True,True,False
20,9,1,dense,correlated,0.8,84,84,1.0,0,0.0,True,True,True,True,True
21,9,1,dense,correlated,0.8,75,75,1.0,0,0.0,True,True,True,True,True
22,9,1,dense,correlated,0.8,72,72,1.0,0,0.0,True,True,True,True,True
23,9,1,dense,correlated,0.8,78,78,1.0,0,0.0,True,True,True,True,True
24,9,1,dense,correlated,0.8,90,90,1.0,0,0.0,True,True,True,True,True
25,9,1,dense,correlated,0.8,56,56,1.0,0,0.0,True,True,True,True,True
26,9,1,dense,correlated,0.8,36,36,1.0,0,0.0,True,True,True,True,True
27,9,1,dense,correlated,0.8,42,42,1.0,0,0.0,True,True,True,True,True
28,9,1,dense,correlated,0.8,72,72,1.0,0,0.0,True,True,True,True,True
29,9,1,dense,correlated,0.8,30,30,1.0,0,0.0,True,True,True,True,True
30,9,1,dense,correlated,0.8,90,90,1.0,0,0.0,True,True,True,True,True
1,9,1,dense,anticorrelated,0.3,68,68,1.0,0,0.0,True,True,True,True,True
2,9,1,dense,anticorrelated,0.3,80,80,1.0,0,0.0,True,True,True,True,True
3,9,1,dense,anticorrelated,0.3,45,45,1.0,0,0.0,True,True,True,True,True
4,9,1,dense,anticorrelated,0.3,48,48,1.0,0,0.0,True,True,True,True,True
5,9,1,dense,anticorrelated,0.3,80,80,1.0,0,0.0,True,True,True,True,True
6,9,1,dense,anticorrelated,0.3,72,72,1.0,0,0.0,True,True,True,True,True
7,9,1,dense,anticorrelated,0.3,60,60,1.0,0,0.0,True,True,True,True,True
8,9,1,dense,anticorrelated,0.3,68,68,1.0,0,0.0,True,True,True,True,True
9,9,1,dense,anticorrelated,0.3,48,48,1.0,0,0.0,True,True,True,True,True
10,9,1,dense,anticorrelated,0.3,55,55,1.0,0,0.0,True,True,True,True,True
11,9,1,dense,anticorrelated,0.3,70,70,1.0,0,0.0,True,True,True,True,True
12,9,1,dense,anticorrelated,0.3,75,75,1.0,0,0.0,True,True,True,True,True
13,9,1,dense,anticorrelated,0.3,64,64,1.0,0,0.0,True,True,True,True,True
14,9,1,dense,anticorrelated,0.3,68,68,1.0,0,0.0,True,True,True,True,True
15,9,1,dense,anticorrelated,0.3,68,68,1.0,0,0.0,True,True,True,True,True
16,9,1,dense,anticorrelated,0.3,56,56,1.0,0,0.0,True,True,True,True,True
17,9,1,dense,anticorrelated,0.3,56,56,1.0,0,0.0,True,True,True,True,True
18,9,1,dense,anticorrelated,0.3,39,39,1.0,0,0.0,True,True,True,True,True
19,9,1,dense,anticorrelated,0.3,50,50,1.0,0,0.0,True,True,True,True,True
20,9,1,dense,anticorrelated,0.3,85,85,1.0,0,0.0,True,True,True,True,True
21,9,1,dense,anticorrelated,0.3,80,80,1.0,0,0.0,True,True,True,True,True
22,9,1,dense,anticorrelated,0.3,68,68,1.0,0,0.0,True,True,True,True,True
23,9,1,dense,anticorrelated,0.3,85,85,1.0,0,0.0,True,True,True,True,True
24,9,1,dense,anticorrelated,0.3,85,85,1.0,0,0.0,True,True,True,True,True
25,9,1,dense,anticorrelated,0.3,75,75,1.0,0,0.0,True,True,True,True,True
26,9,1,dense,anticorrelated,0.3,52,52,1.0,0,0.0,True,True,True,True,True
27,9,1,dense,anticorrelated,0.3,70,70,1.0,0,0.0,True,True,True,True,True
28,9,1,dense,anticorrelated,0.3,68,68,1.0,0,0.0,True,True,True,True,True
29,9,1,dense,anticorrelated,0.3,52,52,1.0,0,0.0,True,True,True,True,True
30,9,1,dense,anticorrelated,0.3,85,85,1.0,0,0.0,True,True,True,True,True
1,9,1,dense,anticorrelated,0.8,204,204,1.0,0,0.0,True,True,True,True,True
2,9,1,dense,anticorrelated,0.8,240,240,1.0,0,0.0,True,True,True,True,True
3,9,1,dense,anticorrelated,0.8,150,150,1.0,0,0.0,True,True,True,True,True
4,9,1,dense,anticorrelated,0.8,128,128,1.0,0,0.0,True,True,True,True,True
5,9,1,dense,anticorrelated,0.8,224,224,1.0,0,0.0,True,True,True,True,True
6,9,1,dense,anticorrelated,0.8,192,192,1.0,0,0.0,True,True,True,True,True
7,9,1,dense,anticorrelated,0.8,160,160,1.0,0,0.0,True,True,True,True,True
8,9,1,dense,anticorrelated,0.8,204,204,1.0,0,0.0,True,True,True,True,True
9,9,1,dense,anticorrelated,0.8,136,136,1.0,0,0.0,True,True,True,True,True
10,9,1,dense,anticorrelated,0.8,165,165,1.0,0,0.0,True,True,True,True,True
11,9,1,dense,anticorrelated,0.8,182,182,1.0,0,0.0,True,True,True,True,True
12,9,1,dense,anticorrelated,0.8,195,195,1.0,0,0.0,True,True,True,True,True
13,9,1,dense,anticorrelated,0.8,192,192,1.0,0,0.0,True,True,True,True,True
14,9,1,dense,anticorrelated,0.8,204,204,1.0,0,0.0,True,True,True,True,True
15,9,1,dense,anticorrelated,0.8,204,204,1.0,0,0.0,True,True,True,True,True
16,9,1,dense,anticorrelated,0.8,168,168,1.0,0,0.0,True,True,True,True,True
17,9,1,dense,anticorrelated,0.8,168,168,1.0,0,0.0,True,True,True,True,True
18,9,1,dense,anticorrelated,0.8,104,105,0.9904761904761905,1,0.009523809523809525,True,True,True,True,False
19,9,1,dense,anticorrelated,0.8,150,150,1.0,0,0.0,True,True,True,True,True
20,9,1,dense,anticorrelated,0.8,238,238,1.0,0,0.0,True,True,True,True,True
21,9,1,dense,anticorrelated,0.8,240,240,1.0,0,0.0,True,True,True,True,True
22,9,1,dense,anticorrelated,0.8,204,204,1.0,0,0.0,True,True,True,True,True
23,9,1,dense,anticorrelated,0.8,221,221,1.0,0,0.0,True,True,True,True,True
24,9,1,dense,anticorrelated,0.8,255,255,1.0,0,0.0,True,True,True,True,True
25,9,1,dense,anticorrelated,0.8,210,210,1.0,0,0.0,True,True,True,True,True
26,9,1,dense,anticorrelated,0.8,156,156,1.0,0,0.0,True,True,True,True,True
27,9,1,dense,anticorrelated,0.8,196,196,1.0,0,0.0,True,True,True,True,True
28,9,1,dense,anticorrelated,0.8,204,204,1.0,0,0.0,True,True,True,True,True
29,9,1,dense,anticorrelated,0.8,156,156,1.0,0,0.0,True,True,True,True,True
30,9,1,dense,anticorrelated,0.8,255,255,1.0,0,0.0,True,True,True,True,True
1,9,1,sparse,random,0.3,54,54,1.0,0,0.0,True,True,True,True,True
2,9,1,sparse,random,0.3,91,91,1.0,0,0.0,True,True,True,True,True
3,9,1,sparse,random,0.3,207,207,1.0,0,0.0,True,True,True,True,True
4,9,1,sparse,random,0.3,118,118,1.0,0,0.0,True,True,True,True,True
5,9,1,sparse,random,0.3,186,186,1.0,0,0.0,True,True,True,True,True
6,9,1,sparse,random,0.3,210,210,1.0,0,0.0,True,True,True,True,True
7,9,1,sparse,random,0.3,102,112,0.9107142857142857,10,0.08928571428571429,True,True,True,True,False
8,9,1,sparse,random,0.3,129,129,1.0,0,0.0,True,True,True,True,True
9,9,1,sparse,random,0.3,249,249,1.0,0,0.0,True,True,True,True,True
10,9,1,sparse,random,0.3,22,22,1.0,0,0.0,True,True,True,True,True
11,9,1,sparse,random,0.3,42,42,1.0,0,0.0,True,True,True,True,True
12,9,1,sparse,random,0.3,92,92,1.0,0,0.0,True,True,True,True,True
13,9,1,sparse,random,0.3,168,168,1.0,0,0.0,True,True,True,True,True
14,9,1,sparse,random,0.3,55,55,1.0,0,0.0,True,True,True,True,True
15,9,1,sparse,random,0.3,47,53,0.8867924528301887,6,0.11320754716981132,True,True,True,True,False
16,9,1,sparse,random,0.3,270,270,1.0,0,0.0,True,True,True,True,True
17,9,1,sparse,random,0.3,34,34,1.0,0,0.0,True,True,True,True,True
18,9,1,sparse,random,0.3,170,170,1.0,0,0.0,True,True,True,True,True
19,9,1,sparse,random,0.3,120,120,1.0,0,0.0,True,True,True,True,True
20,9,1,sparse,random,0.3,162,162,1.0,0,0.0,True,True,True,True,True
21,9,1,sparse,random,0.3,77,77,1.0,0,0.0,True,True,True,True,True
22,9,1,sparse,random,0.3,92,92,1.0,0,0.0,True,True,True,True,True
23,9,1,sparse,random,0.3,50,50,1.0,0,0.0,True,True,True,True,True
24,9,1,sparse,random,0.3,85,85,1.0,0,0.0,True,True,True,True,True
25,9,1,sparse,random,0.3,0,0,1.0,0,0.0,True,True,True,True,True
26,9,1,sparse,random,0.3,184,184,1.0,0,0.0,True,True,True,True,True
27,9,1,sparse,random,0.3,164,164,1.0,0,0.0,True,True,True,True,True
28,9,1,sparse,random,0.3,86,86,1.0,0,0.0,True,True,True,True,True
29,9,1,sparse,random,0.3,156,156,1.0,0,0.0,True,True,True,True,True
30,9,1,sparse,random,0.3,98,98,1.0,0,0.0,True,True,True,True,True
1,9,1,sparse,random,0.8,162,162,1.0,0,0.0,True,True,True,True,True
2,9,1,sparse,random,0.8,364,364,1.0,0,0.0,True,True,True,True,True
3,9,1,sparse,random,0.8,552,552,1.0,0,0.0,True,True,True,True,True
4,9,1,sparse,random,0.8,413,413,1.0,0,0.0,True,True,True,True,True
5,9,1,sparse,random,0.8,651,651,1.0,0,0.0,True,True,True,True,True
6,9,1,sparse,random,0.8,630,630,1.0,0,0.0,True,True,True,True,True
7,9,1,sparse,random,0.8,312,312,1.0,0,0.0,True,True,True,True,True
8,9,1,sparse,random,0.8,344,344,1.0,0,0.0,True,True,True,True,True
9,9,1,sparse,random,0.8,747,747,1.0,0,0.0,True,True,True,True,True
10,9,1,sparse,random,0.8,88,88,1.0,0,0.0,True,True,True,True,True
11,9,1,sparse,random,0.8,105,117,0.8974358974358975,12,0.10256410256410256,True,True,True,True,False
12,9,1,sparse,random,0.8,368,368,1.0,0,0.0,True,True,True,True,True
13,9,1,sparse,random,0.8,504,504,1.0,0,0.0,True,True,True,True,True
14,9,1,sparse,random,0.8,165,165,1.0,0,0.0,True,True,True,True,True
15,9,1,sparse,random,0.8,188,188,1.0,0,0.0,True,True,True,True,True
16,9,1,sparse,random,0.8,720,720,1.0,0,0.0,True,True,True,True,True
17,9,1,sparse,random,0.8,34,34,1.0,0,0.0,True,True,True,True,True
18,9,1,sparse,random,0.8,510,510,1.0,0,0.0,True,True,True,True,True
19,9,1,sparse,random,0.8,300,300,1.0,0,0.0,True,True,True,True,True
20,9,1,sparse,random,0.8,405,405,1.0,0,0.0,True,True,True,True,True
21,9,1,sparse,random,0.8,308,308,1.0,0,0.0,True,True,True,True,True
22,9,1,sparse,random,0.8,301,319,0.9435736677115988,18,0.05642633228840126,True,True,True,True,False
23,9,1,sparse,random,0.8,200,200,1.0,0,0.0,True,True,True,True,True
24,9,1,sparse,random,0.8,400,400,1.0,0,0.0,True,True,True,True,True
25,9,1,sparse,random,0.8,200,200,1.0,0,0.0,True,True,True,True,True
26,9,1,sparse,random,0.8,552,552,1.0,0,0.0,True,True,True,True,True
27,9,1,sparse,random,0.8,492,492,1.0,0,0.0,True,True,True,True,True
28,9,1,sparse,random,0.8,172,176,0.9772727272727273,4,0.022727272727272728,True,True,True,True,False
29,9,1,sparse,random,0.8,416,416,1.0,0,0.0,True,True,True,True,True
30,9,1,sparse,random,0.8,392,392,1.0,0,0.0,True,True,True,True,True
1,9,1,sparse,correlated,0.3,1,1,1.0,0,0.0,True,True,True,True,True
2,9,1,sparse,correlated,0.3,1,1,1.0,0,0.0,True,True,True,True,True
3,9,1,sparse,correlated,0.3,10,10,1.0,0,0.0,True,True,True,True,True
4,9,1,sparse,correlated,0.3,5,5,1.0,0,0.0,True,True,True,True,True
5,9,1,sparse,correlated,0.3,18,18,1.0,0,0.0,True,True,True,True,True
6,9,1,sparse,correlated,0.3,9,9,1.0,0,0.0,True,True,True,True,True
7,9,1,sparse,correlated,0.3,24,24,1.0,0,0.0,True,True,True,True,True
8,9,1,sparse,correlated,0.3,4,4,1.0,0,0.0,True,True,True,True,True
9,9,1,sparse,correlated,0.3,8,8,1.0,0,0.0,True,True,True,True,True
10,9,1,sparse,correlated,0.3,3,3,1.0,0,0.0,True,True,True,True,True
11,9,1,sparse,correlated,0.3,10,10,1.0,0,0.0,True,True,True,True,True
12,9,1,sparse,correlated,0.3,12,12,1.0,0,0.0,True,True,True,True,True
13,9,1,sparse,correlated,0.3,7,8,0.875,1,0.125,True,True,True,True,False
14,9,1,sparse,correlated,0.3,12,12,1.0,0,0.0,True,True,True,True,True
15,9,1,sparse,correlated,0.3,6,6,1.0,0,0.0,True,True,True,True,True
16,9,1,sparse,correlated,0.3,6,6,1.0,0,0.0,True,True,True,True,True
17,9,1,sparse,correlated,0.3,1,1,1.0,0,0.0,True,True,True,True,True
18,9,1,sparse,correlated,0.3,15,15,1.0,0,0.0,True,True,True,True,True
19,9,1,sparse,correlated,0.3,1,1,1.0,0,0.0,True,True,True,True,True
20,9,1,sparse,correlated,0.3,9,9,1.0,0,0.0,True,True,True,True,True
21,9,1,sparse,correlated,0.3,12,12,1.0,0,0.0,True,True,True,True,True
22,9,1,sparse,correlated,0.3,3,3,1.0,0,0.0,True,True,True,True,True
23,9,1,sparse,correlated,0.3,8,8,1.0,0,0.0,True,True,True,True,True
24,9,1,sparse,correlated,0.3,0,0,1.0,0,0.0,True,True,True,True,True
25,9,1,sparse,correlated,0.3,12,12,1.0,0,0.0,True,True,True,True,True
26,9,1,sparse,correlated,0.3,24,24,1.0,0,0.0,True,True,True,True,True
27,9,1,sparse,correlated,0.3,5,5,1.0,0,0.0,True,True,True,True,True
28,9,1,sparse,correlated,0.3,1,1,1.0,0,0.0,True,True,True,True,True
29,9,1,sparse,correlated,0.3,5,5,1.0,0,0.0,True,True,True,True,True
30,9,1,sparse,correlated,0.3,4,4,1.0,0,0.0,True,True,True,True,True
1,9,1,sparse,correlated,0.8,3,3,1.0,0,0.0,True,True,True,True,True
2,9,1,sparse,correlated,0.8,4,4,1.0,0,0.0,True,True,True,True,True
3,9,1,sparse,correlated,0.8,25,29,0.8620689655172413,4,0.13793103448275862,True,True,True,True,False
4,9,1,sparse,correlated,0.8,20,20,1.0,0,0.0,True,True,True,True,True
5,9,1,sparse,correlated,0.8,48,48,1.0,0,0.0,True,True,True,True,True
6,9,1,sparse,correlated,0.8,30,30,1.0,0,0.0,True,True,True,True,True
7,9,1,sparse,correlated,0.8,66,66,1.0,0,0.0,True,True,True,True,True
8,9,1,sparse,correlated,0.8,8,8,1.0,0,0.0,True,True,True,True,True
9,9,1,sparse,correlated,0.8,20,20,1.0,0,0.0,True,True,True,True,True
10,9,1,sparse,correlated,0.8,12,12,1.0,0,0.0,True,True,True,True,True
11,9,1,sparse,correlated,0.8,30,30,1.0,0,0.0,True,True,True,True,True
12,9,1,sparse,correlated,0.8,32,32,1.0,0,0.0,True,True,True,True,True
13,9,1,sparse,correlated,0.8,28,28,1.0,0,0.0,True,True,True,True,True
14,9,1,sparse,correlated,0.8,36,36,1.0,0,0.0,True,True,True,True,True
15,9,1,sparse,correlated,0.8,16,16,1.0,0,0.0,True,True,True,True,True
16,9,1,sparse,correlated,0.8,18,18,1.0,0,0.0,True,True,True,True,True
17,9,1,sparse,correlated,0.8,8,9,0.8888888888888888,1,0.1111111111111111,True,True,True,True,False
18,9,1,sparse,correlated,0.8,45,45,1.0,0,0.0,True,True,True,True,True
19,9,1,sparse,correlated,0.8,16,16,1.0,0,0.0,True,True,True,True,True
20,9,1,sparse,correlated,0.8,24,24,1.0,0,0.0,True,True,True,True,True
21,9,1,sparse,correlated,0.8,36,36,1.0,0,0.0,True,True,True,True,True
22,9,1,sparse,correlated,0.8,12,12,1.0,0,0.0,True,True,True,True,True
23,9,1,sparse,correlated,0.8,30,30,1.0,0,0.0,True,True,True,True,True
24,9,1,sparse,correlated,0.8,14,14,1.0,0,0.0,True,True,True,True,True
25,9,1,sparse,correlated,0.8,42,42,1.0,0,0.0,True,True,True,True,True
26,9,1,sparse,correlated,0.8,66,66,1.0,0,0.0,True,True,True,True,True
27,9,1,sparse,correlated,0.8,20,20,1.0,0,0.0,True,True,True,True,True
28,9,1,sparse,correlated,0.8,14,14,1.0,0,0.0,True,True,True,True,True
29,9,1,sparse,correlated,0.8,15,17,0.8823529411764706,2,0.11764705882352941,True,True,True,True,False
30,9,1,sparse,correlated,0.8,14,14,1.0,0,0.0,True,True,True,True,True
1,9,1,sparse,anticorrelated,0.3,10,10,1.0,0,0.0,True,True,True,True,True
2,9,1,sparse,anticorrelated,0.3,6,6,1.0,0,0.0,True,True,True,True,True
3,9,1,sparse,anticorrelated,0.3,36,36,1.0,0,0.0,True,True,True,True,True
4,9,1,sparse,anticorrelated,0.3,16,16,1.0,0,0.0,True,True,True,True,True
5,9,1,sparse,anticorrelated,0.3,51,51,1.0,0,0.0,True,True,True,True,True
6,9,1,sparse,anticorrelated,0.3,42,42,1.0,0,0.0,True,True,True,True,True
7,9,1,sparse,anticorrelated,0.3,68,68,1.0,0,0.0,True,True,True,True,True
8,9,1,sparse,anticorrelated,0.3,13,13,1.0,0,0.0,True,True,True,True,True
9,9,1,sparse,anticorrelated,0.3,28,28,1.0,0,0.0,True,True,True,True,True
10,9,1,sparse,anticorrelated,0.3,14,14,1.0,0,0.0,True,True,True,True,True
11,9,1,sparse,anticorrelated,0.3,32,32,1.0,0,0.0,True,True,True,True,True
12,9,1,sparse,anticorrelated,0.3,45,45,1.0,0,0.0,True,True,True,True,True
13,9,1,sparse,anticorrelated,0.3,48,48,1.0,0,0.0,True,True,True,True,True
14,9,1,sparse,anticorrelated,0.3,45,45,1.0,0,0.0,True,True,True,True,True
15,9,1,sparse,anticorrelated,0.3,39,39,1.0,0,0.0,True,True,True,True,True
16,9,1,sparse,anticorrelated,0.3,17,17,1.0,0,0.0,True,True,True,True,True
17,9,1,sparse,anticorrelated,0.3,8,8,1.0,0,0.0,True,True,True,True,True
18,9,1,sparse,anticorrelated,0.3,48,48,1.0,0,0.0,True,True,True,True,True
19,9,1,sparse,anticorrelated,0.3,9,9,1.0,0,0.0,True,True,True,True,True
20,9,1,sparse,anticorrelated,0.3,42,42,1.0,0,0.0,True,True,True,True,True
21,9,1,sparse,anticorrelated,0.3,56,56,1.0,0,0.0,True,True,True,True,True
22,9,1,sparse,anticorrelated,0.3,13,13,1.0,0,0.0,True,True,True,True,True
23,9,1,sparse,anticorrelated,0.3,15,15,1.0,0,0.0,True,True,True,True,True
24,9,1,sparse,anticorrelated,0.3,0,0,1.0,0,0.0,True,True,True,True,True
25,9,1,sparse,anticorrelated,0.3,34,34,1.0,0,0.0,True,True,True,True,True
26,9,1,sparse,anticorrelated,0.3,68,68,1.0,0,0.0,True,True,True,True,True
27,9,1,sparse,anticorrelated,0.3,13,13,1.0,0,0.0,True,True,True,True,True
28,9,1,sparse,anticorrelated,0.3,9,9,1.0,0,0.0,True,True,True,True,True
29,9,1,sparse,anticorrelated,0.3,20,20,1.0,0,0.0,True,True,True,True,True
30,9,1,sparse,anticorrelated,0.3,26,26,1.0,0,0.0,True,True,True,True,True
1,9,1,sparse,anticorrelated,0.8,30,30,1.0,0,0.0,True,True,True,True,True
2,9,1,sparse,anticorrelated,0.8,24,24,1.0,0,0.0,True,True,True,True,True
3,9,1,sparse,anticorrelated,0.8,99,99,1.0,0,0.0,True,True,True,True,True
4,9,1,sparse,anticorrelated,0.8,64,64,1.0,0,0.0,True,True,True,True,True
5,9,1,sparse,anticorrelated,0.8,136,136,1.0,0,0.0,True,True,True,True,True
6,9,1,sparse,anticorrelated,0.8,140,140,1.0,0,0.0,True,True,True,True,True
7,9,1,sparse,anticorrelated,0.8,187,187,1.0,0,0.0,True,True,True,True,True
8,9,1,sparse,anticorrelated,0.8,26,26,1.0,0,0.0,True,True,True,True,True
9,9,1,sparse,anticorrelated,0.8,70,70,1.0,0,0.0,True,True,True,True,True
10,9,1,sparse,anticorrelated,0.8,56,56,1.0,0,0.0,True,True,True,True,True
11,9,1,sparse,anticorrelated,0.8,96,96,1.0,0,0.0,True,True,True,True,True
12,9,1,sparse,anticorrelated,0.8,120,120,1.0,0,0.0,True,True,True,True,True
13,9,1,sparse,anticorrelated,0.8,144,144,1.0,0,0.0,True,True,True,True,True
14,9,1,sparse,anticorrelated,0.8,135,135,1.0,0,0.0,True,True,True,True,True
15,9,1,sparse,anticorrelated,0.8,104,104,1.0,0,0.0,True,True,True,True,True
16,9,1,sparse,anticorrelated,0.8,51,51,1.0,0,0.0,True,True,True,True,True
17,9,1,sparse,anticorrelated,0.8,32,32,1.0,0,0.0,True,True,True,True,True
18,9,1,sparse,anticorrelated,0.8,144,144,1.0,0,0.0,True,True,True,True,True
19,9,1,sparse,anticorrelated,0.8,30,30,1.0,0,0.0,True,True,True,True,True
20,9,1,sparse,anticorrelated,0.8,112,112,1.0,0,0.0,True,True,True,True,True
21,9,1,sparse,anticorrelated,0.8,168,168,1.0,0,0.0,True,True,True,True,True
22,9,1,sparse,anticorrelated,0.8,52,52,1.0,0,0.0,True,True,True,True,True
23,9,1,sparse,anticorrelated,0.8,75,75,1.0,0,0.0,True,True,True,True,True
24,9,1,sparse,anticorrelated,0.8,32,32,1.0,0,0.0,True,True,True,True,True
25,9,1,sparse,anticorrelated,0.8,119,119,1.0,0,0.0,True,True,True,True,True
26,9,1,sparse,anticorrelated,0.8,187,187,1.0,0,0.0,True,True,True,True,True
27,9,1,sparse,anticorrelated,0.8,65,65,1.0,0,0.0,True,True,True,True,True
28,9,1,sparse,anticorrelated,0.8,28,28,1.0,0,0.0,True,True,True,True,True
29,9,1,sparse,anticorrelated,0.8,70,70,1.0,0,0.0,True,True,True,True,True
30,9,1,sparse,anticorrelated,0.8,91,91,1.0,0,0.0,True,True,True,True,True
1,9,2,dense,random,0.3,156,222,0.7027027027027027,66,0.2972972972972973,True,True,True,True,False
2,9,2,dense,random,0.3,376,376,1.0,0,0.0,True,True,True,True,True
3,9,2,dense,random,0.3,180,180,1.0,0,0.0,True,True,True,True,True
4,9,2,dense,random,0.3,445,445,1.0,0,0.0,True,True,True,True,True
5,9,2,dense,random,0.3,192,224,0.8571428571428571,32,0.14285714285714285,True,True,True,True,False
6,9,2,dense,random,0.3,352,352,1.0,0,0.0,True,True,True,True,True
7,9,2,dense,random,0.3,162,176,0.9204545454545454,14,0.07954545454545454,True,True,True,True,False
8,9,2,dense,random,0.3,255,273,0.9340659340659341,18,0.06593406593406594,True,True,True,True,False
9,9,2,dense,random,0.3,348,348,1.0,0,0.0,True,True,True,True,True
10,9,2,dense,random,0.3,279,279,1.0,0,0.0,True,True,True,True,True
11,9,2,dense,random,0.3,188,188,1.0,0,0.0,True,True,True,True,True
12,9,2,dense,random,0.3,252,252,1.0,0,0.0,True,True,True,True,True
13,9,2,dense,random,0.3,288,288,1.0,0,0.0,True,True,True,True,True
14,9,2,dense,random,0.3,292,292,1.0,0,0.0,True,True,True,True,True
15,9,2,dense,random,0.3,325,325,1.0,0,0.0,True,True,True,True,True
16,9,2,dense,random,0.3,192,192,1.0,0,0.0,True,True,True,True,True
17,9,2,dense,random,0.3,246,263,0.935361216730038,17,0.06463878326996197,True,True,True,True,False
18,9,2,dense,random,0.3,352,364,0.967032967032967,12,0.03296703296703297,True,True,True,True,False
19,9,2,dense,random,0.3,180,241,0.7468879668049793,61,0.25311203319502074,True,True,True,True,False
20,9,2,dense,random,0.3,102,111,0.918918918918919,9,0.08108108108108109,True,True,True,True,False
21,9,2,dense,random,0.3,285,285,1.0,0,0.0,True,True,True,True,True
22,9,2,dense,random,0.3,192,192,1.0,0,0.0,True,True,True,True,True
23,9,2,dense,random,0.3,255,265,0.9622641509433962,10,0.03773584905660377,True,True,True,True,False
24,9,2,dense,random,0.3,368,368,1.0,0,0.0,True,True,True,True,True
25,9,2,dense,random,0.3,316,316,1.0,0,0.0,True,True,True,True,True
26,9,2,dense,random,0.3,140,181,0.7734806629834254,41,0.2265193370165746,True,True,True,True,False
27,9,2,dense,random,0.3,198,247,0.8016194331983806,49,0.19838056680161945,True,True,True,True,False
28,9,2,dense,random,0.3,258,265,0.9735849056603774,7,0.026415094339622643,True,True,True,True,False
29,9,2,dense,random,0.3,196,237,0.8270042194092827,41,0.1729957805907173,True,True,True,True,False
30,9,2,dense,random,0.3,219,236,0.9279661016949152,17,0.07203389830508475,True,True,True,True,False
1,9,2,dense,random,0.8,504,620,0.8129032258064516,116,0.1870967741935484,True,True,True,True,False
2,9,2,dense,random,0.8,1128,1128,1.0,0,0.0,True,True,True,True,True
3,9,2,dense,random,0.8,468,491,0.9531568228105907,23,0.04684317718940937,True,True,True,True,False
4,9,2,dense,random,0.8,1335,1335,1.0,0,0.0,True,True,True,True,True
5,9,2,dense,random,0.8,672,747,0.8995983935742972,75,0.10040160642570281,True,True,True,True,False
6,9,2,dense,random,0.8,1056,1056,1.0,0,0.0,True,True,True,True,True
7,9,2,dense,random,0.8,546,552,0.9891304347826086,6,0.010869565217391304,True,True,True,True,False
8,9,2,dense,random,0.8,850,886,0.9593679458239278,36,0.040632054176072234,True,True,True,True,False
9,9,2,dense,random,0.8,928,928,1.0,0,0.0,True,True,True,True,True
10,9,2,dense,random,0.8,930,930,1.0,0,0.0,True,True,True,True,True
11,9,2,dense,random,0.8,564,564,1.0,0,0.0,True,True,True,True,True
12,9,2,dense,random,0.8,693,693,1.0,0,0.0,True,True,True,True,True
13,9,2,dense,random,0.8,768,768,1.0,0,0.0,True,True,True,True,True
14,9,2,dense,random,0.8,876,878,0.9977220956719818,2,0.002277904328018223,True,True,True,True,False
15,9,2,dense,random,0.8,910,910,1.0,0,0.0,True,True,True,True,True
16,9,2,dense,random,0.8,480,655,0.732824427480916,175,0.26717557251908397,True,True,True,True,False
17,9,2,dense,random,0.8,656,789,0.8314321926489227,133,0.16856780735107732,True,True,True,True,False
18,9,2,dense,random,0.8,1056,1068,0.9887640449438202,12,0.011235955056179775,True,True,True,True,False
19,9,2,dense,random,0.8,540,633,0.8530805687203792,93,0.14691943127962084,True,True,True,True,False
20,9,2,dense,random,0.8,300,329,0.9118541033434651,29,0.08814589665653495,True,True,True,True,False
21,9,2,dense,random,0.8,760,777,0.9781209781209781,17,0.021879021879021878,True,True,True,True,False
22,9,2,dense,random,0.8,480,636,0.7547169811320755,156,0.24528301886792453,True,True,True,True,False
23,9,2,dense,random,0.8,680,850,0.8,170,0.2,True,True,True,True,False
24,9,2,dense,random,0.8,1012,1012,1.0,0,0.0,True,True,True,True,True
25,9,2,dense,random,0.8,948,948,1.0,0,0.0,True,True,True,True,True
26,9,2,dense,random,0.8,490,531,0.9227871939736346,41,0.07721280602636535,True,True,True,True,False
27,9,2,dense,random,0.8,594,668,0.8892215568862275,74,0.11077844311377245,True,True,True,True,False
28,9,2,dense,random,0.8,688,716,0.9608938547486033,28,0.03910614525139665,True,True,True,True,False
29,9,2,dense,random,0.8,490,725,0.6758620689655173,235,0.32413793103448274,True,True,True,True,False
30,9,2,dense,random,0.8,730,747,0.9772423025435074,17,0.022757697456492636,True,True,True,True,False
1,9,2,dense,correlated,0.3,14,19,0.7368421052631579,5,0.2631578947368421,True,True,True,True,False
2,9,2,dense,correlated,0.3,20,22,0.9090909090909091,2,0.09090909090909091,True,True,True,True,False
3,9,2,dense,correlated,0.3,12,16,0.75,4,0.25,True,True,True,True,False
4,9,2,dense,correlated,0.3,25,25,1.0,0,0.0,True,True,True,True,True
5,9,2,dense,correlated,0.3,14,19,0.7368421052631579,5,0.2631578947368421,True,True,True,True,False
6,9,2,dense,correlated,0.3,28,30,0.9333333333333333,2,0.06666666666666667,True,True,True,True,False
7,9,2,dense,correlated,0.3,18,18,1.0,0,0.0,True,True,True,True,True
8,9,2,dense,correlated,0.3,20,20,1.0,0,0.0,True,True,True,True,True
9,9,2,dense,correlated,0.3,20,20,1.0,0,0.0,True,True,True,True,True
10,9,2,dense,correlated,0.3,12,16,0.75,4,0.25,True,True,True,True,False
11,9,2,dense,correlated,0.3,12,13,0.9230769230769231,1,0.07692307692307693,True,True,True,True,False
12,9,2,dense,correlated,0.3,28,28,1.0,0,0.0,True,True,True,True,True
13,9,2,dense,correlated,0.3,11,13,0.8461538461538461,2,0.15384615384615385,True,True,True,True,False
14,9,2,dense,correlated,0.3,24,25,0.96,1,0.04,True,True,True,True,False
15,9,2,dense,correlated,0.3,20,20,1.0,0,0.0,True,True,True,True,True
16,9,2,dense,correlated,0.3,16,22,0.7272727272727273,6,0.2727272727272727,True,True,True,True,False
17,9,2,dense,correlated,0.3,12,15,0.8,3,0.2,True,True,True,True,False
18,9,2,dense,correlated,0.3,10,14,0.7142857142857143,4,0.2857142857142857,True,True,True,True,False
19,9,2,dense,correlated,0.3,28,28,1.0,0,0.0,True,True,True,True,True
20,9,2,dense,correlated,0.3,21,24,0.875,3,0.125,True,True,True,True,False
21,9,2,dense,correlated,0.3,20,20,1.0,0,0.0,True,True,True,True,True
22,9,2,dense,correlated,0.3,35,35,1.0,0,0.0,True,True,True,True,True
23,9,2,dense,correlated,0.3,18,18,1.0,0,0.0,True,True,True,True,True
24,9,2,dense,correlated,0.3,10,19,0.5263157894736842,9,0.47368421052631576,True,True,True,True,False
25,9,2,dense,correlated,0.3,16,18,0.8888888888888888,2,0.1111111111111111,True,True,True,True,False
26,9,2,dense,correlated,0.3,14,18,0.7777777777777778,4,0.2222222222222222,True,True,True,True,False
27,9,2,dense,correlated,0.3,18,20,0.9,2,0.1,True,True,True,True,False
28,9,2,dense,correlated,0.3,14,14,1.0,0,0.0,True,True,True,True,True
29,9,2,dense,correlated,0.3,18,21,0.8571428571428571,3,0.14285714285714285,True,True,True,True,False
30,9,2,dense,correlated,0.3,24,26,0.9230769230769231,2,0.07692307692307693,True,True,True,True,False
1,9,2,dense,correlated,0.8,42,54,0.7777777777777778,12,0.2222222222222222,True,True,True,True,False
2,9,2,dense,correlated,0.8,60,64,0.9375,4,0.0625,True,True,True,True,False
3,9,2,dense,correlated,0.8,30,44,0.6818181818181818,14,0.3181818181818182,True,True,True,True,False
4,9,2,dense,correlated,0.8,70,70,1.0,0,0.0,True,True,True,True,True
5,9,2,dense,correlated,0.8,49,55,0.8909090909090909,6,0.10909090909090909,True,True,True,True,False
6,9,2,dense,correlated,0.8,84,88,0.9545454545454546,4,0.045454545454545456,True,True,True,True,False
7,9,2,dense,correlated,0.8,48,54,0.8888888888888888,6,0.1111111111111111,True,True,True,True,False
8,9,2,dense,correlated,0.8,55,55,1.0,0,0.0,True,True,True,True,True
9,9,2,dense,correlated,0.8,50,51,0.9803921568627451,1,0.0196078431372549,True,True,True,True,False
10,9,2,dense,correlated,0.8,44,48,0.9166666666666666,4,0.08333333333333333,True,True,True,True,False
11,9,2,dense,correlated,0.8,36,43,0.8372093023255814,7,0.16279069767441862,True,True,True,True,False
12,9,2,dense,correlated,0.8,77,77,1.0,0,0.0,True,True,True,True,True
13,9,2,dense,correlated,0.8,45,53,0.8490566037735849,8,0.1509433962264151,True,True,True,True,False
14,9,2,dense,correlated,0.8,64,83,0.7710843373493976,19,0.2289156626506024,True,True,True,True,False
15,9,2,dense,correlated,0.8,60,60,1.0,0,0.0,True,True,True,True,True
16,9,2,dense,correlated,0.8,48,62,0.7741935483870968,14,0.22580645161290322,True,True,True,True,False
17,9,2,dense,correlated,0.8,40,49,0.8163265306122449,9,0.1836734693877551,True,True,True,True,False
18,9,2,dense,correlated,0.8,36,42,0.8571428571428571,6,0.14285714285714285,True,True,True,True,False
19,9,2,dense,correlated,0.8,77,78,0.9871794871794872,1,0.01282051282051282,True,True,True,True,False
20,9,2,dense,correlated,0.8,56,65,0.8615384615384616,9,0.13846153846153847,True,True,True,True,False
21,9,2,dense,correlated,0.8,50,56,0.8928571428571429,6,0.10714285714285714,True,True,True,True,False
22,9,2,dense,correlated,0.8,105,105,1.0,0,0.0,True,True,True,True,True
23,9,2,dense,correlated,0.8,45,54,0.8333333333333334,9,0.16666666666666666,True,True,True,True,False
24,9,2,dense,correlated,0.8,36,53,0.6792452830188679,17,0.32075471698113206,True,True,True,True,False
25,9,2,dense,correlated,0.8,48,56,0.8571428571428571,8,0.14285714285714285,True,True,True,True,False
26,9,2,dense,correlated,0.8,49,50,0.98,1,0.02,True,True,True,True,False
27,9,2,dense,correlated,0.8,63,65,0.9692307692307692,2,0.03076923076923077,True,True,True,True,False
28,9,2,dense,correlated,0.8,35,37,0.9459459459459459,2,0.05405405405405406,True,True,True,True,False
29,9,2,dense,correlated,0.8,60,63,0.9523809523809523,3,0.047619047619047616,True,True,True,True,False
30,9,2,dense,correlated,0.8,64,72,0.8888888888888888,8,0.1111111111111111,True,True,True,True,False
1,9,2,dense,anticorrelated,0.3,48,52,0.9230769230769231,4,0.07692307692307693,True,True,True,True,False
2,9,2,dense,anticorrelated,0.3,68,68,1.0,0,0.0,True,True,True,True,True
3,9,2,dense,anticorrelated,0.3,48,49,0.9795918367346939,1,0.02040816326530612,True,True,True,True,False
4,9,2,dense,anticorrelated,0.3,85,85,1.0,0,0.0,True,True,True,True,True
5,9,2,dense,anticorrelated,0.3,70,70,1.0,0,0.0,True,True,True,True,True
6,9,2,dense,anticorrelated,0.3,72,72,1.0,0,0.0,True,True,True,True,True
7,9,2,dense,anticorrelated,0.3,55,60,0.9166666666666666,5,0.08333333333333333,True,True,True,True,False
8,9,2,dense,anticorrelated,0.3,68,68,1.0,0,0.0,True,True,True,True,True
9,9,2,dense,anticorrelated,0.3,33,38,0.868421052631579,5,0.13157894736842105,True,True,True,True,False
10,9,2,dense,anticorrelated,0.3,60,60,1.0,0,0.0,True,True,True,True,True
11,9,2,dense,anticorrelated,0.3,48,48,1.0,0,0.0,True,True,True,True,True
12,9,2,dense,anticorrelated,0.3,72,72,1.0,0,0.0,True,True,True,True,True
13,9,2,dense,anticorrelated,0.3,60,60,1.0,0,0.0,True,True,True,True,True
14,9,2,dense,anticorrelated,0.3,54,54,1.0,0,0.0,True,True,True,True,True
15,9,2,dense,anticorrelated,0.3,64,64,1.0,0,0.0,True,True,True,True,True
16,9,2,dense,anticorrelated,0.3,36,52,0.6923076923076923,16,0.3076923076923077,True,True,True,True,False
17,9,2,dense,anticorrelated,0.3,60,60,1.0,0,0.0,True,True,True,True,True
18,9,2,dense,anticorrelated,0.3,44,44,1.0,0,0.0,True,True,True,True,True
19,9,2,dense,anticorrelated,0.3,72,72,1.0,0,0.0,True,True,True,True,True
20,9,2,dense,anticorrelated,0.3,64,64,1.0,0,0.0,True,True,True,True,True
21,9,2,dense,anticorrelated,0.3,78,78,1.0,0,0.0,True,True,True,True,True
22,9,2,dense,anticorrelated,0.3,95,95,1.0,0,0.0,True,True,True,True,True
23,9,2,dense,anticorrelated,0.3,33,38,0.868421052631579,5,0.13157894736842105,True,True,True,True,False
24,9,2,dense,anticorrelated,0.3,28,44,0.6363636363636364,16,0.36363636363636365,True,True,True,True,False
25,9,2,dense,anticorrelated,0.3,26,31,0.8387096774193549,5,0.16129032258064516,True,True,True,True,False
26,9,2,dense,anticorrelated,0.3,56,58,0.9655172413793104,2,0.034482758620689655,True,True,True,True,False
27,9,2,dense,anticorrelated,0.3,34,45,0.7555555555555555,11,0.24444444444444444,True,True,True,True,False
28,9,2,dense,anticorrelated,0.3,56,56,1.0,0,0.0,True,True,True,True,True
29,9,2,dense,anticorrelated,0.3,51,51,1.0,0,0.0,True,True,True,True,True
30,9,2,dense,anticorrelated,0.3,54,58,0.9310344827586207,4,0.06896551724137931,True,True,True,True,False
1,9,2,dense,anticorrelated,0.8,144,152,0.9473684210526315,8,0.05263157894736842,True,True,True,True,False
2,9,2,dense,anticorrelated,0.8,204,204,1.0,0,0.0,True,True,True,True,True
3,9,2,dense,anticorrelated,0.8,132,134,0.9850746268656716,2,0.014925373134328358,True,True,True,True,False
4,9,2,dense,anticorrelated,0.8,238,238,1.0,0,0.0,True,True,True,True,True
5,9,2,dense,anticorrelated,0.8,196,196,1.0,0,0.0,True,True,True,True,True
6,9,2,dense,anticorrelated,0.8,216,216,1.0,0,0.0,True,True,True,True,True
7,9,2,dense,anticorrelated,0.8,143,163,0.8773006134969326,20,0.12269938650306748,True,True,True,True,False
8,9,2,dense,anticorrelated,0.8,187,187,1.0,0,0.0,True,True,True,True,True
9,9,2,dense,anticorrelated,0.8,88,108,0.8148148148148148,20,0.18518518518518517,True,True,True,True,False
10,9,2,dense,anticorrelated,0.8,180,180,1.0,0,0.0,True,True,True,True,True
11,9,2,dense,anticorrelated,0.8,144,145,0.993103448275862,1,0.006896551724137931,True,True,True,True,False
12,9,2,dense,anticorrelated,0.8,198,198,1.0,0,0.0,True,True,True,True,True
13,9,2,dense,anticorrelated,0.8,168,168,1.0,0,0.0,True,True,True,True,True
14,9,2,dense,anticorrelated,0.8,144,177,0.8135593220338984,33,0.1864406779661017,True,True,True,True,False
15,9,2,dense,anticorrelated,0.8,192,192,1.0,0,0.0,True,True,True,True,True
16,9,2,dense,anticorrelated,0.8,112,152,0.7368421052631579,40,0.2631578947368421,True,True,True,True,False
17,9,2,dense,anticorrelated,0.8,180,181,0.994475138121547,1,0.0055248618784530384,True,True,True,True,False
18,9,2,dense,anticorrelated,0.8,132,132,1.0,0,0.0,True,True,True,True,True
19,9,2,dense,anticorrelated,0.8,198,198,1.0,0,0.0,True,True,True,True,True
20,9,2,dense,anticorrelated,0.8,176,176,1.0,0,0.0,True,True,True,True,True
21,9,2,dense,anticorrelated,0.8,208,208,1.0,0,0.0,True,True,True,True,True
22,9,2,dense,anticorrelated,0.8,285,285,1.0,0,0.0,True,True,True,True,True
23,9,2,dense,anticorrelated,0.8,110,125,0.88,15,0.12,True,True,True,True,False
24,9,2,dense,anticorrelated,0.8,98,116,0.8448275862068966,18,0.15517241379310345,True,True,True,True,False
25,9,2,dense,anticorrelated,0.8,78,97,0.8041237113402062,19,0.1958762886597938,True,True,True,True,False
26,9,2,dense,anticorrelated,0.8,168,172,0.9767441860465116,4,0.023255813953488372,True,True,True,True,False
27,9,2,dense,anticorrelated,0.8,119,135,0.8814814814814815,16,0.11851851851851852,True,True,True,True,False
28,9,2,dense,anticorrelated,0.8,168,168,1.0,0,0.0,True,True,True,True,True
29,9,2,dense,anticorrelated,0.8,170,170,1.0,0,0.0,True,True,True,True,True
30,9,2,dense,anticorrelated,0.8,144,160,0.9,16,0.1,True,True,True,True,False
1,9,2,sparse,random,0.3,94,94,1.0,0,0.0,True,True,True,True,True
2,9,2,sparse,random,0.3,297,297,1.0,0,0.0,True,True,True,True,True
3,9,2,sparse,random,0.3,279,376,0.7420212765957447,97,0.2579787234042553,True,True,True,True,False
4,9,2,sparse,random,0.3,99,134,0.7388059701492538,35,0.26119402985074625,True,True,True,True,False
5,9,2,sparse,random,0.3,93,106,0.8773584905660378,13,0.12264150943396226,True,True,True,True,False
6,9,2,sparse,random,0.3,59,59,1.0,0,0.0,True,True,True,True,True
7,9,2,sparse,random,0.3,92,154,0.5974025974025974,62,0.4025974025974026,True,True,True,True,False
8,9,2,sparse,random,0.3,176,256,0.6875,80,0.3125,True,True,True,True,False
9,9,2,sparse,random,0.3,96,125,0.768,29,0.232,True,True,True,True,False
10,9,2,sparse,random,0.3,188,188,1.0,0,0.0,True,True,True,True,True
11,9,2,sparse,random,0.3,156,235,0.6638297872340425,79,0.33617021276595743,True,True,True,True,False
12,9,2,sparse,random,0.3,97,97,1.0,0,0.0,True,True,True,True,True
13,9,2,sparse,random,0.3,100,118,0.847457627118644,18,0.15254237288135594,True,True,True,True,False
14,9,2,sparse,random,0.3,85,165,0.5151515151515151,80,0.48484848484848486,True,True,True,True,False
15,9,2,sparse,random,0.3,198,198,1.0,0,0.0,True,True,True,True,True
16,9,2,sparse,random,0.3,273,273,1.0,0,0.0,True,True,True,True,True
17,9,2,sparse,random,0.3,98,190,0.5157894736842106,92,0.4842105263157895,True,True,True,True,False
18,9,2,sparse,random,0.3,108,143,0.7552447552447552,35,0.24475524475524477,True,True,True,True,False
19,9,2,sparse,random,0.3,80,153,0.5228758169934641,73,0.477124183006536,True,True,True,True,False
20,9,2,sparse,random,0.3,171,171,1.0,0,0.0,True,True,True,True,True
21,9,2,sparse,random,0.3,294,294,1.0,0,0.0,True,True,True,True,True
22,9,2,sparse,random,0.3,83,83,1.0,0,0.0,True,True,True,True,True
23,9,2,sparse,random,0.3,100,196,0.5102040816326531,96,0.4897959183673469,True,True,True,True,False
24,9,2,sparse,random,0.3,240,330,0.7272727272727273,90,0.2727272727272727,True,True,True,True,False
25,9,2,sparse,random,0.3,74,144,0.5138888888888888,70,0.4861111111111111,True,True,True,True,False
26,9,2,sparse,random,0.3,297,333,0.8918918918918919,36,0.10810810810810811,True,True,True,True,False
27,9,2,sparse,random,0.3,177,240,0.7375,63,0.2625,True,True,True,True,False
28,9,2,sparse,random,0.3,96,190,0.5052631578947369,94,0.49473684210526314,True,True,True,True,False
29,9,2,sparse,random,0.3,154,177,0.8700564971751412,23,0.12994350282485875,True,True,True,True,False
30,9,2,sparse,random,0.3,82,118,0.6949152542372882,36,0.3050847457627119,True,True,True,True,False
1,9,2,sparse,random,0.8,376,392,0.9591836734693877,16,0.04081632653061224,True,True,True,True,False
2,9,2,sparse,random,0.8,891,961,0.927159209157128,70,0.07284079084287201,True,True,True,True,False
3,9,2,sparse,random,0.8,744,942,0.7898089171974523,198,0.21019108280254778,True,True,True,True,False
4,9,2,sparse,random,0.8,396,529,0.7485822306238186,133,0.2514177693761815,True,True,True,True,False
5,9,2,sparse,random,0.8,265,329,0.8054711246200608,64,0.1945288753799392,True,True,True,True,False
6,9,2,sparse,random,0.8,236,236,1.0,0,0.0,True,True,True,True,True
7,9,2,sparse,random,0.8,368,523,0.7036328871892925,155,0.29636711281070743,True,True,True,True,False
8,9,2,sparse,random,0.8,528,818,0.6454767726161369,290,0.3545232273838631,True,True,True,True,False
9,9,2,sparse,random,0.8,192,323,0.5944272445820433,131,0.4055727554179567,True,True,True,True,False
10,9,2,sparse,random,0.8,658,658,1.0,0,0.0,True,True,True,True,True
11,9,2,sparse,random,0.8,468,705,0.6638297872340425,237,0.33617021276595743,True,True,True,True,False
12,9,2,sparse,random,0.8,291,381,0.7637795275590551,90,0.23622047244094488,True,True,True,True,False
13,9,2,sparse,random,0.8,356,372,0.956989247311828,16,0.043010752688172046,True,True,True,True,False
14,9,2,sparse,random,0.8,340,640,0.53125,300,0.46875,True,True,True,True,False
15,9,2,sparse,random,0.8,495,495,1.0,0,0.0,True,True,True,True,True
16,9,2,sparse,random,0.8,910,913,0.9967141292442497,3,0.0032858707557502738,True,True,True,True,False
17,9,2,sparse,random,0.8,294,588,0.5,294,0.5,True,True,True,True,False
18,9,2,sparse,random,0.8,288,393,0.732824427480916,105,0.26717557251908397,True,True,True,True,False
19,9,2,sparse,random,0.8,292,452,0.6460176991150443,160,0.35398230088495575,True,True,True,True,False
20,9,2,sparse,random,0.8,513,513,1.0,0,0.0,True,True,True,True,True
21,9,2,sparse,random,0.8,980,980,1.0,0,0.0,True,True,True,True,True
22,9,2,sparse,random,0.8,249,313,0.7955271565495208,64,0.20447284345047922,True,True,True,True,False
23,9,2,sparse,random,0.8,288,549,0.5245901639344263,261,0.47540983606557374,True,True,True,True,False
24,9,2,sparse,random,0.8,640,973,0.65775950668037,333,0.34224049331963,True,True,True,True,False
25,9,2,sparse,random,0.8,222,432,0.5138888888888888,210,0.4861111111111111,True,True,True,True,False
26,9,2,sparse,random,0.8,891,981,0.908256880733945,90,0.09174311926605505,True,True,True,True,False
27,9,2,sparse,random,0.8,472,798,0.5914786967418546,326,0.40852130325814534,True,True,True,True,False
28,9,2,sparse,random,0.8,288,570,0.5052631578947369,282,0.49473684210526314,True,True,True,True,False
29,9,2,sparse,random,0.8,462,508,0.9094488188976378,46,0.09055118110236221,True,True,True,True,False
30,9,2,sparse,random,0.8,320,392,0.8163265306122449,72,0.1836734693877551,True,True,True,True,False
1,9,2,sparse,correlated,0.3,3,3,1.0,0,0.0,True,True,True,True,True
2,9,2,sparse,correlated,0.3,8,8,1.0,0,0.0,True,True,True,True,True
3,9,2,sparse,correlated,0.3,18,18,1.0,0,0.0,True,True,True,True,True
4,9,2,sparse,correlated,0.3,16,26,0.6153846153846154,10,0.38461538461538464,True,True,True,True,False
5,9,2,sparse,correlated,0.3,14,14,1.0,0,0.0,True,True,True,True,True
6,9,2,sparse,correlated,0.3,6,6,1.0,0,0.0,True,True,True,True,True
7,9,2,sparse,correlated,0.3,10,11,0.9090909090909091,1,0.09090909090909091,True,True,True,True,False
8,9,2,sparse,correlated,0.3,3,5,0.6,2,0.4,True,True,True,True,False
9,9,2,sparse,correlated,0.3,6,7,0.8571428571428571,1,0.14285714285714285,True,True,True,True,False
10,9,2,sparse,correlated,0.3,1,1,1.0,0,0.0,True,True,True,True,True
11,9,2,sparse,correlated,0.3,12,12,1.0,0,0.0,True,True,True,True,True
12,9,2,sparse,correlated,0.3,12,12,1.0,0,0.0,True,True,True,True,True
13,9,2,sparse,correlated,0.3,5,10,0.5,5,0.5,True,True,True,True,False
14,9,2,sparse,correlated,0.3,1,2,0.5,1,0.5,True,True,True,True,False
15,9,2,sparse,correlated,0.3,9,14,0.6428571428571429,5,0.35714285714285715,True,True,True,True,False
16,9,2,sparse,correlated,0.3,10,10,1.0,0,0.0,True,True,True,True,True
17,9,2,sparse,correlated,0.3,8,9,0.8888888888888888,1,0.1111111111111111,True,True,True,True,False
18,9,2,sparse,correlated,0.3,4,7,0.5714285714285714,3,0.42857142857142855,True,True,True,True,False
19,9,2,sparse,correlated,0.3,7,8,0.875,1,0.125,True,True,True,True,False
20,9,2,sparse,correlated,0.3,7,7,1.0,0,0.0,True,True,True,True,True
21,9,2,sparse,correlated,0.3,7,7,1.0,0,0.0,True,True,True,True,True
22,9,2,sparse,correlated,0.3,10,13,0.7692307692307693,3,0.23076923076923078,True,True,True,True,False
23,9,2,sparse,correlated,0.3,6,11,0.5454545454545454,5,0.45454545454545453,True,True,True,True,False
24,9,2,sparse,correlated,0.3,1,2,0.5,1,0.5,True,True,True,True,False
25,9,2,sparse,correlated,0.3,18,19,0.9473684210526315,1,0.05263157894736842,True,True,True,True,False
26,9,2,sparse,correlated,0.3,15,18,0.8333333333333334,3,0.16666666666666666,True,True,True,True,False
27,9,2,sparse,correlated,0.3,8,10,0.8,2,0.2,True,True,True,True,False
28,9,2,sparse,correlated,0.3,10,11,0.9090909090909091,1,0.09090909090909091,True,True,True,True,False
29,9,2,sparse,correlated,0.3,12,13,0.9230769230769231,1,0.07692307692307693,True,True,True,True,False
30,9,2,sparse,correlated,0.3,25,25,1.0,0,0.0,True,True,True,True,True
1,9,2,sparse,correlated,0.8,12,16,0.75,4,0.25,True,True,True,True,False
2,9,2,sparse,correlated,0.8,16,19,0.8421052631578947,3,0.15789473684210525,True,True,True,True,False
3,9,2,sparse,correlated,0.8,48,50,0.96,2,0.04,True,True,True,True,False
4,9,2,sparse,correlated,0.8,44,79,0.5569620253164557,35,0.4430379746835443,True,True,True,True,False
5,9,2,sparse,correlated,0.8,35,35,1.0,0,0.0,True,True,True,True,True
6,9,2,sparse,correlated,0.8,21,23,0.9130434782608695,2,0.08695652173913043,True,True,True,True,False
7,9,2,sparse,correlated,0.8,30,34,0.8823529411764706,4,0.11764705882352941,True,True,True,True,False
8,9,2,sparse,correlated,0.8,12,22,0.5454545454545454,10,0.45454545454545453,True,True,True,True,False
9,9,2,sparse,correlated,0.8,20,20,1.0,0,0.0,True,True,True,True,True
10,9,2,sparse,correlated,0.8,8,9,0.8888888888888888,1,0.1111111111111111,True,True,True,True,False
11,9,2,sparse,correlated,0.8,36,44,0.8181818181818182,8,0.18181818181818182,True,True,True,True,False
12,9,2,sparse,correlated,0.8,40,50,0.8,10,0.2,True,True,True,True,False
13,9,2,sparse,correlated,0.8,15,31,0.4838709677419355,16,0.5161290322580645,True,True,True,True,False
14,9,2,sparse,correlated,0.8,7,12,0.5833333333333334,5,0.4166666666666667,True,True,True,True,False
15,9,2,sparse,correlated,0.8,36,46,0.782608695652174,10,0.21739130434782608,True,True,True,True,False
16,9,2,sparse,correlated,0.8,30,36,0.8333333333333334,6,0.16666666666666666,True,True,True,True,False
17,9,2,sparse,correlated,0.8,28,31,0.9032258064516129,3,0.0967741935483871,True,True,True,True,False
18,9,2,sparse,correlated,0.8,9,17,0.5294117647058824,8,0.47058823529411764,True,True,True,True,False
19,9,2,sparse,correlated,0.8,21,27,0.7777777777777778,6,0.2222222222222222,True,True,True,True,False
20,9,2,sparse,correlated,0.8,21,31,0.6774193548387096,10,0.3225806451612903,True,True,True,True,False
21,9,2,sparse,correlated,0.8,21,21,1.0,0,0.0,True,True,True,True,True
22,9,2,sparse,correlated,0.8,25,34,0.7352941176470589,9,0.2647058823529412,True,True,True,True,False
23,9,2,sparse,correlated,0.8,24,40,0.6,16,0.4,True,True,True,True,False
24,9,2,sparse,correlated,0.8,18,25,0.72,7,0.28,True,True,True,True,False
25,9,2,sparse,correlated,0.8,48,51,0.9411764705882353,3,0.058823529411764705,True,True,True,True,False
26,9,2,sparse,correlated,0.8,40,47,0.851063829787234,7,0.14893617021276595,True,True,True,True,False
27,9,2,sparse,correlated,0.8,21,34,0.6176470588235294,13,0.38235294117647056,True,True,True,True,False
28,9,2,sparse,correlated,0.8,25,29,0.8620689655172413,4,0.13793103448275862,True,True,True,True,False
29,9,2,sparse,correlated,0.8,36,39,0.9230769230769231,3,0.07692307692307693,True,True,True,True,False
30,9,2,sparse,correlated,0.8,75,75,1.0,0,0.0,True,True,True,True,True
1,9,2,sparse,anticorrelated,0.3,14,14,1.0,0,0.0,True,True,True,True,True
2,9,2,sparse,anticorrelated,0.3,30,30,1.0,0,0.0,True,True,True,True,True
3,9,2,sparse,anticorrelated,0.3,57,57,1.0,0,0.0,True,True,True,True,True
4,9,2,sparse,anticorrelated,0.3,68,104,0.6538461538461539,36,0.34615384615384615,True,True,True,True,False
5,9,2,sparse,anticorrelated,0.3,34,39,0.8717948717948718,5,0.1282051282051282,True,True,True,True,False
6,9,2,sparse,anticorrelated,0.3,34,34,1.0,0,0.0,True,True,True,True,True
7,9,2,sparse,anticorrelated,0.3,38,49,0.7755102040816326,11,0.22448979591836735,True,True,True,True,False
8,9,2,sparse,anticorrelated,0.3,26,42,0.6190476190476191,16,0.38095238095238093,True,True,True,True,False
9,9,2,sparse,anticorrelated,0.3,45,45,1.0,0,0.0,True,True,True,True,True
10,9,2,sparse,anticorrelated,0.3,8,8,1.0,0,0.0,True,True,True,True,True
11,9,2,sparse,anticorrelated,0.3,48,48,1.0,0,0.0,True,True,True,True,True
12,9,2,sparse,anticorrelated,0.3,51,51,1.0,0,0.0,True,True,True,True,True
13,9,2,sparse,anticorrelated,0.3,22,38,0.5789473684210527,16,0.42105263157894735,True,True,True,True,False
14,9,2,sparse,anticorrelated,0.3,11,21,0.5238095238095238,10,0.47619047619047616,True,True,True,True,False
15,9,2,sparse,anticorrelated,0.3,45,54,0.8333333333333334,9,0.16666666666666666,True,True,True,True,False
16,9,2,sparse,anticorrelated,0.3,28,28,1.0,0,0.0,True,True,True,True,True
17,9,2,sparse,anticorrelated,0.3,42,53,0.7924528301886793,11,0.20754716981132076,True,True,True,True,False
18,9,2,sparse,anticorrelated,0.3,14,27,0.5185185185185185,13,0.48148148148148145,True,True,True,True,False
19,9,2,sparse,anticorrelated,0.3,18,24,0.75,6,0.25,True,True,True,True,False
20,9,2,sparse,anticorrelated,0.3,18,18,1.0,0,0.0,True,True,True,True,True
21,9,2,sparse,anticorrelated,0.3,20,20,1.0,0,0.0,True,True,True,True,True
22,9,2,sparse,anticorrelated,0.3,32,44,0.7272727272727273,12,0.2727272727272727,True,True,True,True,False
23,9,2,sparse,anticorrelated,0.3,20,40,0.5,20,0.5,True,True,True,True,False
24,9,2,sparse,anticorrelated,0.3,11,18,0.6111111111111112,7,0.3888888888888889,True,True,True,True,False
25,9,2,sparse,anticorrelated,0.3,57,67,0.8507462686567164,10,0.14925373134328357,True,True,True,True,False
26,9,2,sparse,anticorrelated,0.3,65,74,0.8783783783783784,9,0.12162162162162163,True,True,True,True,False
27,9,2,sparse,anticorrelated,0.3,16,30,0.5333333333333333,14,0.4666666666666667,True,True,True,True,False
28,9,2,sparse,anticorrelated,0.3,32,41,0.7804878048780488,9,0.21951219512195122,True,True,True,True,False
29,9,2,sparse,anticorrelated,0.3,32,40,0.8,8,0.2,True,True,True,True,False
30,9,2,sparse,anticorrelated,0.3,80,80,1.0,0,0.0,True,True,True,True,True
1,9,2,sparse,anticorrelated,0.8,56,67,0.835820895522388,11,0.16417910447761194,True,True,True,True,False
2,9,2,sparse,anticorrelated,0.8,80,100,0.8,20,0.2,True,True,True,True,False
3,9,2,sparse,anticorrelated,0.8,152,168,0.9047619047619048,16,0.09523809523809523,True,True,True,True,False
4,9,2,sparse,anticorrelated,0.8,187,313,0.597444089456869,126,0.402555910543131,True,True,True,True,False
5,9,2,sparse,anticorrelated,0.8,85,95,0.8947368421052632,10,0.10526315789473684,True,True,True,True,False
6,9,2,sparse,anticorrelated,0.8,119,141,0.8439716312056738,22,0.15602836879432624,True,True,True,True,False
7,9,2,sparse,anticorrelated,0.8,114,158,0.7215189873417721,44,0.27848101265822783,True,True,True,True,False
8,9,2,sparse,anticorrelated,0.8,78,142,0.5492957746478874,64,0.4507042253521127,True,True,True,True,False
9,9,2,sparse,anticorrelated,0.8,120,120,1.0,0,0.0,True,True,True,True,True
10,9,2,sparse,anticorrelated,0.8,32,32,1.0,0,0.0,True,True,True,True,True
11,9,2,sparse,anticorrelated,0.8,144,168,0.8571428571428571,24,0.14285714285714285,True,True,True,True,False
12,9,2,sparse,anticorrelated,0.8,170,198,0.8585858585858586,28,0.1414141414141414,True,True,True,True,False
13,9,2,sparse,anticorrelated,0.8,77,125,0.616,48,0.384,True,True,True,True,False
14,9,2,sparse,anticorrelated,0.8,44,84,0.5238095238095238,40,0.47619047619047616,True,True,True,True,False
15,9,2,sparse,anticorrelated,0.8,120,156,0.7692307692307693,36,0.23076923076923078,True,True,True,True,False
16,9,2,sparse,anticorrelated,0.8,84,99,0.8484848484848485,15,0.15151515151515152,True,True,True,True,False
17,9,2,sparse,anticorrelated,0.8,112,156,0.717948717948718,44,0.28205128205128205,True,True,True,True,False
18,9,2,sparse,anticorrelated,0.8,39,67,0.582089552238806,28,0.417910447761194,True,True,True,True,False
19,9,2,sparse,anticorrelated,0.8,63,75,0.84,12,0.16,True,True,True,True,False
20,9,2,sparse,anticorrelated,0.8,54,82,0.6585365853658537,28,0.34146341463414637,True,True,True,True,False
21,9,2,sparse,anticorrelated,0.8,60,60,1.0,0,0.0,True,True,True,True,True
22,9,2,sparse,anticorrelated,0.8,80,125,0.64,45,0.36,True,True,True,True,False
23,9,2,sparse,anticorrelated,0.8,80,150,0.5333333333333333,70,0.4666666666666667,True,True,True,True,False
24,9,2,sparse,anticorrelated,0.8,33,59,0.559322033898305,26,0.4406779661016949,True,True,True,True,False
25,9,2,sparse,anticorrelated,0.8,152,182,0.8351648351648352,30,0.16483516483516483,True,True,True,True,False
26,9,2,sparse,anticorrelated,0.8,169,193,0.8756476683937824,24,0.12435233160621761,True,True,True,True,False
27,9,2,sparse,anticorrelated,0.8,56,104,0.5384615384615384,48,0.46153846153846156,True,True,True,True,False
28,9,2,sparse,anticorrelated,0.8,80,116,0.6896551724137931,36,0.3103448275862069,True,True,True,True,False
29,9,2,sparse,anticorrelated,0.8,96,120,0.8,24,0.2,True,True,True,True,False
30,9,2,sparse,anticorrelated,0.8,240,240,1.0,0,0.0,True,True,True,True,True
1,9,3,dense,random,0.3,144,174,0.8275862068965517,30,0.1724137931034483,True,True,True,True,False
2,9,3,dense,random,0.3,182,223,0.8161434977578476,41,0.18385650224215247,True,True,True,True,False
3,9,3,dense,random,0.3,356,356,1.0,0,0.0,True,True,True,True,True
4,9,3,dense,random,0.3,208,231,0.9004329004329005,23,0.09956709956709957,True,True,True,True,False
5,9,3,dense,random,0.3,196,196,1.0,0,0.0,True,True,True,True,True
6,9,3,dense,random,0.3,188,193,0.9740932642487047,5,0.025906735751295335,True,True,True,True,False
7,9,3,dense,random,0.3,182,182,1.0,0,0.0,True,True,True,True,True
8,9,3,dense,random,0.3,188,188,1.0,0,0.0,True,True,True,True,True
9,9,3,dense,random,0.3,147,147,1.0,0,0.0,True,True,True,True,True
10,9,3,dense,random,0.3,132,153,0.8627450980392157,21,0.13725490196078433,True,True,True,True,False
11,9,3,dense,random,0.3,172,269,0.6394052044609665,97,0.36059479553903345,True,True,True,True,False
12,9,3,dense,random,0.3,192,192,1.0,0,0.0,True,True,True,True,True
13,9,3,dense,random,0.3,144,214,0.6728971962616822,70,0.32710280373831774,True,True,True,True,False
14,9,3,dense,random,0.3,172,181,0.9502762430939227,9,0.049723756906077346,True,True,True,True,False
15,9,3,dense,random,0.3,102,111,0.918918918918919,9,0.08108108108108109,True,True,True,True,False
16,9,3,dense,random,0.3,186,186,1.0,0,0.0,True,True,True,True,True
17,9,3,dense,random,0.3,261,261,1.0,0,0.0,True,True,True,True,True
18,9,3,dense,random,0.3,368,368,1.0,0,0.0,True,True,True,True,True
19,9,3,dense,random,0.3,288,288,1.0,0,0.0,True,True,True,True,True
20,9,3,dense,random,0.3,216,216,1.0,0,0.0,True,True,True,True,True
21,9,3,dense,random,0.3,174,180,0.9666666666666667,6,0.03333333333333333,True,True,True,True,False
22,9,3,dense,random,0.3,168,184,0.9130434782608695,16,0.08695652173913043,True,True,True,True,False
23,9,3,dense,random,0.3,184,205,0.8975609756097561,21,0.1024390243902439,True,True,True,True,False
24,9,3,dense,random,0.3,182,185,0.9837837837837838,3,0.016216216216216217,True,True,True,True,False
25,9,3,dense,random,0.3,180,180,1.0,0,0.0,True,True,True,True,True
26,9,3,dense,random,0.3,180,186,0.967741935483871,6,0.03225806451612903,True,True,True,True,False
27,9,3,dense,random,0.3,273,273,1.0,0,0.0,True,True,True,True,True
28,9,3,dense,random,0.3,176,196,0.8979591836734694,20,0.10204081632653061,True,True,True,True,False
29,9,3,dense,random,0.3,178,205,0.8682926829268293,27,0.13170731707317074,True,True,True,True,False
30,9,3,dense,random,0.3,308,308,1.0,0,0.0,True,True,True,True,True
1,9,3,dense,random,0.8,432,576,0.75,144,0.25,True,True,True,True,False
2,9,3,dense,random,0.8,546,590,0.9254237288135593,44,0.07457627118644068,True,True,True,True,False
3,9,3,dense,random,0.8,1068,1068,1.0,0,0.0,True,True,True,True,True
4,9,3,dense,random,0.8,572,664,0.8614457831325302,92,0.13855421686746988,True,True,True,True,False
5,9,3,dense,random,0.8,490,578,0.8477508650519031,88,0.1522491349480969,True,True,True,True,False
6,9,3,dense,random,0.8,470,605,0.7768595041322314,135,0.2231404958677686,True,True,True,True,False
7,9,3,dense,random,0.8,546,546,1.0,0,0.0,True,True,True,True,True
8,9,3,dense,random,0.8,470,616,0.762987012987013,146,0.237012987012987,True,True,True,True,False
9,9,3,dense,random,0.8,490,494,0.9919028340080972,4,0.008097165991902834,True,True,True,True,False
10,9,3,dense,random,0.8,462,486,0.9506172839506173,24,0.04938271604938271,True,True,True,True,False
11,9,3,dense,random,0.8,516,721,0.7156726768377254,205,0.2843273231622746,True,True,True,True,False
12,9,3,dense,random,0.8,576,576,1.0,0,0.0,True,True,True,True,True
13,9,3,dense,random,0.8,432,570,0.7578947368421053,138,0.24210526315789474,True,True,True,True,False
14,9,3,dense,random,0.8,516,620,0.832258064516129,104,0.16774193548387098,True,True,True,True,False
15,9,3,dense,random,0.8,300,329,0.9118541033434651,29,0.08814589665653495,True,True,True,True,False
16,9,3,dense,random,0.8,465,544,0.8547794117647058,79,0.14522058823529413,True,True,True,True,False
17,9,3,dense,random,0.8,696,696,1.0,0,0.0,True,True,True,True,True
18,9,3,dense,random,0.8,1012,1012,1.0,0,0.0,True,True,True,True,True
19,9,3,dense,random,0.8,960,960,1.0,0,0.0,True,True,True,True,True
20,9,3,dense,random,0.8,594,594,1.0,0,0.0,True,True,True,True,True
21,9,3,dense,random,0.8,522,574,0.9094076655052264,52,0.09059233449477352,True,True,True,True,False
22,9,3,dense,random,0.8,504,636,0.7924528301886793,132,0.20754716981132076,True,True,True,True,False
23,9,3,dense,random,0.8,644,644,1.0,0,0.0,True,True,True,True,True
24,9,3,dense,random,0.8,455,608,0.7483552631578947,153,0.25164473684210525,True,True,True,True,False
25,9,3,dense,random,0.8,540,540,1.0,0,0.0,True,True,True,True,True
26,9,3,dense,random,0.8,630,648,0.9722222222222222,18,0.027777777777777776,True,True,True,True,False
27,9,3,dense,random,0.8,728,728,1.0,0,0.0,True,True,True,True,True
28,9,3,dense,random,0.8,528,548,0.9635036496350365,20,0.0364963503649635,True,True,True,True,False
29,9,3,dense,random,0.8,464,588,0.7891156462585034,124,0.2108843537414966,True,True,True,True,False
30,9,3,dense,random,0.8,924,924,1.0,0,0.0,True,True,True,True,True
1,9,3,dense,correlated,0.3,10,19,0.5263157894736842,9,0.47368421052631576,True,True,True,True,False
2,9,3,dense,correlated,0.3,12,24,0.5,12,0.5,True,True,True,True,False
3,9,3,dense,correlated,0.3,30,30,1.0,0,0.0,True,True,True,True,True
4,9,3,dense,correlated,0.3,16,21,0.7619047619047619,5,0.23809523809523808,True,True,True,True,False
5,9,3,dense,correlated,0.3,27,29,0.9310344827586207,2,0.06896551724137931,True,True,True,True,False
6,9,3,dense,correlated,0.3,18,19,0.9473684210526315,1,0.05263157894736842,True,True,True,True,False
7,9,3,dense,correlated,0.3,22,22,1.0,0,0.0,True,True,True,True,True
8,9,3,dense,correlated,0.3,22,22,1.0,0,0.0,True,True,True,True,True
9,9,3,dense,correlated,0.3,32,32,1.0,0,0.0,True,True,True,True,True
10,9,3,dense,correlated,0.3,16,25,0.64,9,0.36,True,True,True,True,False
11,9,3,dense,correlated,0.3,16,17,0.9411764705882353,1,0.058823529411764705,True,True,True,True,False
12,9,3,dense,correlated,0.3,24,24,1.0,0,0.0,True,True,True,True,True
13,9,3,dense,correlated,0.3,18,25,0.72,7,0.28,True,True,True,True,False
14,9,3,dense,correlated,0.3,16,16,1.0,0,0.0,True,True,True,True,True
15,9,3,dense,correlated,0.3,18,25,0.72,7,0.28,True,True,True,True,False
16,9,3,dense,correlated,0.3,26,26,1.0,0,0.0,True,True,True,True,True
17,9,3,dense,correlated,0.3,30,30,1.0,0,0.0,True,True,True,True,True
18,9,3,dense,correlated,0.3,21,21,1.0,0,0.0,True,True,True,True,True
19,9,3,dense,correlated,0.3,24,24,1.0,0,0.0,True,True,True,True,True
20,9,3,dense,correlated,0.3,20,24,0.8333333333333334,4,0.16666666666666666,True,True,True,True,False
21,9,3,dense,correlated,0.3,15,16,0.9375,1,0.0625,True,True,True,True,False
22,9,3,dense,correlated,0.3,16,16,1.0,0,0.0,True,True,True,True,True
23,9,3,dense,correlated,0.3,14,20,0.7,6,0.3,True,True,True,True,False
24,9,3,dense,correlated,0.3,22,24,0.9166666666666666,2,0.08333333333333333,True,True,True,True,False
25,9,3,dense,correlated,0.3,13,19,0.6842105263157895,6,0.3157894736842105,True,True,True,True,False
26,9,3,dense,correlated,0.3,20,21,0.9523809523809523,1,0.047619047619047616,True,True,True,True,False
27,9,3,dense,correlated,0.3,18,25,0.72,7,0.28,True,True,True,True,False
28,9,3,dense,correlated,0.3,24,24,1.0,0,0.0,True,True,True,True,True
29,9,3,dense,correlated,0.3,18,21,0.8571428571428571,3,0.14285714285714285,True,True,True,True,False
30,9,3,dense,correlated,0.3,18,25,0.72,7,0.28,True,True,True,True,False
1,9,3,dense,correlated,0.8,40,61,0.6557377049180327,21,0.3442622950819672,True,True,True,True,False
2,9,3,dense,correlated,0.8,48,62,0.7741935483870968,14,0.22580645161290322,True,True,True,True,False
3,9,3,dense,correlated,0.8,78,78,1.0,0,0.0,True,True,True,True,True
4,9,3,dense,correlated,0.8,52,60,0.8666666666666667,8,0.13333333333333333,True,True,True,True,False
5,9,3,dense,correlated,0.8,72,83,0.8674698795180723,11,0.13253012048192772,True,True,True,True,False
6,9,3,dense,correlated,0.8,60,65,0.9230769230769231,5,0.07692307692307693,True,True,True,True,False
7,9,3,dense,correlated,0.8,66,66,1.0,0,0.0,True,True,True,True,True
8,9,3,dense,correlated,0.8,55,58,0.9482758620689655,3,0.05172413793103448,True,True,True,True,False
9,9,3,dense,correlated,0.8,88,88,1.0,0,0.0,True,True,True,True,True
10,9,3,dense,correlated,0.8,56,66,0.8484848484848485,10,0.15151515151515152,True,True,True,True,False
11,9,3,dense,correlated,0.8,48,50,0.96,2,0.04,True,True,True,True,False
12,9,3,dense,correlated,0.8,64,72,0.8888888888888888,8,0.1111111111111111,True,True,True,True,False
13,9,3,dense,correlated,0.8,54,66,0.8181818181818182,12,0.18181818181818182,True,True,True,True,False
14,9,3,dense,correlated,0.8,40,49,0.8163265306122449,9,0.1836734693877551,True,True,True,True,False
15,9,3,dense,correlated,0.8,63,69,0.9130434782608695,6,0.08695652173913043,True,True,True,True,False
16,9,3,dense,correlated,0.8,72,82,0.8780487804878049,10,0.12195121951219512,True,True,True,True,False
17,9,3,dense,correlated,0.8,80,86,0.9302325581395349,6,0.06976744186046512,True,True,True,True,False
18,9,3,dense,correlated,0.8,56,60,0.9333333333333333,4,0.06666666666666667,True,True,True,True,False
19,9,3,dense,correlated,0.8,64,64,1.0,0,0.0,True,True,True,True,True
20,9,3,dense,correlated,0.8,55,63,0.873015873015873,8,0.12698412698412698,True,True,True,True,False
21,9,3,dense,correlated,0.8,45,49,0.9183673469387755,4,0.08163265306122448,True,True,True,True,False
22,9,3,dense,correlated,0.8,48,50,0.96,2,0.04,True,True,True,True,False
23,9,3,dense,correlated,0.8,65,65,1.0,0,0.0,True,True,True,True,True
24,9,3,dense,correlated,0.8,66,68,0.9705882352941176,2,0.029411764705882353,True,True,True,True,False
25,9,3,dense,correlated,0.8,52,58,0.896551724137931,6,0.10344827586206896,True,True,True,True,False
26,9,3,dense,correlated,0.8,50,66,0.7575757575757576,16,0.24242424242424243,True,True,True,True,False
27,9,3,dense,correlated,0.8,54,68,0.7941176470588235,14,0.20588235294117646,True,True,True,True,False
28,9,3,dense,correlated,0.8,60,61,0.9836065573770492,1,0.01639344262295082,True,True,True,True,False
29,9,3,dense,correlated,0.8,63,66,0.9545454545454546,3,0.045454545454545456,True,True,True,True,False
30,9,3,dense,correlated,0.8,63,77,0.8181818181818182,14,0.18181818181818182,True,True,True,True,False
1,9,3,dense,anticorrelated,0.3,44,44,1.0,0,0.0,True,True,True,True,True
2,9,3,dense,anticorrelated,0.3,24,34,0.7058823529411765,10,0.29411764705882354,True,True,True,True,False
3,9,3,dense,anticorrelated,0.3,90,90,1.0,0,0.0,True,True,True,True,True
4,9,3,dense,anticorrelated,0.3,33,37,0.8918918918918919,4,0.10810810810810811,True,True,True,True,False
5,9,3,dense,anticorrelated,0.3,57,57,1.0,0,0.0,True,True,True,True,True
6,9,3,dense,anticorrelated,0.3,54,54,1.0,0,0.0,True,True,True,True,True
7,9,3,dense,anticorrelated,0.3,45,45,1.0,0,0.0,True,True,True,True,True
8,9,3,dense,anticorrelated,0.3,56,56,1.0,0,0.0,True,True,True,True,True
9,9,3,dense,anticorrelated,0.3,76,76,1.0,0,0.0,True,True,True,True,True
10,9,3,dense,anticorrelated,0.3,56,61,0.9180327868852459,5,0.08196721311475409,True,True,True,True,False
11,9,3,dense,anticorrelated,0.3,32,39,0.8205128205128205,7,0.1794871794871795,True,True,True,True,False
12,9,3,dense,anticorrelated,0.3,48,48,1.0,0,0.0,True,True,True,True,True
13,9,3,dense,anticorrelated,0.3,38,51,0.7450980392156863,13,0.2549019607843137,True,True,True,True,False
14,9,3,dense,anticorrelated,0.3,48,48,1.0,0,0.0,True,True,True,True,True
15,9,3,dense,anticorrelated,0.3,38,54,0.7037037037037037,16,0.2962962962962963,True,True,True,True,False
16,9,3,dense,anticorrelated,0.3,42,58,0.7241379310344828,16,0.27586206896551724,True,True,True,True,False
17,9,3,dense,anticorrelated,0.3,57,57,1.0,0,0.0,True,True,True,True,True
18,9,3,dense,anticorrelated,0.3,48,48,1.0,0,0.0,True,True,True,True,True
19,9,3,dense,anticorrelated,0.3,48,48,1.0,0,0.0,True,True,True,True,True
20,9,3,dense,anticorrelated,0.3,68,68,1.0,0,0.0,True,True,True,True,True
21,9,3,dense,anticorrelated,0.3,75,75,1.0,0,0.0,True,True,True,True,True
22,9,3,dense,anticorrelated,0.3,56,56,1.0,0,0.0,True,True,True,True,True
23,9,3,dense,anticorrelated,0.3,26,36,0.7222222222222222,10,0.2777777777777778,True,True,True,True,False
24,9,3,dense,anticorrelated,0.3,42,44,0.9545454545454546,2,0.045454545454545456,True,True,True,True,False
25,9,3,dense,anticorrelated,0.3,70,70,1.0,0,0.0,True,True,True,True,True
26,9,3,dense,anticorrelated,0.3,32,32,1.0,0,0.0,True,True,True,True,True
27,9,3,dense,anticorrelated,0.3,56,60,0.9333333333333333,4,0.06666666666666667,True,True,True,True,False
28,9,3,dense,anticorrelated,0.3,34,39,0.8717948717948718,5,0.1282051282051282,True,True,True,True,False
29,9,3,dense,anticorrelated,0.3,65,65,1.0,0,0.0,True,True,True,True,True
30,9,3,dense,anticorrelated,0.3,34,46,0.7391304347826086,12,0.2608695652173913,True,True,True,True,False
1,9,3,dense,anticorrelated,0.8,132,139,0.9496402877697842,7,0.050359712230215826,True,True,True,True,False
2,9,3,dense,anticorrelated,0.8,77,102,0.7549019607843137,25,0.24509803921568626,True,True,True,True,False
3,9,3,dense,anticorrelated,0.8,234,234,1.0,0,0.0,True,True,True,True,True
4,9,3,dense,anticorrelated,0.8,88,100,0.88,12,0.12,True,True,True,True,False
5,9,3,dense,anticorrelated,0.8,152,163,0.9325153374233128,11,0.06748466257668712,True,True,True,True,False
6,9,3,dense,anticorrelated,0.8,180,180,1.0,0,0.0,True,True,True,True,True
7,9,3,dense,anticorrelated,0.8,135,142,0.9507042253521126,7,0.04929577464788732,True,True,True,True,False
8,9,3,dense,anticorrelated,0.8,168,168,1.0,0,0.0,True,True,True,True,True
9,9,3,dense,anticorrelated,0.8,209,209,1.0,0,0.0,True,True,True,True,True
10,9,3,dense,anticorrelated,0.8,168,178,0.9438202247191011,10,0.056179775280898875,True,True,True,True,False
11,9,3,dense,anticorrelated,0.8,96,113,0.8495575221238938,17,0.1504424778761062,True,True,True,True,False
12,9,3,dense,anticorrelated,0.8,128,128,1.0,0,0.0,True,True,True,True,True
13,9,3,dense,anticorrelated,0.8,114,134,0.8507462686567164,20,0.14925373134328357,True,True,True,True,False
14,9,3,dense,anticorrelated,0.8,132,134,0.9850746268656716,2,0.014925373134328358,True,True,True,True,False
15,9,3,dense,anticorrelated,0.8,133,149,0.8926174496644296,16,0.10738255033557047,True,True,True,True,False
16,9,3,dense,anticorrelated,0.8,126,147,0.8571428571428571,21,0.14285714285714285,True,True,True,True,False
17,9,3,dense,anticorrelated,0.8,152,167,0.9101796407185628,15,0.08982035928143713,True,True,True,True,False
18,9,3,dense,anticorrelated,0.8,128,137,0.9343065693430657,9,0.06569343065693431,True,True,True,True,False
19,9,3,dense,anticorrelated,0.8,128,128,1.0,0,0.0,True,True,True,True,True
20,9,3,dense,anticorrelated,0.8,187,187,1.0,0,0.0,True,True,True,True,True
21,9,3,dense,anticorrelated,0.8,195,195,1.0,0,0.0,True,True,True,True,True
22,9,3,dense,anticorrelated,0.8,154,157,0.9808917197452229,3,0.01910828025477707,True,True,True,True,False
23,9,3,dense,anticorrelated,0.8,80,103,0.7766990291262136,23,0.22330097087378642,True,True,True,True,False
24,9,3,dense,anticorrelated,0.8,126,130,0.9692307692307692,4,0.03076923076923077,True,True,True,True,False
25,9,3,dense,anticorrelated,0.8,182,182,1.0,0,0.0,True,True,True,True,True
26,9,3,dense,anticorrelated,0.8,105,108,0.9722222222222222,3,0.027777777777777776,True,True,True,True,False
27,9,3,dense,anticorrelated,0.8,168,172,0.9767441860465116,4,0.023255813953488372,True,True,True,True,False
28,9,3,dense,anticorrelated,0.8,88,116,0.7586206896551724,28,0.2413793103448276,True,True,True,True,False
29,9,3,dense,anticorrelated,0.8,169,181,0.9337016574585635,12,0.06629834254143646,True,True,True,True,False
30,9,3,dense,anticorrelated,0.8,119,131,0.9083969465648855,12,0.0916030534351145,True,True,True,True,False
1,9,3,sparse,random,0.3,59,70,0.8428571428571429,11,0.15714285714285714,True,True,True,True,False
2,9,3,sparse,random,0.3,99,181,0.5469613259668509,82,0.4530386740331492,True,True,True,True,False
3,9,3,sparse,random,0.3,184,270,0.6814814814814815,86,0.31851851851851853,True,True,True,True,False
4,9,3,sparse,random,0.3,210,290,0.7241379310344828,80,0.27586206896551724,True,True,True,True,False
5,9,3,sparse,random,0.3,97,138,0.7028985507246377,41,0.2971014492753623,True,True,True,True,False
6,9,3,sparse,random,0.3,150,246,0.6097560975609756,96,0.3902439024390244,True,True,True,True,False
7,9,3,sparse,random,0.3,188,300,0.6266666666666667,112,0.37333333333333335,True,True,True,True,False
8,9,3,sparse,random,0.3,255,321,0.794392523364486,66,0.205607476635514,True,True,True,True,False
9,9,3,sparse,random,0.3,111,162,0.6851851851851852,51,0.3148148148148148,True,True,True,True,False
10,9,3,sparse,random,0.3,126,175,0.72,49,0.28,True,True,True,True,False
11,9,3,sparse,random,0.3,166,166,1.0,0,0.0,True,True,True,True,True
12,9,3,sparse,random,0.3,150,271,0.5535055350553506,121,0.44649446494464945,True,True,True,True,False
13,9,3,sparse,random,0.3,117,166,0.7048192771084337,49,0.29518072289156627,True,True,True,True,False
14,9,3,sparse,random,0.3,192,192,1.0,0,0.0,True,True,True,True,True
15,9,3,sparse,random,0.3,1,1,1.0,0,0.0,True,True,True,True,True
16,9,3,sparse,random,0.3,174,260,0.6692307692307692,86,0.33076923076923076,True,True,True,True,False
17,9,3,sparse,random,0.3,288,325,0.8861538461538462,37,0.11384615384615385,True,True,True,True,False
18,9,3,sparse,random,0.3,219,322,0.6801242236024845,103,0.3198757763975155,True,True,True,True,False
19,9,3,sparse,random,0.3,138,234,0.5897435897435898,96,0.41025641025641024,True,True,True,True,False
20,9,3,sparse,random,0.3,85,193,0.44041450777202074,108,0.5595854922279793,True,True,True,True,False
21,9,3,sparse,random,0.3,114,176,0.6477272727272727,62,0.3522727272727273,True,True,True,True,False
22,9,3,sparse,random,0.3,77,111,0.6936936936936937,34,0.3063063063063063,True,True,True,True,False
23,9,3,sparse,random,0.3,45,45,1.0,0,0.0,True,True,True,True,True
24,9,3,sparse,random,0.3,200,329,0.60790273556231,129,0.39209726443769,True,True,True,True,False
25,9,3,sparse,random,0.3,84,149,0.5637583892617449,65,0.436241610738255,True,True,True,True,False
26,9,3,sparse,random,0.3,83,151,0.5496688741721855,68,0.4503311258278146,True,True,True,True,False
27,9,3,sparse,random,0.3,96,179,0.5363128491620112,83,0.46368715083798884,True,True,True,True,False
28,9,3,sparse,random,0.3,81,155,0.5225806451612903,74,0.4774193548387097,True,True,True,True,False
29,9,3,sparse,random,0.3,132,193,0.6839378238341969,61,0.3160621761658031,True,True,True,True,False
30,9,3,sparse,random,0.3,100,131,0.7633587786259542,31,0.2366412213740458,True,True,True,True,False
1,9,3,sparse,random,0.8,236,318,0.7421383647798742,82,0.2578616352201258,True,True,True,True,False
2,9,3,sparse,random,0.8,352,625,0.5632,273,0.4368,True,True,True,True,False
3,9,3,sparse,random,0.8,552,896,0.6160714285714286,344,0.38392857142857145,True,True,True,True,False
4,9,3,sparse,random,0.8,700,993,0.7049345417925479,293,0.29506545820745217,True,True,True,True,False
5,9,3,sparse,random,0.8,291,450,0.6466666666666666,159,0.35333333333333333,True,True,True,True,False
6,9,3,sparse,random,0.8,375,623,0.6019261637239165,248,0.39807383627608345,True,True,True,True,False
7,9,3,sparse,random,0.8,564,956,0.5899581589958159,392,0.4100418410041841,True,True,True,True,False
8,9,3,sparse,random,0.8,765,963,0.794392523364486,198,0.205607476635514,True,True,True,True,False
9,9,3,sparse,random,0.8,333,503,0.6620278330019881,170,0.3379721669980119,True,True,True,True,False
10,9,3,sparse,random,0.8,378,574,0.6585365853658537,196,0.34146341463414637,True,True,True,True,False
11,9,3,sparse,random,0.8,498,555,0.8972972972972973,57,0.10270270270270271,True,True,True,True,False
12,9,3,sparse,random,0.8,375,657,0.5707762557077626,282,0.4292237442922374,True,True,True,True,False
13,9,3,sparse,random,0.8,312,459,0.6797385620915033,147,0.3202614379084967,True,True,True,True,False
14,9,3,sparse,random,0.8,576,665,0.8661654135338346,89,0.13383458646616542,True,True,True,True,False
15,9,3,sparse,random,0.8,134,187,0.7165775401069518,53,0.28342245989304815,True,True,True,True,False
16,9,3,sparse,random,0.8,464,679,0.6833578792341679,215,0.3166421207658321,True,True,True,True,False
17,9,3,sparse,random,0.8,960,1087,0.8831646734130635,127,0.11683532658693652,True,True,True,True,False
18,9,3,sparse,random,0.8,584,1032,0.5658914728682171,448,0.43410852713178294,True,True,True,True,False
19,9,3,sparse,random,0.8,414,798,0.518796992481203,384,0.48120300751879697,True,True,True,True,False
20,9,3,sparse,random,0.8,255,579,0.44041450777202074,324,0.5595854922279793,True,True,True,True,False
21,9,3,sparse,random,0.8,285,502,0.5677290836653387,217,0.43227091633466136,True,True,True,True,False
22,9,3,sparse,random,0.8,296,445,0.6651685393258427,149,0.3348314606741573,True,True,True,True,False
23,9,3,sparse,random,0.8,225,419,0.5369928400954654,194,0.4630071599045346,True,True,True,True,False
24,9,3,sparse,random,0.8,500,844,0.5924170616113744,344,0.4075829383886256,True,True,True,True,False
25,9,3,sparse,random,0.8,296,456,0.6491228070175439,160,0.3508771929824561,True,True,True,True,False
26,9,3,sparse,random,0.8,332,604,0.5496688741721855,272,0.4503311258278146,True,True,True,True,False
27,9,3,sparse,random,0.8,288,537,0.5363128491620112,249,0.46368715083798884,True,True,True,True,False
28,9,3,sparse,random,0.8,324,398,0.8140703517587939,74,0.18592964824120603,True,True,True,True,False
29,9,3,sparse,random,0.8,396,684,0.5789473684210527,288,0.42105263157894735,True,True,True,True,False
30,9,3,sparse,random,0.8,300,508,0.5905511811023622,208,0.4094488188976378,True,True,True,True,False
1,9,3,sparse,correlated,0.3,5,6,0.8333333333333334,1,0.16666666666666666,True,True,True,True,False
2,9,3,sparse,correlated,0.3,8,12,0.6666666666666666,4,0.3333333333333333,True,True,True,True,False
3,9,3,sparse,correlated,0.3,9,16,0.5625,7,0.4375,True,True,True,True,False
4,9,3,sparse,correlated,0.3,9,15,0.6,6,0.4,True,True,True,True,False
5,9,3,sparse,correlated,0.3,8,10,0.8,2,0.2,True,True,True,True,False
6,9,3,sparse,correlated,0.3,12,17,0.7058823529411765,5,0.29411764705882354,True,True,True,True,False
7,9,3,sparse,correlated,0.3,10,18,0.5555555555555556,8,0.4444444444444444,True,True,True,True,False
8,9,3,sparse,correlated,0.3,8,12,0.6666666666666666,4,0.3333333333333333,True,True,True,True,False
9,9,3,sparse,correlated,0.3,9,10,0.9,1,0.1,True,True,True,True,False
10,9,3,sparse,correlated,0.3,8,9,0.8888888888888888,1,0.1111111111111111,True,True,True,True,False
11,9,3,sparse,correlated,0.3,11,16,0.6875,5,0.3125,True,True,True,True,False
12,9,3,sparse,correlated,0.3,8,8,1.0,0,0.0,True,True,True,True,True
13,9,3,sparse,correlated,0.3,12,16,0.75,4,0.25,True,True,True,True,False
14,9,3,sparse,correlated,0.3,15,16,0.9375,1,0.0625,True,True,True,True,False
15,9,3,sparse,correlated,0.3,1,1,1.0,0,0.0,True,True,True,True,True
16,9,3,sparse,correlated,0.3,18,18,1.0,0,0.0,True,True,True,True,True
17,9,3,sparse,correlated,0.3,12,12,1.0,0,0.0,True,True,True,True,True
18,9,3,sparse,correlated,0.3,12,21,0.5714285714285714,9,0.42857142857142855,True,True,True,True,False
19,9,3,sparse,correlated,0.3,8,13,0.6153846153846154,5,0.38461538461538464,True,True,True,True,False
20,9,3,sparse,correlated,0.3,10,11,0.9090909090909091,1,0.09090909090909091,True,True,True,True,False
21,9,3,sparse,correlated,0.3,10,10,1.0,0,0.0,True,True,True,True,True
22,9,3,sparse,correlated,0.3,5,5,1.0,0,0.0,True,True,True,True,True
23,9,3,sparse,correlated,0.3,7,7,1.0,0,0.0,True,True,True,True,True
24,9,3,sparse,correlated,0.3,0,0,1.0,0,0.0,True,True,True,True,True
25,9,3,sparse,correlated,0.3,20,21,0.9523809523809523,1,0.047619047619047616,True,True,True,True,False
26,9,3,sparse,correlated,0.3,14,14,1.0,0,0.0,True,True,True,True,True
27,9,3,sparse,correlated,0.3,12,18,0.6666666666666666,6,0.3333333333333333,True,True,True,True,False
28,9,3,sparse,correlated,0.3,14,23,0.6086956521739131,9,0.391304347826087,True,True,True,True,False
29,9,3,sparse,correlated,0.3,7,13,0.5384615384615384,6,0.46153846153846156,True,True,True,True,False
30,9,3,sparse,correlated,0.3,9,12,0.75,3,0.25,True,True,True,True,False
1,9,3,sparse,correlated,0.8,20,28,0.7142857142857143,8,0.2857142857142857,True,True,True,True,False
2,9,3,sparse,correlated,0.8,32,46,0.6956521739130435,14,0.30434782608695654,True,True,True,True,False
3,9,3,sparse,correlated,0.8,36,50,0.72,14,0.28,True,True,True,True,False
4,9,3,sparse,correlated,0.8,27,45,0.6,18,0.4,True,True,True,True,False
5,9,3,sparse,correlated,0.8,18,31,0.5806451612903226,13,0.41935483870967744,True,True,True,True,False
6,9,3,sparse,correlated,0.8,36,56,0.6428571428571429,20,0.35714285714285715,True,True,True,True,False
7,9,3,sparse,correlated,0.8,30,58,0.5172413793103449,28,0.4827586206896552,True,True,True,True,False
8,9,3,sparse,correlated,0.8,24,34,0.7058823529411765,10,0.29411764705882354,True,True,True,True,False
9,9,3,sparse,correlated,0.8,36,36,1.0,0,0.0,True,True,True,True,True
10,9,3,sparse,correlated,0.8,28,36,0.7777777777777778,8,0.2222222222222222,True,True,True,True,False
11,9,3,sparse,correlated,0.8,28,44,0.6363636363636364,16,0.36363636363636365,True,True,True,True,False
12,9,3,sparse,correlated,0.8,24,28,0.8571428571428571,4,0.14285714285714285,True,True,True,True,False
13,9,3,sparse,correlated,0.8,36,45,0.8,9,0.2,True,True,True,True,False
14,9,3,sparse,correlated,0.8,50,60,0.8333333333333334,10,0.16666666666666666,True,True,True,True,False
15,9,3,sparse,correlated,0.8,10,16,0.625,6,0.375,True,True,True,True,False
16,9,3,sparse,correlated,0.8,60,64,0.9375,4,0.0625,True,True,True,True,False
17,9,3,sparse,correlated,0.8,36,54,0.6666666666666666,18,0.3333333333333333,True,True,True,True,False
18,9,3,sparse,correlated,0.8,42,69,0.6086956521739131,27,0.391304347826087,True,True,True,True,False
19,9,3,sparse,correlated,0.8,24,44,0.5454545454545454,20,0.45454545454545453,True,True,True,True,False
20,9,3,sparse,correlated,0.8,30,34,0.8823529411764706,4,0.11764705882352941,True,True,True,True,False
21,9,3,sparse,correlated,0.8,27,38,0.7105263157894737,11,0.2894736842105263,True,True,True,True,False
22,9,3,sparse,correlated,0.8,15,20,0.75,5,0.25,True,True,True,True,False
23,9,3,sparse,correlated,0.8,14,16,0.875,2,0.125,True,True,True,True,False
24,9,3,sparse,correlated,0.8,18,24,0.75,6,0.25,True,True,True,True,False
25,9,3,sparse,correlated,0.8,60,62,0.967741935483871,2,0.03225806451612903,True,True,True,True,False
26,9,3,sparse,correlated,0.8,42,47,0.8936170212765957,5,0.10638297872340426,True,True,True,True,False
27,9,3,sparse,correlated,0.8,36,54,0.6666666666666666,18,0.3333333333333333,True,True,True,True,False
28,9,3,sparse,correlated,0.8,35,60,0.5833333333333334,25,0.4166666666666667,True,True,True,True,False
29,9,3,sparse,correlated,0.8,15,32,0.46875,17,0.53125,True,True,True,True,False
30,9,3,sparse,correlated,0.8,18,40,0.45,22,0.55,True,True,True,True,False
1,9,3,sparse,anticorrelated,0.3,30,39,0.7692307692307693,9,0.23076923076923078,True,True,True,True,False
2,9,3,sparse,anticorrelated,0.3,39,55,0.7090909090909091,16,0.2909090909090909,True,True,True,True,False
3,9,3,sparse,anticorrelated,0.3,30,45,0.6666666666666666,15,0.3333333333333333,True,True,True,True,False
4,9,3,sparse,anticorrelated,0.3,51,85,0.6,34,0.4,True,True,True,True,False
5,9,3,sparse,anticorrelated,0.3,27,54,0.5,27,0.5,True,True,True,True,False
6,9,3,sparse,anticorrelated,0.3,36,53,0.6792452830188679,17,0.32075471698113206,True,True,True,True,False
7,9,3,sparse,anticorrelated,0.3,34,66,0.5151515151515151,32,0.48484848484848486,True,True,True,True,False
8,9,3,sparse,anticorrelated,0.3,44,57,0.7719298245614035,13,0.22807017543859648,True,True,True,True,False
9,9,3,sparse,anticorrelated,0.3,48,58,0.8275862068965517,10,0.1724137931034483,True,True,True,True,False
10,9,3,sparse,anticorrelated,0.3,38,48,0.7916666666666666,10,0.20833333333333334,True,True,True,True,False
11,9,3,sparse,anticorrelated,0.3,17,32,0.53125,15,0.46875,True,True,True,True,False
12,9,3,sparse,anticorrelated,0.3,14,27,0.5185185185185185,13,0.48148148148148145,True,True,True,True,False
13,9,3,sparse,anticorrelated,0.3,51,81,0.6296296296296297,30,0.37037037037037035,True,True,True,True,False
14,9,3,sparse,anticorrelated,0.3,57,66,0.8636363636363636,9,0.13636363636363635,True,True,True,True,False
15,9,3,sparse,anticorrelated,0.3,7,7,1.0,0,0.0,True,True,True,True,True
16,9,3,sparse,anticorrelated,0.3,57,57,1.0,0,0.0,True,True,True,True,True
17,9,3,sparse,anticorrelated,0.3,56,56,1.0,0,0.0,True,True,True,True,True
18,9,3,sparse,anticorrelated,0.3,40,85,0.47058823529411764,45,0.5294117647058824,True,True,True,True,False
19,9,3,sparse,anticorrelated,0.3,26,41,0.6341463414634146,15,0.36585365853658536,True,True,True,True,False
20,9,3,sparse,anticorrelated,0.3,34,42,0.8095238095238095,8,0.19047619047619047,True,True,True,True,False
21,9,3,sparse,anticorrelated,0.3,17,25,0.68,8,0.32,True,True,True,True,False
22,9,3,sparse,anticorrelated,0.3,11,11,1.0,0,0.0,True,True,True,True,True
23,9,3,sparse,anticorrelated,0.3,30,30,1.0,0,0.0,True,True,True,True,True
24,9,3,sparse,anticorrelated,0.3,0,0,1.0,0,0.0,True,True,True,True,True
25,9,3,sparse,anticorrelated,0.3,76,89,0.8539325842696629,13,0.14606741573033707,True,True,True,True,False
26,9,3,sparse,anticorrelated,0.3,34,34,1.0,0,0.0,True,True,True,True,True
27,9,3,sparse,anticorrelated,0.3,48,86,0.5581395348837209,38,0.4418604651162791,True,True,True,True,False
28,9,3,sparse,anticorrelated,0.3,42,84,0.5,42,0.5,True,True,True,True,False
29,9,3,sparse,anticorrelated,0.3,18,50,0.36,32,0.64,True,True,True,True,False
30,9,3,sparse,anticorrelated,0.3,26,42,0.6190476190476191,16,0.38095238095238093,True,True,True,True,False
1,9,3,sparse,anticorrelated,0.8,80,107,0.7476635514018691,27,0.2523364485981308,True,True,True,True,False
2,9,3,sparse,anticorrelated,0.8,117,181,0.6464088397790055,64,0.35359116022099446,True,True,True,True,False
3,9,3,sparse,anticorrelated,0.8,90,135,0.6666666666666666,45,0.3333333333333333,True,True,True,True,False
4,9,3,sparse,anticorrelated,0.8,153,255,0.6,102,0.4,True,True,True,True,False
5,9,3,sparse,anticorrelated,0.8,72,133,0.5413533834586466,61,0.45864661654135336,True,True,True,True,False
6,9,3,sparse,anticorrelated,0.8,108,176,0.6136363636363636,68,0.38636363636363635,True,True,True,True,False
7,9,3,sparse,anticorrelated,0.8,112,214,0.5233644859813084,102,0.4766355140186916,True,True,True,True,False
8,9,3,sparse,anticorrelated,0.8,121,147,0.8231292517006803,26,0.17687074829931973,True,True,True,True,False
9,9,3,sparse,anticorrelated,0.8,144,164,0.8780487804878049,20,0.12195121951219512,True,True,True,True,False
10,9,3,sparse,anticorrelated,0.8,133,166,0.8012048192771084,33,0.19879518072289157,True,True,True,True,False
11,9,3,sparse,anticorrelated,0.8,60,97,0.6185567010309279,37,0.38144329896907214,True,True,True,True,False
12,9,3,sparse,anticorrelated,0.8,70,155,0.45161290322580644,85,0.5483870967741935,True,True,True,True,False
13,9,3,sparse,anticorrelated,0.8,136,238,0.5714285714285714,102,0.42857142857142855,True,True,True,True,False
14,9,3,sparse,anticorrelated,0.8,190,224,0.8482142857142857,34,0.15178571428571427,True,True,True,True,False
15,9,3,sparse,anticorrelated,0.8,30,64,0.46875,34,0.53125,True,True,True,True,False
16,9,3,sparse,anticorrelated,0.8,190,205,0.926829268292683,15,0.07317073170731707,True,True,True,True,False
17,9,3,sparse,anticorrelated,0.8,168,208,0.8076923076923077,40,0.19230769230769232,True,True,True,True,False
18,9,3,sparse,anticorrelated,0.8,140,260,0.5384615384615384,120,0.46153846153846156,True,True,True,True,False
19,9,3,sparse,anticorrelated,0.8,78,121,0.6446280991735537,43,0.35537190082644626,True,True,True,True,False
20,9,3,sparse,anticorrelated,0.8,102,134,0.7611940298507462,32,0.23880597014925373,True,True,True,True,False
21,9,3,sparse,anticorrelated,0.8,56,86,0.6511627906976745,30,0.3488372093023256,True,True,True,True,False
22,9,3,sparse,anticorrelated,0.8,33,65,0.5076923076923077,32,0.49230769230769234,True,True,True,True,False
23,9,3,sparse,anticorrelated,0.8,75,80,0.9375,5,0.0625,True,True,True,True,False
24,9,3,sparse,anticorrelated,0.8,34,52,0.6538461538461539,18,0.34615384615384615,True,True,True,True,False
25,9,3,sparse,anticorrelated,0.8,228,254,0.8976377952755905,26,0.10236220472440945,True,True,True,True,False
26,9,3,sparse,anticorrelated,0.8,102,113,0.9026548672566371,11,0.09734513274336283,True,True,True,True,False
27,9,3,sparse,anticorrelated,0.8,144,258,0.5581395348837209,114,0.4418604651162791,True,True,True,True,False
28,9,3,sparse,anticorrelated,0.8,140,245,0.5714285714285714,105,0.42857142857142855,True,True,True,True,False
29,9,3,sparse,anticorrelated,0.8,54,132,0.4090909090909091,78,0.5909090909090909,True,True,True,True,False
30,9,3,sparse,anticorrelated,0.8,78,140,0.5571428571428572,62,0.44285714285714284,True,True,True,True,False
1,10,1,dense,random,0.3,475,475,1.0,0,0.0,True,True,True,True,True
2,10,1,dense,random,0.3,532,532,1.0,0,0.0,True,True,True,True,True
3,10,1,dense,random,0.3,276,276,1.0,0,0.0,True,True,True,True,True
4,10,1,dense,random,0.3,354,354,1.0,0,0.0,True,True,True,True,True
5,10,1,dense,random,0.3,468,468,1.0,0,0.0,True,True,True,True,True
6,10,1,dense,random,0.3,276,276,1.0,0,0.0,True,True,True,True,True
7,10,1,dense,random,0.3,330,330,1.0,0,0.0,True,True,True,True,True
8,10,1,dense,random,0.3,385,385,1.0,0,0.0,True,True,True,True,True
9,10,1,dense,random,0.3,588,588,1.0,0,0.0,True,True,True,True,True
10,10,1,dense,random,0.3,378,378,1.0,0,0.0,True,True,True,True,True
11,10,1,dense,random,0.3,396,396,1.0,0,0.0,True,True,True,True,True
12,10,1,dense,random,0.3,644,644,1.0,0,0.0,True,True,True,True,True
13,10,1,dense,random,0.3,455,455,1.0,0,0.0,True,True,True,True,True
14,10,1,dense,random,0.3,444,444,1.0,0,0.0,True,True,True,True,True
15,10,1,dense,random,0.3,282,282,1.0,0,0.0,True,True,True,True,True
16,10,1,dense,random,0.3,485,485,1.0,0,0.0,True,True,True,True,True
17,10,1,dense,random,0.3,376,376,1.0,0,0.0,True,True,True,True,True
18,10,1,dense,random,0.3,450,450,1.0,0,0.0,True,True,True,True,True
19,10,1,dense,random,0.3,400,400,1.0,0,0.0,True,True,True,True,True
20,10,1,dense,random,0.3,400,400,1.0,0,0.0,True,True,True,True,True
21,10,1,dense,random,0.3,420,420,1.0,0,0.0,True,True,True,True,True
22,10,1,dense,random,0.3,576,576,1.0,0,0.0,True,True,True,True,True
23,10,1,dense,random,0.3,492,492,1.0,0,0.0,True,True,True,True,True
24,10,1,dense,random,0.3,336,336,1.0,0,0.0,True,True,True,True,True
25,10,1,dense,random,0.3,480,480,1.0,0,0.0,True,True,True,True,True
26,10,1,dense,random,0.3,450,450,1.0,0,0.0,True,True,True,True,True
27,10,1,dense,random,0.3,348,348,1.0,0,0.0,True,True,True,True,True
28,10,1,dense,random,0.3,336,336,1.0,0,0.0,True,True,True,True,True
29,10,1,dense,random,0.3,651,651,1.0,0,0.0,True,True,True,True,True
30,10,1,dense,random,0.3,288,288,1.0,0,0.0,True,True,True,True,True
1,10,1,dense,random,0.8,1235,1235,1.0,0,0.0,True,True,True,True,True
2,10,1,dense,random,0.8,1444,1444,1.0,0,0.0,True,True,True,True,True
3,10,1,dense,random,0.8,828,828,1.0,0,0.0,True,True,True,True,True
4,10,1,dense,random,0.8,1003,1003,1.0,0,0.0,True,True,True,True,True
5,10,1,dense,random,0.8,1326,1326,1.0,0,0.0,True,True,True,True,True
6,10,1,dense,random,0.8,736,736,1.0,0,0.0,True,True,True,True,True
7,10,1,dense,random,0.8,880,880,1.0,0,0.0,True,True,True,True,True
8,10,1,dense,random,0.8,1001,1001,1.0,0,0.0,True,True,True,True,True
9,10,1,dense,random,0.8,1666,1666,1.0,0,0.0,True,True,True,True,True
10,10,1,dense,random,0.8,1008,1008,1.0,0,0.0,True,True,True,True,True
11,10,1,dense,random,0.8,1089,1089,1.0,0,0.0,True,True,True,True,True
12,10,1,dense,random,0.8,1748,1748,1.0,0,0.0,True,True,True,True,True
13,10,1,dense,random,0.8,1183,1183,1.0,0,0.0,True,True,True,True,True
14,10,1,dense,random,0.8,1184,1184,1.0,0,0.0,True,True,True,True,True
15,10,1,dense,random,0.8,846,846,1.0,0,0.0,True,True,True,True,True
16,10,1,dense,random,0.8,1261,1261,1.0,0,0.0,True,True,True,True,True
17,10,1,dense,random,0.8,1128,1128,1.0,0,0.0,True,True,True,True,True
18,10,1,dense,random,0.8,1200,1200,1.0,0,0.0,True,True,True,True,True
19,10,1,dense,random,0.8,1040,1040,1.0,0,0.0,True,True,True,True,True
20,10,1,dense,random,0.8,1200,1200,1.0,0,0.0,True,True,True,True,True
21,10,1,dense,random,0.8,1176,1176,1.0,0,0.0,True,True,True,True,True
22,10,1,dense,random,0.8,1536,1536,1.0,0,0.0,True,True,True,True,True
23,10,1,dense,random,0.8,1312,1312,1.0,0,0.0,True,True,True,True,True
24,10,1,dense,random,0.8,952,952,1.0,0,0.0,True,True,True,True,True
25,10,1,dense,random,0.8,1344,1344,1.0,0,0.0,True,True,True,True,True
26,10,1,dense,random,0.8,1350,1350,1.0,0,0.0,True,True,True,True,True
27,10,1,dense,random,0.8,1044,1044,1.0,0,0.0,True,True,True,True,True
28,10,1,dense,random,0.8,896,896,1.0,0,0.0,True,True,True,True,True
29,10,1,dense,random,0.8,1860,1860,1.0,0,0.0,True,True,True,True,True
30,10,1,dense,random,0.8,864,864,1.0,0,0.0,True,True,True,True,True
1,10,1,dense,correlated,0.3,20,20,1.0,0,0.0,True,True,True,True,True
2,10,1,dense,correlated,0.3,35,35,1.0,0,0.0,True,True,True,True,True
3,10,1,dense,correlated,0.3,20,20,1.0,0,0.0,True,True,True,True,True
4,10,1,dense,correlated,0.3,30,30,1.0,0,0.0,True,True,True,True,True
5,10,1,dense,correlated,0.3,36,36,1.0,0,0.0,True,True,True,True,True
6,10,1,dense,correlated,0.3,24,24,1.0,0,0.0,True,True,True,True,True
7,10,1,dense,correlated,0.3,21,22,0.9545454545454546,1,0.045454545454545456,True,True,True,True,False
8,10,1,dense,correlated,0.3,21,21,1.0,0,0.0,True,True,True,True,True
9,10,1,dense,correlated,0.3,36,36,1.0,0,0.0,True,True,True,True,True
10,10,1,dense,correlated,0.3,15,15,1.0,0,0.0,True,True,True,True,True
11,10,1,dense,correlated,0.3,36,36,1.0,0,0.0,True,True,True,True,True
12,10,1,dense,correlated,0.3,30,30,1.0,0,0.0,True,True,True,True,True
13,10,1,dense,correlated,0.3,30,30,1.0,0,0.0,True,True,True,True,True
14,10,1,dense,correlated,0.3,12,12,1.0,0,0.0,True,True,True,True,True
15,10,1,dense,correlated,0.3,16,16,1.0,0,0.0,True,True,True,True,True
16,10,1,dense,correlated,0.3,24,24,1.0,0,0.0,True,True,True,True,True
17,10,1,dense,correlated,0.3,16,16,1.0,0,0.0,True,True,True,True,True
18,10,1,dense,correlated,0.3,25,25,1.0,0,0.0,True,True,True,True,True
19,10,1,dense,correlated,0.3,25,25,1.0,0,0.0,True,True,True,True,True
20,10,1,dense,correlated,0.3,30,30,1.0,0,0.0,True,True,True,True,True
21,10,1,dense,correlated,0.3,30,30,1.0,0,0.0,True,True,True,True,True
22,10,1,dense,correlated,0.3,20,20,1.0,0,0.0,True,True,True,True,True
23,10,1,dense,correlated,0.3,14,15,0.9333333333333333,1,0.06666666666666667,True,True,True,True,False
24,10,1,dense,correlated,0.3,30,30,1.0,0,0.0,True,True,True,True,True
25,10,1,dense,correlated,0.3,24,24,1.0,0,0.0,True,True,True,True,True
26,10,1,dense,correlated,0.3,25,25,1.0,0,0.0,True,True,True,True,True
27,10,1,dense,correlated,0.3,36,36,1.0,0,0.0,True,True,True,True,True
28,10,1,dense,correlated,0.3,21,21,1.0,0,0.0,True,True,True,True,True
29,10,1,dense,correlated,0.3,21,21,1.0,0,0.0,True,True,True,True,True
30,10,1,dense,correlated,0.3,16,17,0.9411764705882353,1,0.058823529411764705,True,True,True,True,False
1,10,1,dense,correlated,0.8,52,52,1.0,0,0.0,True,True,True,True,True
2,10,1,dense,correlated,0.8,100,100,1.0,0,0.0,True,True,True,True,True
3,10,1,dense,correlated,0.8,52,52,1.0,0,0.0,True,True,True,True,True
4,10,1,dense,correlated,0.8,84,84,1.0,0,0.0,True,True,True,True,True
5,10,1,dense,correlated,0.8,108,108,1.0,0,0.0,True,True,True,True,True
6,10,1,dense,correlated,0.8,72,72,1.0,0,0.0,True,True,True,True,True
7,10,1,dense,correlated,0.8,70,70,1.0,0,0.0,True,True,True,True,True
8,10,1,dense,correlated,0.8,56,57,0.9824561403508771,1,0.017543859649122806,True,True,True,True,False
9,10,1,dense,correlated,0.8,96,96,1.0,0,0.0,True,True,True,True,True
10,10,1,dense,correlated,0.8,45,45,1.0,0,0.0,True,True,True,True,True
11,10,1,dense,correlated,0.8,102,102,1.0,0,0.0,True,True,True,True,True
12,10,1,dense,correlated,0.8,84,84,1.0,0,0.0,True,True,True,True,True
13,10,1,dense,correlated,0.8,90,90,1.0,0,0.0,True,True,True,True,True
14,10,1,dense,correlated,0.8,36,36,1.0,0,0.0,True,True,True,True,True
15,10,1,dense,correlated,0.8,48,48,1.0,0,0.0,True,True,True,True,True
16,10,1,dense,correlated,0.8,72,72,1.0,0,0.0,True,True,True,True,True
17,10,1,dense,correlated,0.8,40,42,0.9523809523809523,2,0.047619047619047616,True,True,True,True,False
18,10,1,dense,correlated,0.8,75,75,1.0,0,0.0,True,True,True,True,True
19,10,1,dense,correlated,0.8,75,75,1.0,0,0.0,True,True,True,True,True
20,10,1,dense,correlated,0.8,84,84,1.0,0,0.0,True,True,True,True,True
21,10,1,dense,correlated,0.8,90,90,1.0,0,0.0,True,True,True,True,True
22,10,1,dense,correlated,0.8,56,56,1.0,0,0.0,True,True,True,True,True
23,10,1,dense,correlated,0.8,49,49,1.0,0,0.0,True,True,True,True,True
24,10,1,dense,correlated,0.8,78,78,1.0,0,0.0,True,True,True,True,True
25,10,1,dense,correlated,0.8,72,72,1.0,0,0.0,True,True,True,True,True
26,10,1,dense,correlated,0.8,65,65,1.0,0,0.0,True,True,True,True,True
27,10,1,dense,correlated,0.8,102,102,1.0,0,0.0,True,True,True,True,True
28,10,1,dense,correlated,0.8,63,63,1.0,0,0.0,True,True,True,True,True
29,10,1,dense,correlated,0.8,56,56,1.0,0,0.0,True,True,True,True,True
30,10,1,dense,correlated,0.8,48,49,0.9795918367346939,1,0.02040816326530612,True,True,True,True,False
1,10,1,dense,anticorrelated,0.3,75,75,1.0,0,0.0,True,True,True,True,True
2,10,1,dense,anticorrelated,0.3,112,112,1.0,0,0.0,True,True,True,True,True
3,10,1,dense,anticorrelated,0.3,75,75,1.0,0,0.0,True,True,True,True,True
4,10,1,dense,anticorrelated,0.3,85,85,1.0,0,0.0,True,True,True,True,True
5,10,1,dense,anticorrelated,0.3,102,102,1.0,0,0.0,True,True,True,True,True
6,10,1,dense,anticorrelated,0.3,68,68,1.0,0,0.0,True,True,True,True,True
7,10,1,dense,anticorrelated,0.3,84,84,1.0,0,0.0,True,True,True,True,True
8,10,1,dense,anticorrelated,0.3,66,66,1.0,0,0.0,True,True,True,True,True
9,10,1,dense,anticorrelated,0.3,102,102,1.0,0,0.0,True,True,True,True,True
10,10,1,dense,anticorrelated,0.3,70,70,1.0,0,0.0,True,True,True,True,True
11,10,1,dense,anticorrelated,0.3,102,102,1.0,0,0.0,True,True,True,True,True
12,10,1,dense,anticorrelated,0.3,85,85,1.0,0,0.0,True,True,True,True,True
13,10,1,dense,anticorrelated,0.3,85,85,1.0,0,0.0,True,True,True,True,True
14,10,1,dense,anticorrelated,0.3,60,60,1.0,0,0.0,True,True,True,True,True
15,10,1,dense,anticorrelated,0.3,60,60,1.0,0,0.0,True,True,True,True,True
16,10,1,dense,anticorrelated,0.3,64,64,1.0,0,0.0,True,True,True,True,True
17,10,1,dense,anticorrelated,0.3,54,54,1.0,0,0.0,True,True,True,True,True
18,10,1,dense,anticorrelated,0.3,80,80,1.0,0,0.0,True,True,True,True,True
19,10,1,dense,anticorrelated,0.3,80,80,1.0,0,0.0,True,True,True,True,True
20,10,1,dense,anticorrelated,0.3,85,85,1.0,0,0.0,True,True,True,True,True
21,10,1,dense,anticorrelated,0.3,85,85,1.0,0,0.0,True,True,True,True,True
22,10,1,dense,anticorrelated,0.3,75,75,1.0,0,0.0,True,True,True,True,True
23,10,1,dense,anticorrelated,0.3,60,60,1.0,0,0.0,True,True,True,True,True
24,10,1,dense,anticorrelated,0.3,85,85,1.0,0,0.0,True,True,True,True,True
25,10,1,dense,anticorrelated,0.3,68,68,1.0,0,0.0,True,True,True,True,True
26,10,1,dense,anticorrelated,0.3,80,80,1.0,0,0.0,True,True,True,True,True
27,10,1,dense,anticorrelated,0.3,102,102,1.0,0,0.0,True,True,True,True,True
28,10,1,dense,anticorrelated,0.3,66,66,1.0,0,0.0,True,True,True,True,True
29,10,1,dense,anticorrelated,0.3,84,84,1.0,0,0.0,True,True,True,True,True
30,10,1,dense,anticorrelated,0.3,77,77,1.0,0,0.0,True,True,True,True,True
1,10,1,dense,anticorrelated,0.8,195,195,1.0,0,0.0,True,True,True,True,True
2,10,1,dense,anticorrelated,0.8,320,320,1.0,0,0.0,True,True,True,True,True
3,10,1,dense,anticorrelated,0.8,195,195,1.0,0,0.0,True,True,True,True,True
4,10,1,dense,anticorrelated,0.8,238,238,1.0,0,0.0,True,True,True,True,True
5,10,1,dense,anticorrelated,0.8,306,306,1.0,0,0.0,True,True,True,True,True
6,10,1,dense,anticorrelated,0.8,204,204,1.0,0,0.0,True,True,True,True,True
7,10,1,dense,anticorrelated,0.8,240,240,1.0,0,0.0,True,True,True,True,True
8,10,1,dense,anticorrelated,0.8,187,187,1.0,0,0.0,True,True,True,True,True
9,10,1,dense,anticorrelated,0.8,272,272,1.0,0,0.0,True,True,True,True,True
10,10,1,dense,anticorrelated,0.8,210,210,1.0,0,0.0,True,True,True,True,True
11,10,1,dense,anticorrelated,0.8,289,289,1.0,0,0.0,True,True,True,True,True
12,10,1,dense,anticorrelated,0.8,238,238,1.0,0,0.0,True,True,True,True,True
13,10,1,dense,anticorrelated,0.8,255,255,1.0,0,0.0,True,True,True,True,True
14,10,1,dense,anticorrelated,0.8,180,180,1.0,0,0.0,True,True,True,True,True
15,10,1,dense,anticorrelated,0.8,180,180,1.0,0,0.0,True,True,True,True,True
16,10,1,dense,anticorrelated,0.8,192,192,1.0,0,0.0,True,True,True,True,True
17,10,1,dense,anticorrelated,0.8,153,153,1.0,0,0.0,True,True,True,True,True
18,10,1,dense,anticorrelated,0.8,240,240,1.0,0,0.0,True,True,True,True,True
19,10,1,dense,anticorrelated,0.8,240,240,1.0,0,0.0,True,True,True,True,True
20,10,1,dense,anticorrelated,0.8,238,238,1.0,0,0.0,True,True,True,True,True
21,10,1,dense,anticorrelated,0.8,255,255,1.0,0,0.0,True,True,True,True,True
22,10,1,dense,anticorrelated,0.8,210,210,1.0,0,0.0,True,True,True,True,True
23,10,1,dense,anticorrelated,0.8,168,168,1.0,0,0.0,True,True,True,True,True
24,10,1,dense,anticorrelated,0.8,221,221,1.0,0,0.0,True,True,True,True,True
25,10,1,dense,anticorrelated,0.8,204,204,1.0,0,0.0,True,True,True,True,True
26,10,1,dense,anticorrelated,0.8,208,208,1.0,0,0.0,True,True,True,True,True
27,10,1,dense,anticorrelated,0.8,289,289,1.0,0,0.0,True,True,True,True,True
28,10,1,dense,anticorrelated,0.8,198,198,1.0,0,0.0,True,True,True,True,True
29,10,1,dense,anticorrelated,0.8,224,224,1.0,0,0.0,True,True,True,True,True
30,10,1,dense,anticorrelated,0.8,209,209,1.0,0,0.0,True,True,True,True,True
1,10,1,sparse,random,0.3,152,152,1.0,0,0.0,True,True,True,True,True
2,10,1,sparse,random,0.3,148,148,1.0,0,0.0,True,True,True,True,True
3,10,1,sparse,random,0.3,178,178,1.0,0,0.0,True,True,True,True,True
4,10,1,sparse,random,0.3,110,110,1.0,0,0.0,True,True,True,True,True
5,10,1,sparse,random,0.3,297,297,1.0,0,0.0,True,True,True,True,True
6,10,1,sparse,random,0.3,40,40,1.0,0,0.0,True,True,True,True,True
7,10,1,sparse,random,0.3,232,232,1.0,0,0.0,True,True,True,True,True
8,10,1,sparse,random,0.3,224,224,1.0,0,0.0,True,True,True,True,True
9,10,1,sparse,random,0.3,12,12,1.0,0,0.0,True,True,True,True,True
10,10,1,sparse,random,0.3,225,225,1.0,0,0.0,True,True,True,True,True
11,10,1,sparse,random,0.3,92,92,1.0,0,0.0,True,True,True,True,True
12,10,1,sparse,random,0.3,258,258,1.0,0,0.0,True,True,True,True,True
13,10,1,sparse,random,0.3,86,86,1.0,0,0.0,True,True,True,True,True
14,10,1,sparse,random,0.3,138,138,1.0,0,0.0,True,True,True,True,True
15,10,1,sparse,random,0.3,177,177,1.0,0,0.0,True,True,True,True,True
16,10,1,sparse,random,0.3,66,66,1.0,0,0.0,True,True,True,True,True
17,10,1,sparse,random,0.3,125,144,0.8680555555555556,19,0.13194444444444445,True,True,True,True,False
18,10,1,sparse,random,0.3,85,85,1.0,0,0.0,True,True,True,True,True
19,10,1,sparse,random,0.3,177,177,1.0,0,0.0,True,True,True,True,True
20,10,1,sparse,random,0.3,162,162,1.0,0,0.0,True,True,True,True,True
21,10,1,sparse,random,0.3,46,46,1.0,0,0.0,True,True,True,True,True
22,10,1,sparse,random,0.3,166,166,1.0,0,0.0,True,True,True,True,True
23,10,1,sparse,random,0.3,0,0,1.0,0,0.0,True,True,True,True,True
24,10,1,sparse,random,0.3,324,324,1.0,0,0.0,True,True,True,True,True
25,10,1,sparse,random,0.3,420,420,1.0,0,0.0,True,True,True,True,True
26,10,1,sparse,random,0.3,90,90,1.0,0,0.0,True,True,True,True,True
27,10,1,sparse,random,0.3,288,288,1.0,0,0.0,True,True,True,True,True
28,10,1,sparse,random,0.3,117,117,1.0,0,0.0,True,True,True,True,True
29,10,1,sparse,random,0.3,72,72,1.0,0,0.0,True,True,True,True,True
30,10,1,sparse,random,0.3,174,174,1.0,0,0.0,True,True,True,True,True
1,10,1,sparse,random,0.8,380,380,1.0,0,0.0,True,True,True,True,True
2,10,1,sparse,random,0.8,518,518,1.0,0,0.0,True,True,True,True,True
3,10,1,sparse,random,0.8,445,480,0.9270833333333334,35,0.07291666666666667,True,True,True,True,False
4,10,1,sparse,random,0.8,385,385,1.0,0,0.0,True,True,True,True,True
5,10,1,sparse,random,0.8,990,990,1.0,0,0.0,True,True,True,True,True
6,10,1,sparse,random,0.8,120,131,0.916030534351145,11,0.08396946564885496,True,True,True,True,False
7,10,1,sparse,random,0.8,696,696,1.0,0,0.0,True,True,True,True,True
8,10,1,sparse,random,0.8,616,616,1.0,0,0.0,True,True,True,True,True
9,10,1,sparse,random,0.8,36,36,1.0,0,0.0,True,True,True,True,True
10,10,1,sparse,random,0.8,600,600,1.0,0,0.0,True,True,True,True,True
11,10,1,sparse,random,0.8,368,368,1.0,0,0.0,True,True,True,True,True
12,10,1,sparse,random,0.8,688,688,1.0,0,0.0,True,True,True,True,True
13,10,1,sparse,random,0.8,215,215,1.0,0,0.0,True,True,True,True,True
14,10,1,sparse,random,0.8,368,368,1.0,0,0.0,True,True,True,True,True
15,10,1,sparse,random,0.8,472,472,1.0,0,0.0,True,True,True,True,True
16,10,1,sparse,random,0.8,132,132,1.0,0,0.0,True,True,True,True,True
17,10,1,sparse,random,0.8,378,414,0.9130434782608695,36,0.08695652173913043,True,True,True,True,False
18,10,1,sparse,random,0.8,340,340,1.0,0,0.0,True,True,True,True,True
19,10,1,sparse,random,0.8,472,472,1.0,0,0.0,True,True,True,True,True
20,10,1,sparse,random,0.8,486,486,1.0,0,0.0,True,True,True,True,True
21,10,1,sparse,random,0.8,92,92,1.0,0,0.0,True,True,True,True,True
22,10,1,sparse,random,0.8,498,498,1.0,0,0.0,True,True,True,True,True
23,10,1,sparse,random,0.8,194,194,1.0,0,0.0,True,True,True,True,True
24,10,1,sparse,random,0.8,891,891,1.0,0,0.0,True,True,True,True,True
25,10,1,sparse,random,0.8,1176,1176,1.0,0,0.0,True,True,True,True,True
26,10,1,sparse,random,0.8,360,360,1.0,0,0.0,True,True,True,True,True
27,10,1,sparse,random,0.8,960,960,1.0,0,0.0,True,True,True,True,True
28,10,1,sparse,random,0.8,312,312,1.0,0,0.0,True,True,True,True,True
29,10,1,sparse,random,0.8,288,288,1.0,0,0.0,True,True,True,True,True
30,10,1,sparse,random,0.8,464,464,1.0,0,0.0,True,True,True,True,True
1,10,1,sparse,correlated,0.3,10,10,1.0,0,0.0,True,True,True,True,True
2,10,1,sparse,correlated,0.3,4,4,1.0,0,0.0,True,True,True,True,True
3,10,1,sparse,correlated,0.3,3,4,0.75,1,0.25,True,True,True,True,False
4,10,1,sparse,correlated,0.3,7,8,0.875,1,0.125,True,True,True,True,False
5,10,1,sparse,correlated,0.3,18,18,1.0,0,0.0,True,True,True,True,True
6,10,1,sparse,correlated,0.3,6,6,1.0,0,0.0,True,True,True,True,True
7,10,1,sparse,correlated,0.3,12,12,1.0,0,0.0,True,True,True,True,True
8,10,1,sparse,correlated,0.3,8,8,1.0,0,0.0,True,True,True,True,True
9,10,1,sparse,correlated,0.3,7,7,1.0,0,0.0,True,True,True,True,True
10,10,1,sparse,correlated,0.3,1,1,1.0,0,0.0,True,True,True,True,True
11,10,1,sparse,correlated,0.3,6,6,1.0,0,0.0,True,True,True,True,True
12,10,1,sparse,correlated,0.3,12,12,1.0,0,0.0,True,True,True,True,True
13,10,1,sparse,correlated,0.3,6,7,0.8571428571428571,1,0.14285714285714285,True,True,True,True,False
14,10,1,sparse,correlated,0.3,9,9,1.0,0,0.0,True,True,True,True,True
15,10,1,sparse,correlated,0.3,2,2,1.0,0,0.0,True,True,True,True,True
16,10,1,sparse,correlated,0.3,24,24,1.0,0,0.0,True,True,True,True,True
17,10,1,sparse,correlated,0.3,7,7,1.0,0,0.0,True,True,True,True,True
18,10,1,sparse,correlated,0.3,5,5,1.0,0,0.0,True,True,True,True,True
19,10,1,sparse,correlated,0.3,14,14,1.0,0,0.0,True,True,True,True,True
20,10,1,sparse,correlated,0.3,2,2,1.0,0,0.0,True,True,True,True,True
21,10,1,sparse,correlated,0.3,8,8,1.0,0,0.0,True,True,True,True,True
22,10,1,sparse,correlated,0.3,6,6,1.0,0,0.0,True,True,True,True,True
23,10,1,sparse,correlated,0.3,18,18,1.0,0,0.0,True,True,True,True,True
24,10,1,sparse,correlated,0.3,3,3,1.0,0,0.0,True,True,True,True,True
25,10,1,sparse,correlated,0.3,8,8,1.0,0,0.0,True,True,True,True,True
26,10,1,sparse,correlated,0.3,4,4,1.0,0,0.0,True,True,True,True,True
27,10,1,sparse,correlated,0.3,15,15,1.0,0,0.0,True,True,True,True,True
28,10,1,sparse,correlated,0.3,5,5,1.0,0,0.0,True,True,True,True,True
29,10,1,sparse,correlated,0.3,18,18,1.0,0,0.0,True,True,True,True,True
30,10,1,sparse,correlated,0.3,8,8,1.0,0,0.0,True,True,True,True,True
1,10,1,sparse,correlated,0.8,25,25,1.0,0,0.0,True,True,True,True,True
2,10,1,sparse,correlated,0.8,8,10,0.8,2,0.2,True,True,True,True,False
3,10,1,sparse,correlated,0.8,12,13,0.9230769230769231,1,0.07692307692307693,True,True,True,True,False
4,10,1,sparse,correlated,0.8,28,28,1.0,0,0.0,True,True,True,True,True
5,10,1,sparse,correlated,0.8,54,54,1.0,0,0.0,True,True,True,True,True
6,10,1,sparse,correlated,0.8,18,19,0.9473684210526315,1,0.05263157894736842,True,True,True,True,False
7,10,1,sparse,correlated,0.8,36,36,1.0,0,0.0,True,True,True,True,True
8,10,1,sparse,correlated,0.8,28,28,1.0,0,0.0,True,True,True,True,True
9,10,1,sparse,correlated,0.8,14,15,0.9333333333333333,1,0.06666666666666667,True,True,True,True,False
10,10,1,sparse,correlated,0.8,1,1,1.0,0,0.0,True,True,True,True,True
11,10,1,sparse,correlated,0.8,12,13,0.9230769230769231,1,0.07692307692307693,True,True,True,True,False
12,10,1,sparse,correlated,0.8,36,36,1.0,0,0.0,True,True,True,True,True
13,10,1,sparse,correlated,0.8,25,25,1.0,0,0.0,True,True,True,True,True
14,10,1,sparse,correlated,0.8,24,24,1.0,0,0.0,True,True,True,True,True
15,10,1,sparse,correlated,0.8,2,2,1.0,0,0.0,True,True,True,True,True
16,10,1,sparse,correlated,0.8,66,66,1.0,0,0.0,True,True,True,True,True
17,10,1,sparse,correlated,0.8,21,21,1.0,0,0.0,True,True,True,True,True
18,10,1,sparse,correlated,0.8,15,16,0.9375,1,0.0625,True,True,True,True,False
19,10,1,sparse,correlated,0.8,35,36,0.9722222222222222,1,0.027777777777777776,True,True,True,True,False
20,10,1,sparse,correlated,0.8,8,8,1.0,0,0.0,True,True,True,True,True
21,10,1,sparse,correlated,0.8,32,32,1.0,0,0.0,True,True,True,True,True
22,10,1,sparse,correlated,0.8,24,24,1.0,0,0.0,True,True,True,True,True
23,10,1,sparse,correlated,0.8,60,60,1.0,0,0.0,True,True,True,True,True
24,10,1,sparse,correlated,0.8,12,12,1.0,0,0.0,True,True,True,True,True
25,10,1,sparse,correlated,0.8,16,20,0.8,4,0.2,True,True,True,True,False
26,10,1,sparse,correlated,0.8,16,16,1.0,0,0.0,True,True,True,True,True
27,10,1,sparse,correlated,0.8,40,40,1.0,0,0.0,True,True,True,True,True
28,10,1,sparse,correlated,0.8,15,15,1.0,0,0.0,True,True,True,True,True
29,10,1,sparse,correlated,0.8,54,54,1.0,0,0.0,True,True,True,True,True
30,10,1,sparse,correlated,0.8,24,25,0.96,1,0.04,True,True,True,True,False
1,10,1,sparse,anticorrelated,0.3,32,32,1.0,0,0.0,True,True,True,True,True
2,10,1,sparse,anticorrelated,0.3,33,33,1.0,0,0.0,True,True,True,True,True
3,10,1,sparse,anticorrelated,0.3,20,20,1.0,0,0.0,True,True,True,True,True
4,10,1,sparse,anticorrelated,0.3,27,27,1.0,0,0.0,True,True,True,True,True
5,10,1,sparse,anticorrelated,0.3,51,51,1.0,0,0.0,True,True,True,True,True
6,10,1,sparse,anticorrelated,0.3,22,22,1.0,0,0.0,True,True,True,True,True
7,10,1,sparse,anticorrelated,0.3,45,45,1.0,0,0.0,True,True,True,True,True
8,10,1,sparse,anticorrelated,0.3,30,30,1.0,0,0.0,True,True,True,True,True
9,10,1,sparse,anticorrelated,0.3,22,22,1.0,0,0.0,True,True,True,True,True
10,10,1,sparse,anticorrelated,0.3,6,6,1.0,0,0.0,True,True,True,True,True
11,10,1,sparse,anticorrelated,0.3,13,13,1.0,0,0.0,True,True,True,True,True
12,10,1,sparse,anticorrelated,0.3,45,45,1.0,0,0.0,True,True,True,True,True
13,10,1,sparse,anticorrelated,0.3,39,39,1.0,0,0.0,True,True,True,True,True
14,10,1,sparse,anticorrelated,0.3,39,39,1.0,0,0.0,True,True,True,True,True
15,10,1,sparse,anticorrelated,0.3,11,11,1.0,0,0.0,True,True,True,True,True
16,10,1,sparse,anticorrelated,0.3,68,68,1.0,0,0.0,True,True,True,True,True
17,10,1,sparse,anticorrelated,0.3,16,16,1.0,0,0.0,True,True,True,True,True
18,10,1,sparse,anticorrelated,0.3,30,30,1.0,0,0.0,True,True,True,True,True
19,10,1,sparse,anticorrelated,0.3,40,40,1.0,0,0.0,True,True,True,True,True
20,10,1,sparse,anticorrelated,0.3,13,13,1.0,0,0.0,True,True,True,True,True
21,10,1,sparse,anticorrelated,0.3,20,20,1.0,0,0.0,True,True,True,True,True
22,10,1,sparse,anticorrelated,0.3,17,17,1.0,0,0.0,True,True,True,True,True
23,10,1,sparse,anticorrelated,0.3,51,51,1.0,0,0.0,True,True,True,True,True
24,10,1,sparse,anticorrelated,0.3,12,12,1.0,0,0.0,True,True,True,True,True
25,10,1,sparse,anticorrelated,0.3,15,15,1.0,0,0.0,True,True,True,True,True
26,10,1,sparse,anticorrelated,0.3,15,15,1.0,0,0.0,True,True,True,True,True
27,10,1,sparse,anticorrelated,0.3,48,48,1.0,0,0.0,True,True,True,True,True
28,10,1,sparse,anticorrelated,0.3,15,15,1.0,0,0.0,True,True,True,True,True
29,10,1,sparse,anticorrelated,0.3,51,51,1.0,0,0.0,True,True,True,True,True
30,10,1,sparse,anticorrelated,0.3,36,36,1.0,0,0.0,True,True,True,True,True
1,10,1,sparse,anticorrelated,0.8,80,80,1.0,0,0.0,True,True,True,True,True
2,10,1,sparse,anticorrelated,0.8,88,88,1.0,0,0.0,True,True,True,True,True
3,10,1,sparse,anticorrelated,0.8,70,70,1.0,0,0.0,True,True,True,True,True
4,10,1,sparse,anticorrelated,0.8,72,72,1.0,0,0.0,True,True,True,True,True
5,10,1,sparse,anticorrelated,0.8,153,153,1.0,0,0.0,True,True,True,True,True
6,10,1,sparse,anticorrelated,0.8,77,77,1.0,0,0.0,True,True,True,True,True
7,10,1,sparse,anticorrelated,0.8,135,135,1.0,0,0.0,True,True,True,True,True
8,10,1,sparse,anticorrelated,0.8,105,105,1.0,0,0.0,True,True,True,True,True
9,10,1,sparse,anticorrelated,0.8,55,55,1.0,0,0.0,True,True,True,True,True
10,10,1,sparse,anticorrelated,0.8,6,6,1.0,0,0.0,True,True,True,True,True
11,10,1,sparse,anticorrelated,0.8,36,36,1.0,0,0.0,True,True,True,True,True
12,10,1,sparse,anticorrelated,0.8,135,135,1.0,0,0.0,True,True,True,True,True
13,10,1,sparse,anticorrelated,0.8,130,130,1.0,0,0.0,True,True,True,True,True
14,10,1,sparse,anticorrelated,0.8,104,104,1.0,0,0.0,True,True,True,True,True
15,10,1,sparse,anticorrelated,0.8,11,11,1.0,0,0.0,True,True,True,True,True
16,10,1,sparse,anticorrelated,0.8,187,187,1.0,0,0.0,True,True,True,True,True
17,10,1,sparse,anticorrelated,0.8,48,48,1.0,0,0.0,True,True,True,True,True
18,10,1,sparse,anticorrelated,0.8,100,100,1.0,0,0.0,True,True,True,True,True
19,10,1,sparse,anticorrelated,0.8,110,110,1.0,0,0.0,True,True,True,True,True
20,10,1,sparse,anticorrelated,0.8,52,52,1.0,0,0.0,True,True,True,True,True
21,10,1,sparse,anticorrelated,0.8,60,60,1.0,0,0.0,True,True,True,True,True
22,10,1,sparse,anticorrelated,0.8,68,68,1.0,0,0.0,True,True,True,True,True
23,10,1,sparse,anticorrelated,0.8,170,170,1.0,0,0.0,True,True,True,True,True
24,10,1,sparse,anticorrelated,0.8,48,48,1.0,0,0.0,True,True,True,True,True
25,10,1,sparse,anticorrelated,0.8,52,52,1.0,0,0.0,True,True,True,True,True
26,10,1,sparse,anticorrelated,0.8,60,60,1.0,0,0.0,True,True,True,True,True
27,10,1,sparse,anticorrelated,0.8,128,128,1.0,0,0.0,True,True,True,True,True
28,10,1,sparse,anticorrelated,0.8,45,45,1.0,0,0.0,True,True,True,True,True
29,10,1,sparse,anticorrelated,0.8,153,153,1.0,0,0.0,True,True,True,True,True
30,10,1,sparse,anticorrelated,0.8,120,120,1.0,0,0.0,True,True,True,True,True
1,10,2,dense,random,0.3,460,460,1.0,0,0.0,True,True,True,True,True
2,10,2,dense,random,0.3,276,276,1.0,0,0.0,True,True,True,True,True
3,10,2,dense,random,0.3,180,262,0.6870229007633588,82,0.31297709923664124,True,True,True,True,False
4,10,2,dense,random,0.3,276,352,0.7840909090909091,76,0.2159090909090909,True,True,True,True,False
5,10,2,dense,random,0.3,243,266,0.9135338345864662,23,0.08646616541353383,True,True,True,True,False
6,10,2,dense,random,0.3,279,279,1.0,0,0.0,True,True,True,True,True
7,10,2,dense,random,0.3,470,470,1.0,0,0.0,True,True,True,True,True
8,10,2,dense,random,0.3,288,288,1.0,0,0.0,True,True,True,True,True
9,10,2,dense,random,0.3,296,296,1.0,0,0.0,True,True,True,True,True
10,10,2,dense,random,0.3,160,160,1.0,0,0.0,True,True,True,True,True
11,10,2,dense,random,0.3,288,288,1.0,0,0.0,True,True,True,True,True
12,10,2,dense,random,0.3,174,174,1.0,0,0.0,True,True,True,True,True
13,10,2,dense,random,0.3,291,291,1.0,0,0.0,True,True,True,True,True
14,10,2,dense,random,0.3,195,266,0.7330827067669173,71,0.2669172932330827,True,True,True,True,False
15,10,2,dense,random,0.3,275,302,0.9105960264900662,27,0.08940397350993377,True,True,True,True,False
16,10,2,dense,random,0.3,112,144,0.7777777777777778,32,0.2222222222222222,True,True,True,True,False
17,10,2,dense,random,0.3,270,270,1.0,0,0.0,True,True,True,True,True
18,10,2,dense,random,0.3,154,154,1.0,0,0.0,True,True,True,True,True
19,10,2,dense,random,0.3,285,285,1.0,0,0.0,True,True,True,True,True
20,10,2,dense,random,0.3,237,237,1.0,0,0.0,True,True,True,True,True
21,10,2,dense,random,0.3,261,261,1.0,0,0.0,True,True,True,True,True
22,10,2,dense,random,0.3,198,210,0.9428571428571428,12,0.05714285714285714,True,True,True,True,False
23,10,2,dense,random,0.3,194,260,0.7461538461538462,66,0.25384615384615383,True,True,True,True,False
24,10,2,dense,random,0.3,215,236,0.9110169491525424,21,0.08898305084745763,True,True,True,True,False
25,10,2,dense,random,0.3,189,218,0.8669724770642202,29,0.13302752293577982,True,True,True,True,False
26,10,2,dense,random,0.3,294,294,1.0,0,0.0,True,True,True,True,True
27,10,2,dense,random,0.3,240,266,0.9022556390977443,26,0.09774436090225563,True,True,True,True,False
28,10,2,dense,random,0.3,534,534,1.0,0,0.0,True,True,True,True,True
29,10,2,dense,random,0.3,336,336,1.0,0,0.0,True,True,True,True,True
30,10,2,dense,random,0.3,462,462,1.0,0,0.0,True,True,True,True,True
1,10,2,dense,random,0.8,1196,1196,1.0,0,0.0,True,True,True,True,True
2,10,2,dense,random,0.8,828,828,1.0,0,0.0,True,True,True,True,True
3,10,2,dense,random,0.8,528,700,0.7542857142857143,172,0.24571428571428572,True,True,True,True,False
4,10,2,dense,random,0.8,736,921,0.7991313789359392,185,0.2008686210640608,True,True,True,True,False
5,10,2,dense,random,0.8,648,831,0.779783393501805,183,0.22021660649819494,True,True,True,True,False
6,10,2,dense,random,0.8,744,767,0.970013037809648,23,0.02998696219035202,True,True,True,True,False
7,10,2,dense,random,0.8,1410,1410,1.0,0,0.0,True,True,True,True,True
8,10,2,dense,random,0.8,816,816,1.0,0,0.0,True,True,True,True,True
9,10,2,dense,random,0.8,888,888,1.0,0,0.0,True,True,True,True,True
10,10,2,dense,random,0.8,448,448,1.0,0,0.0,True,True,True,True,True
11,10,2,dense,random,0.8,792,814,0.972972972972973,22,0.02702702702702703,True,True,True,True,False
12,10,2,dense,random,0.8,435,473,0.919661733615222,38,0.080338266384778,True,True,True,True,False
13,10,2,dense,random,0.8,776,776,1.0,0,0.0,True,True,True,True,True
14,10,2,dense,random,0.8,546,707,0.7722772277227723,161,0.22772277227722773,True,True,True,True,False
15,10,2,dense,random,0.8,738,850,0.8682352941176471,112,0.13176470588235295,True,True,True,True,False
16,10,2,dense,random,0.8,440,464,0.9482758620689655,24,0.05172413793103448,True,True,True,True,False
17,10,2,dense,random,0.8,720,720,1.0,0,0.0,True,True,True,True,True
18,10,2,dense,random,0.8,462,474,0.9746835443037974,12,0.02531645569620253,True,True,True,True,False
19,10,2,dense,random,0.8,760,846,0.8983451536643026,86,0.1016548463356974,True,True,True,True,False
20,10,2,dense,random,0.8,711,748,0.9505347593582888,37,0.04946524064171123,True,True,True,True,False
21,10,2,dense,random,0.8,783,783,1.0,0,0.0,True,True,True,True,True
22,10,2,dense,random,0.8,500,653,0.7656967840735069,153,0.2343032159264931,True,True,True,True,False
23,10,2,dense,random,0.8,582,763,0.762778505897772,181,0.23722149410222804,True,True,True,True,False
24,10,2,dense,random,0.8,637,659,0.9666160849772383,22,0.03338391502276176,True,True,True,True,False
25,10,2,dense,random,0.8,567,596,0.9513422818791947,29,0.04865771812080537,True,True,True,True,False
26,10,2,dense,random,0.8,784,784,1.0,0,0.0,True,True,True,True,True
27,10,2,dense,random,0.8,720,798,0.9022556390977443,78,0.09774436090225563,True,True,True,True,False
28,10,2,dense,random,0.8,1424,1424,1.0,0,0.0,True,True,True,True,True
29,10,2,dense,random,0.8,896,896,1.0,0,0.0,True,True,True,True,True
30,10,2,dense,random,0.8,1232,1232,1.0,0,0.0,True,True,True,True,True
1,10,2,dense,correlated,0.3,35,35,1.0,0,0.0,True,True,True,True,True
2,10,2,dense,correlated,0.3,14,20,0.7,6,0.3,True,True,True,True,False
3,10,2,dense,correlated,0.3,35,35,1.0,0,0.0,True,True,True,True,True
4,10,2,dense,correlated,0.3,24,24,1.0,0,0.0,True,True,True,True,True
5,10,2,dense,correlated,0.3,21,26,0.8076923076923077,5,0.19230769230769232,True,True,True,True,False
6,10,2,dense,correlated,0.3,21,25,0.84,4,0.16,True,True,True,True,False
7,10,2,dense,correlated,0.3,16,17,0.9411764705882353,1,0.058823529411764705,True,True,True,True,False
8,10,2,dense,correlated,0.3,21,25,0.84,4,0.16,True,True,True,True,False
9,10,2,dense,correlated,0.3,20,20,1.0,0,0.0,True,True,True,True,True
10,10,2,dense,correlated,0.3,18,19,0.9473684210526315,1,0.05263157894736842,True,True,True,True,False
11,10,2,dense,correlated,0.3,28,28,1.0,0,0.0,True,True,True,True,True
12,10,2,dense,correlated,0.3,30,31,0.967741935483871,1,0.03225806451612903,True,True,True,True,False
13,10,2,dense,correlated,0.3,18,20,0.9,2,0.1,True,True,True,True,False
14,10,2,dense,correlated,0.3,12,16,0.75,4,0.25,True,True,True,True,False
15,10,2,dense,correlated,0.3,25,26,0.9615384615384616,1,0.038461538461538464,True,True,True,True,False
16,10,2,dense,correlated,0.3,18,18,1.0,0,0.0,True,True,True,True,True
17,10,2,dense,correlated,0.3,28,29,0.9655172413793104,1,0.034482758620689655,True,True,True,True,False
18,10,2,dense,correlated,0.3,35,36,0.9722222222222222,1,0.027777777777777776,True,True,True,True,False
19,10,2,dense,correlated,0.3,22,25,0.88,3,0.12,True,True,True,True,False
20,10,2,dense,correlated,0.3,42,42,1.0,0,0.0,True,True,True,True,True
21,10,2,dense,correlated,0.3,18,18,1.0,0,0.0,True,True,True,True,True
22,10,2,dense,correlated,0.3,20,20,1.0,0,0.0,True,True,True,True,True
23,10,2,dense,correlated,0.3,12,14,0.8571428571428571,2,0.14285714285714285,True,True,True,True,False
24,10,2,dense,correlated,0.3,42,42,1.0,0,0.0,True,True,True,True,True
25,10,2,dense,correlated,0.3,10,15,0.6666666666666666,5,0.3333333333333333,True,True,True,True,False
26,10,2,dense,correlated,0.3,24,24,1.0,0,0.0,True,True,True,True,True
27,10,2,dense,correlated,0.3,21,24,0.875,3,0.125,True,True,True,True,False
28,10,2,dense,correlated,0.3,16,22,0.7272727272727273,6,0.2727272727272727,True,True,True,True,False
29,10,2,dense,correlated,0.3,14,15,0.9333333333333333,1,0.06666666666666667,True,True,True,True,False
30,10,2,dense,correlated,0.3,30,30,1.0,0,0.0,True,True,True,True,True
1,10,2,dense,correlated,0.8,91,92,0.9891304347826086,1,0.010869565217391304,True,True,True,True,False
2,10,2,dense,correlated,0.8,42,58,0.7241379310344828,16,0.27586206896551724,True,True,True,True,False
3,10,2,dense,correlated,0.8,98,98,1.0,0,0.0,True,True,True,True,True
4,10,2,dense,correlated,0.8,64,64,1.0,0,0.0,True,True,True,True,True
5,10,2,dense,correlated,0.8,63,74,0.8513513513513513,11,0.14864864864864866,True,True,True,True,False
6,10,2,dense,correlated,0.8,56,73,0.7671232876712328,17,0.2328767123287671,True,True,True,True,False
7,10,2,dense,correlated,0.8,45,54,0.8333333333333334,9,0.16666666666666666,True,True,True,True,False
8,10,2,dense,correlated,0.8,56,66,0.8484848484848485,10,0.15151515151515152,True,True,True,True,False
9,10,2,dense,correlated,0.8,60,60,1.0,0,0.0,True,True,True,True,True
10,10,2,dense,correlated,0.8,54,60,0.9,6,0.1,True,True,True,True,False
11,10,2,dense,correlated,0.8,84,84,1.0,0,0.0,True,True,True,True,True
12,10,2,dense,correlated,0.8,78,81,0.9629629629629629,3,0.037037037037037035,True,True,True,True,False
13,10,2,dense,correlated,0.8,54,63,0.8571428571428571,9,0.14285714285714285,True,True,True,True,False
14,10,2,dense,correlated,0.8,50,50,1.0,0,0.0,True,True,True,True,True
15,10,2,dense,correlated,0.8,70,72,0.9722222222222222,2,0.027777777777777776,True,True,True,True,False
16,10,2,dense,correlated,0.8,45,47,0.9574468085106383,2,0.0425531914893617,True,True,True,True,False
17,10,2,dense,correlated,0.8,84,85,0.9882352941176471,1,0.011764705882352941,True,True,True,True,False
18,10,2,dense,correlated,0.8,91,96,0.9479166666666666,5,0.052083333333333336,True,True,True,True,False
19,10,2,dense,correlated,0.8,63,76,0.8289473684210527,13,0.17105263157894737,True,True,True,True,False
20,10,2,dense,correlated,0.8,112,112,1.0,0,0.0,True,True,True,True,True
21,10,2,dense,correlated,0.8,45,55,0.8181818181818182,10,0.18181818181818182,True,True,True,True,False
22,10,2,dense,correlated,0.8,60,70,0.8571428571428571,10,0.14285714285714285,True,True,True,True,False
23,10,2,dense,correlated,0.8,36,40,0.9,4,0.1,True,True,True,True,False
24,10,2,dense,correlated,0.8,112,112,1.0,0,0.0,True,True,True,True,True
25,10,2,dense,correlated,0.8,30,41,0.7317073170731707,11,0.2682926829268293,True,True,True,True,False
26,10,2,dense,correlated,0.8,72,74,0.972972972972973,2,0.02702702702702703,True,True,True,True,False
27,10,2,dense,correlated,0.8,56,70,0.8,14,0.2,True,True,True,True,False
28,10,2,dense,correlated,0.8,49,68,0.7205882352941176,19,0.27941176470588236,True,True,True,True,False
29,10,2,dense,correlated,0.8,49,50,0.98,1,0.02,True,True,True,True,False
30,10,2,dense,correlated,0.8,80,80,1.0,0,0.0,True,True,True,True,True
1,10,2,dense,anticorrelated,0.3,95,95,1.0,0,0.0,True,True,True,True,True
2,10,2,dense,anticorrelated,0.3,45,49,0.9183673469387755,4,0.08163265306122448,True,True,True,True,False
3,10,2,dense,anticorrelated,0.3,90,90,1.0,0,0.0,True,True,True,True,True
4,10,2,dense,anticorrelated,0.3,54,62,0.8709677419354839,8,0.12903225806451613,True,True,True,True,False
5,10,2,dense,anticorrelated,0.3,51,52,0.9807692307692307,1,0.019230769230769232,True,True,True,True,False
6,10,2,dense,anticorrelated,0.3,48,50,0.96,2,0.04,True,True,True,True,False
7,10,2,dense,anticorrelated,0.3,64,64,1.0,0,0.0,True,True,True,True,True
8,10,2,dense,anticorrelated,0.3,72,72,1.0,0,0.0,True,True,True,True,True
9,10,2,dense,anticorrelated,0.3,60,62,0.967741935483871,2,0.03225806451612903,True,True,True,True,False
10,10,2,dense,anticorrelated,0.3,60,60,1.0,0,0.0,True,True,True,True,True
11,10,2,dense,anticorrelated,0.3,72,72,1.0,0,0.0,True,True,True,True,True
12,10,2,dense,anticorrelated,0.3,90,90,1.0,0,0.0,True,True,True,True,True
13,10,2,dense,anticorrelated,0.3,50,51,0.9803921568627451,1,0.0196078431372549,True,True,True,True,False
14,10,2,dense,anticorrelated,0.3,32,43,0.7441860465116279,11,0.2558139534883721,True,True,True,True,False
15,10,2,dense,anticorrelated,0.3,85,85,1.0,0,0.0,True,True,True,True,True
16,10,2,dense,anticorrelated,0.3,55,55,1.0,0,0.0,True,True,True,True,True
17,10,2,dense,anticorrelated,0.3,68,68,1.0,0,0.0,True,True,True,True,True
18,10,2,dense,anticorrelated,0.3,95,95,1.0,0,0.0,True,True,True,True,True
19,10,2,dense,anticorrelated,0.3,51,51,1.0,0,0.0,True,True,True,True,True
20,10,2,dense,anticorrelated,0.3,114,114,1.0,0,0.0,True,True,True,True,True
21,10,2,dense,anticorrelated,0.3,36,43,0.8372093023255814,7,0.16279069767441862,True,True,True,True,False
22,10,2,dense,anticorrelated,0.3,36,44,0.8181818181818182,8,0.18181818181818182,True,True,True,True,False
23,10,2,dense,anticorrelated,0.3,65,65,1.0,0,0.0,True,True,True,True,True
24,10,2,dense,anticorrelated,0.3,114,114,1.0,0,0.0,True,True,True,True,True
25,10,2,dense,anticorrelated,0.3,33,40,0.825,7,0.175,True,True,True,True,False
26,10,2,dense,anticorrelated,0.3,68,68,1.0,0,0.0,True,True,True,True,True
27,10,2,dense,anticorrelated,0.3,60,61,0.9836065573770492,1,0.01639344262295082,True,True,True,True,False
28,10,2,dense,anticorrelated,0.3,42,50,0.84,8,0.16,True,True,True,True,False
29,10,2,dense,anticorrelated,0.3,40,40,1.0,0,0.0,True,True,True,True,True
30,10,2,dense,anticorrelated,0.3,96,96,1.0,0,0.0,True,True,True,True,True
1,10,2,dense,anticorrelated,0.8,247,247,1.0,0,0.0,True,True,True,True,True
2,10,2,dense,anticorrelated,0.8,117,141,0.8297872340425532,24,0.1702127659574468,True,True,True,True,False
3,10,2,dense,anticorrelated,0.8,252,252,1.0,0,0.0,True,True,True,True,True
4,10,2,dense,anticorrelated,0.8,156,176,0.8863636363636364,20,0.11363636363636363,True,True,True,True,False
5,10,2,dense,anticorrelated,0.8,153,172,0.8895348837209303,19,0.11046511627906977,True,True,True,True,False
6,10,2,dense,anticorrelated,0.8,128,164,0.7804878048780488,36,0.21951219512195122,True,True,True,True,False
7,10,2,dense,anticorrelated,0.8,176,178,0.9887640449438202,2,0.011235955056179775,True,True,True,True,False
8,10,2,dense,anticorrelated,0.8,192,192,1.0,0,0.0,True,True,True,True,True
9,10,2,dense,anticorrelated,0.8,156,166,0.9397590361445783,10,0.060240963855421686,True,True,True,True,False
10,10,2,dense,anticorrelated,0.8,156,158,0.9873417721518988,2,0.012658227848101266,True,True,True,True,False
11,10,2,dense,anticorrelated,0.8,216,216,1.0,0,0.0,True,True,True,True,True
12,10,2,dense,anticorrelated,0.8,234,234,1.0,0,0.0,True,True,True,True,True
13,10,2,dense,anticorrelated,0.8,150,156,0.9615384615384616,6,0.038461538461538464,True,True,True,True,False
14,10,2,dense,anticorrelated,0.8,112,129,0.8682170542635659,17,0.13178294573643412,True,True,True,True,False
15,10,2,dense,anticorrelated,0.8,238,238,1.0,0,0.0,True,True,True,True,True
16,10,2,dense,anticorrelated,0.8,154,160,0.9625,6,0.0375,True,True,True,True,False
17,10,2,dense,anticorrelated,0.8,204,204,1.0,0,0.0,True,True,True,True,True
18,10,2,dense,anticorrelated,0.8,247,247,1.0,0,0.0,True,True,True,True,True
19,10,2,dense,anticorrelated,0.8,153,153,1.0,0,0.0,True,True,True,True,True
20,10,2,dense,anticorrelated,0.8,304,304,1.0,0,0.0,True,True,True,True,True
21,10,2,dense,anticorrelated,0.8,108,122,0.8852459016393442,14,0.11475409836065574,True,True,True,True,False
22,10,2,dense,anticorrelated,0.8,120,135,0.8888888888888888,15,0.1111111111111111,True,True,True,True,False
23,10,2,dense,anticorrelated,0.8,169,169,1.0,0,0.0,True,True,True,True,True
24,10,2,dense,anticorrelated,0.8,304,304,1.0,0,0.0,True,True,True,True,True
25,10,2,dense,anticorrelated,0.8,88,119,0.7394957983193278,31,0.2605042016806723,True,True,True,True,False
26,10,2,dense,anticorrelated,0.8,204,204,1.0,0,0.0,True,True,True,True,True
27,10,2,dense,anticorrelated,0.8,160,163,0.9815950920245399,3,0.018404907975460124,True,True,True,True,False
28,10,2,dense,anticorrelated,0.8,126,166,0.7590361445783133,40,0.24096385542168675,True,True,True,True,False
29,10,2,dense,anticorrelated,0.8,120,120,1.0,0,0.0,True,True,True,True,True
30,10,2,dense,anticorrelated,0.8,256,256,1.0,0,0.0,True,True,True,True,True
1,10,2,sparse,random,0.3,49,49,1.0,0,0.0,True,True,True,True,True
2,10,2,sparse,random,0.3,123,243,0.5061728395061729,120,0.49382716049382713,True,True,True,True,False
3,10,2,sparse,random,0.3,164,262,0.6259541984732825,98,0.37404580152671757,True,True,True,True,False
4,10,2,sparse,random,0.3,114,172,0.6627906976744186,58,0.3372093023255814,True,True,True,True,False
5,10,2,sparse,random,0.3,71,131,0.5419847328244275,60,0.4580152671755725,True,True,True,True,False
6,10,2,sparse,random,0.3,93,156,0.5961538461538461,63,0.40384615384615385,True,True,True,True,False
7,10,2,sparse,random,0.3,102,130,0.7846153846153846,28,0.2153846153846154,True,True,True,True,False
8,10,2,sparse,random,0.3,100,153,0.6535947712418301,53,0.3464052287581699,True,True,True,True,False
9,10,2,sparse,random,0.3,100,100,1.0,0,0.0,True,True,True,True,True
10,10,2,sparse,random,0.3,300,387,0.7751937984496124,87,0.2248062015503876,True,True,True,True,False
11,10,2,sparse,random,0.3,291,291,1.0,0,0.0,True,True,True,True,True
12,10,2,sparse,random,0.3,291,481,0.604989604989605,190,0.39501039501039503,True,True,True,True,False
13,10,2,sparse,random,0.3,32,32,1.0,0,0.0,True,True,True,True,True
14,10,2,sparse,random,0.3,166,234,0.7094017094017094,68,0.2905982905982906,True,True,True,True,False
15,10,2,sparse,random,0.3,196,288,0.6805555555555556,92,0.3194444444444444,True,True,True,True,False
16,10,2,sparse,random,0.3,90,172,0.5232558139534884,82,0.47674418604651164,True,True,True,True,False
17,10,2,sparse,random,0.3,98,179,0.547486033519553,81,0.45251396648044695,True,True,True,True,False
18,10,2,sparse,random,0.3,168,201,0.835820895522388,33,0.16417910447761194,True,True,True,True,False
19,10,2,sparse,random,0.3,85,85,1.0,0,0.0,True,True,True,True,True
20,10,2,sparse,random,0.3,36,36,1.0,0,0.0,True,True,True,True,True
21,10,2,sparse,random,0.3,183,193,0.9481865284974094,10,0.05181347150259067,True,True,True,True,False
22,10,2,sparse,random,0.3,256,347,0.7377521613832853,91,0.2622478386167147,True,True,True,True,False
23,10,2,sparse,random,0.3,164,164,1.0,0,0.0,True,True,True,True,True
24,10,2,sparse,random,0.3,345,345,1.0,0,0.0,True,True,True,True,True
25,10,2,sparse,random,0.3,267,504,0.5297619047619048,237,0.47023809523809523,True,True,True,True,False
26,10,2,sparse,random,0.3,170,193,0.8808290155440415,23,0.11917098445595854,True,True,True,True,False
27,10,2,sparse,random,0.3,130,198,0.6565656565656566,68,0.3434343434343434,True,True,True,True,False
28,10,2,sparse,random,0.3,85,143,0.5944055944055944,58,0.40559440559440557,True,True,True,True,False
29,10,2,sparse,random,0.3,87,148,0.5878378378378378,61,0.41216216216216217,True,True,True,True,False
30,10,2,sparse,random,0.3,118,209,0.5645933014354066,91,0.4354066985645933,True,True,True,True,False
1,10,2,sparse,random,0.8,196,276,0.7101449275362319,80,0.2898550724637681,True,True,True,True,False
2,10,2,sparse,random,0.8,413,790,0.5227848101265823,377,0.4772151898734177,True,True,True,True,False
3,10,2,sparse,random,0.8,410,736,0.5570652173913043,326,0.4429347826086957,True,True,True,True,False
4,10,2,sparse,random,0.8,342,426,0.8028169014084507,84,0.19718309859154928,True,True,True,True,False
5,10,2,sparse,random,0.8,213,369,0.5772357723577236,156,0.42276422764227645,True,True,True,True,False
6,10,2,sparse,random,0.8,292,448,0.6517857142857143,156,0.3482142857142857,True,True,True,True,False
7,10,2,sparse,random,0.8,480,622,0.7717041800643086,142,0.2282958199356913,True,True,True,True,False
8,10,2,sparse,random,0.8,300,482,0.6224066390041494,182,0.3775933609958506,True,True,True,True,False
9,10,2,sparse,random,0.8,300,300,1.0,0,0.0,True,True,True,True,True
10,10,2,sparse,random,0.8,780,954,0.8176100628930818,174,0.18238993710691823,True,True,True,True,False
11,10,2,sparse,random,0.8,873,873,1.0,0,0.0,True,True,True,True,True
12,10,2,sparse,random,0.8,776,1251,0.6203037569944044,475,0.3796962430055955,True,True,True,True,False
13,10,2,sparse,random,0.8,194,258,0.751937984496124,64,0.24806201550387597,True,True,True,True,False
14,10,2,sparse,random,0.8,415,638,0.6504702194357367,223,0.3495297805642633,True,True,True,True,False
15,10,2,sparse,random,0.8,588,772,0.7616580310880829,184,0.23834196891191708,True,True,True,True,False
16,10,2,sparse,random,0.8,328,598,0.5484949832775919,270,0.451505016722408,True,True,True,True,False
17,10,2,sparse,random,0.8,392,635,0.6173228346456693,243,0.3826771653543307,True,True,True,True,False
18,10,2,sparse,random,0.8,462,572,0.8076923076923077,110,0.19230769230769232,True,True,True,True,False
19,10,2,sparse,random,0.8,198,368,0.5380434782608695,170,0.46195652173913043,True,True,True,True,False
20,10,2,sparse,random,0.8,144,179,0.8044692737430168,35,0.19553072625698323,True,True,True,True,False
21,10,2,sparse,random,0.8,488,518,0.9420849420849421,30,0.05791505791505792,True,True,True,True,False
22,10,2,sparse,random,0.8,704,1024,0.6875,320,0.3125,True,True,True,True,False
23,10,2,sparse,random,0.8,492,492,1.0,0,0.0,True,True,True,True,True
24,10,2,sparse,random,0.8,1035,1035,1.0,0,0.0,True,True,True,True,True
25,10,2,sparse,random,0.8,712,1344,0.5297619047619048,632,0.47023809523809523,True,True,True,True,False
26,10,2,sparse,random,0.8,595,687,0.86608442503639,92,0.1339155749636099,True,True,True,True,False
27,10,2,sparse,random,0.8,325,610,0.5327868852459017,285,0.4672131147540984,True,True,True,True,False
28,10,2,sparse,random,0.8,340,485,0.7010309278350515,145,0.29896907216494845,True,True,True,True,False
29,10,2,sparse,random,0.8,348,448,0.7767857142857143,100,0.22321428571428573,True,True,True,True,False
30,10,2,sparse,random,0.8,413,595,0.6941176470588235,182,0.3058823529411765,True,True,True,True,False
1,10,2,sparse,correlated,0.3,2,2,1.0,0,0.0,True,True,True,True,True
2,10,2,sparse,correlated,0.3,8,14,0.5714285714285714,6,0.42857142857142855,True,True,True,True,False
3,10,2,sparse,correlated,0.3,12,20,0.6,8,0.4,True,True,True,True,False
4,10,2,sparse,correlated,0.3,10,17,0.5882352941176471,7,0.4117647058823529,True,True,True,True,False
5,10,2,sparse,correlated,0.3,12,12,1.0,0,0.0,True,True,True,True,True
6,10,2,sparse,correlated,0.3,10,11,0.9090909090909091,1,0.09090909090909091,True,True,True,True,False
7,10,2,sparse,correlated,0.3,18,30,0.6,12,0.4,True,True,True,True,False
8,10,2,sparse,correlated,0.3,7,10,0.7,3,0.3,True,True,True,True,False
9,10,2,sparse,correlated,0.3,6,6,1.0,0,0.0,True,True,True,True,True
10,10,2,sparse,correlated,0.3,8,9,0.8888888888888888,1,0.1111111111111111,True,True,True,True,False
11,10,2,sparse,correlated,0.3,20,21,0.9523809523809523,1,0.047619047619047616,True,True,True,True,False
12,10,2,sparse,correlated,0.3,10,12,0.8333333333333334,2,0.16666666666666666,True,True,True,True,False
13,10,2,sparse,correlated,0.3,8,9,0.8888888888888888,1,0.1111111111111111,True,True,True,True,False
14,10,2,sparse,correlated,0.3,20,25,0.8,5,0.2,True,True,True,True,False
15,10,2,sparse,correlated,0.3,16,20,0.8,4,0.2,True,True,True,True,False
16,10,2,sparse,correlated,0.3,8,8,1.0,0,0.0,True,True,True,True,True
17,10,2,sparse,correlated,0.3,8,10,0.8,2,0.2,True,True,True,True,False
18,10,2,sparse,correlated,0.3,15,25,0.6,10,0.4,True,True,True,True,False
19,10,2,sparse,correlated,0.3,12,13,0.9230769230769231,1,0.07692307692307693,True,True,True,True,False
20,10,2,sparse,correlated,0.3,12,15,0.8,3,0.2,True,True,True,True,False
21,10,2,sparse,correlated,0.3,21,21,1.0,0,0.0,True,True,True,True,True
22,10,2,sparse,correlated,0.3,12,12,1.0,0,0.0,True,True,True,True,True
23,10,2,sparse,correlated,0.3,12,13,0.9230769230769231,1,0.07692307692307693,True,True,True,True,False
24,10,2,sparse,correlated,0.3,18,21,0.8571428571428571,3,0.14285714285714285,True,True,True,True,False
25,10,2,sparse,correlated,0.3,18,18,1.0,0,0.0,True,True,True,True,True
26,10,2,sparse,correlated,0.3,12,13,0.9230769230769231,1,0.07692307692307693,True,True,True,True,False
27,10,2,sparse,correlated,0.3,9,13,0.6923076923076923,4,0.3076923076923077,True,True,True,True,False
28,10,2,sparse,correlated,0.3,10,11,0.9090909090909091,1,0.09090909090909091,True,True,True,True,False
29,10,2,sparse,correlated,0.3,4,5,0.8,1,0.2,True,True,True,True,False
30,10,2,sparse,correlated,0.3,12,12,1.0,0,0.0,True,True,True,True,True
1,10,2,sparse,correlated,0.8,8,15,0.5333333333333333,7,0.4666666666666667,True,True,True,True,False
2,10,2,sparse,correlated,0.8,28,50,0.56,22,0.44,True,True,True,True,False
3,10,2,sparse,correlated,0.8,40,60,0.6666666666666666,20,0.3333333333333333,True,True,True,True,False
4,10,2,sparse,correlated,0.8,35,59,0.5932203389830508,24,0.4067796610169492,True,True,True,True,False
5,10,2,sparse,correlated,0.8,40,40,1.0,0,0.0,True,True,True,True,True
6,10,2,sparse,correlated,0.8,35,36,0.9722222222222222,1,0.027777777777777776,True,True,True,True,False
7,10,2,sparse,correlated,0.8,48,88,0.5454545454545454,40,0.45454545454545453,True,True,True,True,False
8,10,2,sparse,correlated,0.8,28,37,0.7567567567567568,9,0.24324324324324326,True,True,True,True,False
9,10,2,sparse,correlated,0.8,24,38,0.631578947368421,14,0.3684210526315789,True,True,True,True,False
10,10,2,sparse,correlated,0.8,24,38,0.631578947368421,14,0.3684210526315789,True,True,True,True,False
11,10,2,sparse,correlated,0.8,52,56,0.9285714285714286,4,0.07142857142857142,True,True,True,True,False
12,10,2,sparse,correlated,0.8,32,36,0.8888888888888888,4,0.1111111111111111,True,True,True,True,False
13,10,2,sparse,correlated,0.8,16,24,0.6666666666666666,8,0.3333333333333333,True,True,True,True,False
14,10,2,sparse,correlated,0.8,52,72,0.7222222222222222,20,0.2777777777777778,True,True,True,True,False
15,10,2,sparse,correlated,0.8,48,56,0.8571428571428571,8,0.14285714285714285,True,True,True,True,False
16,10,2,sparse,correlated,0.8,24,24,1.0,0,0.0,True,True,True,True,True
17,10,2,sparse,correlated,0.8,24,41,0.5853658536585366,17,0.4146341463414634,True,True,True,True,False
18,10,2,sparse,correlated,0.8,45,73,0.6164383561643836,28,0.3835616438356164,True,True,True,True,False
19,10,2,sparse,correlated,0.8,30,40,0.75,10,0.25,True,True,True,True,False
20,10,2,sparse,correlated,0.8,36,48,0.75,12,0.25,True,True,True,True,False
21,10,2,sparse,correlated,0.8,63,63,1.0,0,0.0,True,True,True,True,True
22,10,2,sparse,correlated,0.8,32,32,1.0,0,0.0,True,True,True,True,True
23,10,2,sparse,correlated,0.8,36,37,0.972972972972973,1,0.02702702702702703,True,True,True,True,False
24,10,2,sparse,correlated,0.8,48,57,0.8421052631578947,9,0.15789473684210525,True,True,True,True,False
25,10,2,sparse,correlated,0.8,48,60,0.8,12,0.2,True,True,True,True,False
26,10,2,sparse,correlated,0.8,36,38,0.9473684210526315,2,0.05263157894736842,True,True,True,True,False
27,10,2,sparse,correlated,0.8,36,38,0.9473684210526315,2,0.05263157894736842,True,True,True,True,False
28,10,2,sparse,correlated,0.8,30,32,0.9375,2,0.0625,True,True,True,True,False
29,10,2,sparse,correlated,0.8,8,11,0.7272727272727273,3,0.2727272727272727,True,True,True,True,False
30,10,2,sparse,correlated,0.8,36,42,0.8571428571428571,6,0.14285714285714285,True,True,True,True,False
1,10,2,sparse,anticorrelated,0.3,14,14,1.0,0,0.0,True,True,True,True,True
2,10,2,sparse,anticorrelated,0.3,39,69,0.5652173913043478,30,0.43478260869565216,True,True,True,True,False
3,10,2,sparse,anticorrelated,0.3,51,85,0.6,34,0.4,True,True,True,True,False
4,10,2,sparse,anticorrelated,0.3,36,60,0.6,24,0.4,True,True,True,True,False
5,10,2,sparse,anticorrelated,0.3,48,48,1.0,0,0.0,True,True,True,True,True
6,10,2,sparse,anticorrelated,0.3,34,45,0.7555555555555555,11,0.24444444444444444,True,True,True,True,False
7,10,2,sparse,anticorrelated,0.3,57,108,0.5277777777777778,51,0.4722222222222222,True,True,True,True,False
8,10,2,sparse,anticorrelated,0.3,36,50,0.72,14,0.28,True,True,True,True,False
9,10,2,sparse,anticorrelated,0.3,17,17,1.0,0,0.0,True,True,True,True,True
10,10,2,sparse,anticorrelated,0.3,20,24,0.8333333333333334,4,0.16666666666666666,True,True,True,True,False
11,10,2,sparse,anticorrelated,0.3,90,90,1.0,0,0.0,True,True,True,True,True
12,10,2,sparse,anticorrelated,0.3,65,65,1.0,0,0.0,True,True,True,True,True
13,10,2,sparse,anticorrelated,0.3,17,31,0.5483870967741935,14,0.45161290322580644,True,True,True,True,False
14,10,2,sparse,anticorrelated,0.3,90,116,0.7758620689655172,26,0.22413793103448276,True,True,True,True,False
15,10,2,sparse,anticorrelated,0.3,72,88,0.8181818181818182,16,0.18181818181818182,True,True,True,True,False
16,10,2,sparse,anticorrelated,0.3,28,28,1.0,0,0.0,True,True,True,True,True
17,10,2,sparse,anticorrelated,0.3,26,43,0.6046511627906976,17,0.3953488372093023,True,True,True,True,False
18,10,2,sparse,anticorrelated,0.3,57,108,0.5277777777777778,51,0.4722222222222222,True,True,True,True,False
19,10,2,sparse,anticorrelated,0.3,36,47,0.7659574468085106,11,0.23404255319148937,True,True,True,True,False
20,10,2,sparse,anticorrelated,0.3,51,67,0.7611940298507462,16,0.23880597014925373,True,True,True,True,False
21,10,2,sparse,anticorrelated,0.3,48,48,1.0,0,0.0,True,True,True,True,True
22,10,2,sparse,anticorrelated,0.3,48,57,0.8421052631578947,9,0.15789473684210525,True,True,True,True,False
23,10,2,sparse,anticorrelated,0.3,75,88,0.8522727272727273,13,0.14772727272727273,True,True,True,True,False
24,10,2,sparse,anticorrelated,0.3,102,102,1.0,0,0.0,True,True,True,True,True
25,10,2,sparse,anticorrelated,0.3,54,54,1.0,0,0.0,True,True,True,True,True
26,10,2,sparse,anticorrelated,0.3,45,56,0.8035714285714286,11,0.19642857142857142,True,True,True,True,False
27,10,2,sparse,anticorrelated,0.3,28,50,0.56,22,0.44,True,True,True,True,False
28,10,2,sparse,anticorrelated,0.3,39,55,0.7090909090909091,16,0.2909090909090909,True,True,True,True,False
29,10,2,sparse,anticorrelated,0.3,15,28,0.5357142857142857,13,0.4642857142857143,True,True,True,True,False
30,10,2,sparse,anticorrelated,0.3,48,48,1.0,0,0.0,True,True,True,True,True
1,10,2,sparse,anticorrelated,0.8,56,71,0.7887323943661971,15,0.2112676056338028,True,True,True,True,False
2,10,2,sparse,anticorrelated,0.8,117,222,0.527027027027027,105,0.47297297297297297,True,True,True,True,False
3,10,2,sparse,anticorrelated,0.8,170,255,0.6666666666666666,85,0.3333333333333333,True,True,True,True,False
4,10,2,sparse,anticorrelated,0.8,126,189,0.6666666666666666,63,0.3333333333333333,True,True,True,True,False
5,10,2,sparse,anticorrelated,0.8,160,160,1.0,0,0.0,True,True,True,True,True
6,10,2,sparse,anticorrelated,0.8,119,130,0.9153846153846154,11,0.08461538461538462,True,True,True,True,False
7,10,2,sparse,anticorrelated,0.8,170,322,0.5279503105590062,152,0.4720496894409938,True,True,True,True,False
8,10,2,sparse,anticorrelated,0.8,108,164,0.6585365853658537,56,0.34146341463414637,True,True,True,True,False
9,10,2,sparse,anticorrelated,0.8,68,100,0.68,32,0.32,True,True,True,True,False
10,10,2,sparse,anticorrelated,0.8,70,94,0.7446808510638298,24,0.2553191489361702,True,True,True,True,False
11,10,2,sparse,anticorrelated,0.8,234,234,1.0,0,0.0,True,True,True,True,True
12,10,2,sparse,anticorrelated,0.8,182,182,1.0,0,0.0,True,True,True,True,True
13,10,2,sparse,anticorrelated,0.8,60,116,0.5172413793103449,56,0.4827586206896552,True,True,True,True,False
14,10,2,sparse,anticorrelated,0.8,234,312,0.75,78,0.25,True,True,True,True,False
15,10,2,sparse,anticorrelated,0.8,216,248,0.8709677419354839,32,0.12903225806451613,True,True,True,True,False
16,10,2,sparse,anticorrelated,0.8,84,86,0.9767441860465116,2,0.023255813953488372,True,True,True,True,False
17,10,2,sparse,anticorrelated,0.8,91,147,0.6190476190476191,56,0.38095238095238093,True,True,True,True,False
18,10,2,sparse,anticorrelated,0.8,171,307,0.5570032573289903,136,0.44299674267100975,True,True,True,True,False
19,10,2,sparse,anticorrelated,0.8,90,134,0.6716417910447762,44,0.3283582089552239,True,True,True,True,False
20,10,2,sparse,anticorrelated,0.8,153,217,0.7050691244239631,64,0.29493087557603687,True,True,True,True,False
21,10,2,sparse,anticorrelated,0.8,144,144,1.0,0,0.0,True,True,True,True,True
22,10,2,sparse,anticorrelated,0.8,128,164,0.7804878048780488,36,0.21951219512195122,True,True,True,True,False
23,10,2,sparse,anticorrelated,0.8,195,234,0.8333333333333334,39,0.16666666666666666,True,True,True,True,False
24,10,2,sparse,anticorrelated,0.8,272,272,1.0,0,0.0,True,True,True,True,True
25,10,2,sparse,anticorrelated,0.8,144,176,0.8181818181818182,32,0.18181818181818182,True,True,True,True,False
26,10,2,sparse,anticorrelated,0.8,135,157,0.8598726114649682,22,0.14012738853503184,True,True,True,True,False
27,10,2,sparse,anticorrelated,0.8,84,150,0.56,66,0.44,True,True,True,True,False
28,10,2,sparse,anticorrelated,0.8,104,152,0.6842105263157895,48,0.3157894736842105,True,True,True,True,False
29,10,2,sparse,anticorrelated,0.8,39,69,0.5652173913043478,30,0.43478260869565216,True,True,True,True,False
30,10,2,sparse,anticorrelated,0.8,144,158,0.9113924050632911,14,0.08860759493670886,True,True,True,True,False
1,10,3,dense,random,0.3,196,272,0.7205882352941176,76,0.27941176470588236,True,True,True,True,False
2,10,3,dense,random,0.3,198,198,1.0,0,0.0,True,True,True,True,True
3,10,3,dense,random,0.3,276,276,1.0,0,0.0,True,True,True,True,True
4,10,3,dense,random,0.3,231,231,1.0,0,0.0,True,True,True,True,True
5,10,3,dense,random,0.3,300,300,1.0,0,0.0,True,True,True,True,True
6,10,3,dense,random,0.3,192,201,0.9552238805970149,9,0.04477611940298507,True,True,True,True,False
7,10,3,dense,random,0.3,165,165,1.0,0,0.0,True,True,True,True,True
8,10,3,dense,random,0.3,485,485,1.0,0,0.0,True,True,True,True,True
9,10,3,dense,random,0.3,154,154,1.0,0,0.0,True,True,True,True,True
10,10,3,dense,random,0.3,291,291,1.0,0,0.0,True,True,True,True,True
11,10,3,dense,random,0.3,184,224,0.8214285714285714,40,0.17857142857142858,True,True,True,True,False
12,10,3,dense,random,0.3,150,167,0.8982035928143712,17,0.10179640718562874,True,True,True,True,False
13,10,3,dense,random,0.3,236,236,1.0,0,0.0,True,True,True,True,True
14,10,3,dense,random,0.3,207,251,0.8247011952191236,44,0.1752988047808765,True,True,True,True,False
15,10,3,dense,random,0.3,213,238,0.8949579831932774,25,0.10504201680672269,True,True,True,True,False
16,10,3,dense,random,0.3,198,198,1.0,0,0.0,True,True,True,True,True
17,10,3,dense,random,0.3,582,582,1.0,0,0.0,True,True,True,True,True
18,10,3,dense,random,0.3,129,167,0.7724550898203593,38,0.2275449101796407,True,True,True,True,False
19,10,3,dense,random,0.3,279,279,1.0,0,0.0,True,True,True,True,True
20,10,3,dense,random,0.3,168,190,0.8842105263157894,22,0.11578947368421053,True,True,True,True,False
21,10,3,dense,random,0.3,445,455,0.978021978021978,10,0.02197802197802198,True,True,True,True,False
22,10,3,dense,random,0.3,200,242,0.8264462809917356,42,0.17355371900826447,True,True,True,True,False
23,10,3,dense,random,0.3,196,282,0.6950354609929078,86,0.3049645390070922,True,True,True,True,False
24,10,3,dense,random,0.3,196,289,0.6782006920415224,93,0.3217993079584775,True,True,True,True,False
25,10,3,dense,random,0.3,165,190,0.868421052631579,25,0.13157894736842105,True,True,True,True,False
26,10,3,dense,random,0.3,285,288,0.9895833333333334,3,0.010416666666666666,True,True,True,True,False
27,10,3,dense,random,0.3,249,249,1.0,0,0.0,True,True,True,True,True
28,10,3,dense,random,0.3,294,294,1.0,0,0.0,True,True,True,True,True
29,10,3,dense,random,0.3,198,210,0.9428571428571428,12,0.05714285714285714,True,True,True,True,False
30,10,3,dense,random,0.3,184,198,0.9292929292929293,14,0.0707070707070707,True,True,True,True,False
1,10,3,dense,random,0.8,588,664,0.8855421686746988,76,0.1144578313253012,True,True,True,True,False
2,10,3,dense,random,0.8,495,645,0.7674418604651163,150,0.23255813953488372,True,True,True,True,False
3,10,3,dense,random,0.8,736,736,1.0,0,0.0,True,True,True,True,True
4,10,3,dense,random,0.8,693,764,0.9070680628272252,71,0.09293193717277487,True,True,True,True,False
5,10,3,dense,random,0.8,800,800,1.0,0,0.0,True,True,True,True,True
6,10,3,dense,random,0.8,576,613,0.9396411092985318,37,0.06035889070146819,True,True,True,True,False
7,10,3,dense,random,0.8,495,500,0.99,5,0.01,True,True,True,True,False
8,10,3,dense,random,0.8,1261,1261,1.0,0,0.0,True,True,True,True,True
9,10,3,dense,random,0.8,385,485,0.7938144329896907,100,0.20618556701030927,True,True,True,True,False
10,10,3,dense,random,0.8,776,776,1.0,0,0.0,True,True,True,True,True
11,10,3,dense,random,0.8,552,640,0.8625,88,0.1375,True,True,True,True,False
12,10,3,dense,random,0.8,525,533,0.9849906191369606,8,0.0150093808630394,True,True,True,True,False
13,10,3,dense,random,0.8,708,708,1.0,0,0.0,True,True,True,True,True
14,10,3,dense,random,0.8,552,681,0.8105726872246696,129,0.1894273127753304,True,True,True,True,False
15,10,3,dense,random,0.8,576,693,0.8311688311688312,117,0.16883116883116883,True,True,True,True,False
16,10,3,dense,random,0.8,495,633,0.7819905213270142,138,0.21800947867298578,True,True,True,True,False
17,10,3,dense,random,0.8,1552,1552,1.0,0,0.0,True,True,True,True,True
18,10,3,dense,random,0.8,378,490,0.7714285714285715,112,0.22857142857142856,True,True,True,True,False
19,10,3,dense,random,0.8,744,866,0.859122401847575,122,0.14087759815242495,True,True,True,True,False
20,10,3,dense,random,0.8,588,636,0.9245283018867925,48,0.07547169811320754,True,True,True,True,False
21,10,3,dense,random,0.8,1335,1345,0.9925650557620818,10,0.007434944237918215,True,True,True,True,False
22,10,3,dense,random,0.8,540,668,0.8083832335329342,128,0.19161676646706588,True,True,True,True,False
23,10,3,dense,random,0.8,644,846,0.7612293144208038,202,0.23877068557919623,True,True,True,True,False
24,10,3,dense,random,0.8,672,863,0.7786790266512167,191,0.2213209733487833,True,True,True,True,False
25,10,3,dense,random,0.8,429,504,0.8511904761904762,75,0.1488095238095238,True,True,True,True,False
26,10,3,dense,random,0.8,855,864,0.9895833333333334,9,0.010416666666666666,True,True,True,True,False
27,10,3,dense,random,0.8,664,699,0.949928469241774,35,0.05007153075822604,True,True,True,True,False
28,10,3,dense,random,0.8,882,882,1.0,0,0.0,True,True,True,True,True
29,10,3,dense,random,0.8,510,677,0.7533234859675036,167,0.2466765140324963,True,True,True,True,False
30,10,3,dense,random,0.8,460,580,0.7931034482758621,120,0.20689655172413793,True,True,True,True,False
1,10,3,dense,correlated,0.3,12,24,0.5,12,0.5,True,True,True,True,False
2,10,3,dense,correlated,0.3,18,21,0.8571428571428571,3,0.14285714285714285,True,True,True,True,False
3,10,3,dense,correlated,0.3,26,26,1.0,0,0.0,True,True,True,True,True
4,10,3,dense,correlated,0.3,24,27,0.8888888888888888,3,0.1111111111111111,True,True,True,True,False
5,10,3,dense,correlated,0.3,22,22,1.0,0,0.0,True,True,True,True,True
6,10,3,dense,correlated,0.3,24,30,0.8,6,0.2,True,True,True,True,False
7,10,3,dense,correlated,0.3,32,34,0.9411764705882353,2,0.058823529411764705,True,True,True,True,False
8,10,3,dense,correlated,0.3,16,16,1.0,0,0.0,True,True,True,True,True
9,10,3,dense,correlated,0.3,35,36,0.9722222222222222,1,0.027777777777777776,True,True,True,True,False
10,10,3,dense,correlated,0.3,18,20,0.9,2,0.1,True,True,True,True,False
11,10,3,dense,correlated,0.3,27,29,0.9310344827586207,2,0.06896551724137931,True,True,True,True,False
12,10,3,dense,correlated,0.3,22,24,0.9166666666666666,2,0.08333333333333333,True,True,True,True,False
13,10,3,dense,correlated,0.3,32,34,0.9411764705882353,2,0.058823529411764705,True,True,True,True,False
14,10,3,dense,correlated,0.3,20,29,0.6896551724137931,9,0.3103448275862069,True,True,True,True,False
15,10,3,dense,correlated,0.3,30,32,0.9375,2,0.0625,True,True,True,True,False
16,10,3,dense,correlated,0.3,30,30,1.0,0,0.0,True,True,True,True,True
17,10,3,dense,correlated,0.3,22,29,0.7586206896551724,7,0.2413793103448276,True,True,True,True,False
18,10,3,dense,correlated,0.3,18,23,0.782608695652174,5,0.21739130434782608,True,True,True,True,False
19,10,3,dense,correlated,0.3,16,18,0.8888888888888888,2,0.1111111111111111,True,True,True,True,False
20,10,3,dense,correlated,0.3,28,31,0.9032258064516129,3,0.0967741935483871,True,True,True,True,False
21,10,3,dense,correlated,0.3,24,24,1.0,0,0.0,True,True,True,True,True
22,10,3,dense,correlated,0.3,18,27,0.6666666666666666,9,0.3333333333333333,True,True,True,True,False
23,10,3,dense,correlated,0.3,21,23,0.9130434782608695,2,0.08695652173913043,True,True,True,True,False
24,10,3,dense,correlated,0.3,20,22,0.9090909090909091,2,0.09090909090909091,True,True,True,True,False
25,10,3,dense,correlated,0.3,18,28,0.6428571428571429,10,0.35714285714285715,True,True,True,True,False
26,10,3,dense,correlated,0.3,20,29,0.6896551724137931,9,0.3103448275862069,True,True,True,True,False
27,10,3,dense,correlated,0.3,24,28,0.8571428571428571,4,0.14285714285714285,True,True,True,True,False
28,10,3,dense,correlated,0.3,27,27,1.0,0,0.0,True,True,True,True,True
29,10,3,dense,correlated,0.3,24,24,1.0,0,0.0,True,True,True,True,True
30,10,3,dense,correlated,0.3,21,27,0.7777777777777778,6,0.2222222222222222,True,True,True,True,False
1,10,3,dense,correlated,0.8,45,63,0.7142857142857143,18,0.2857142857142857,True,True,True,True,False
2,10,3,dense,correlated,0.8,54,63,0.8571428571428571,9,0.14285714285714285,True,True,True,True,False
3,10,3,dense,correlated,0.8,66,74,0.8918918918918919,8,0.10810810810810811,True,True,True,True,False
4,10,3,dense,correlated,0.8,64,82,0.7804878048780488,18,0.21951219512195122,True,True,True,True,False
5,10,3,dense,correlated,0.8,55,60,0.9166666666666666,5,0.08333333333333333,True,True,True,True,False
6,10,3,dense,correlated,0.8,72,87,0.8275862068965517,15,0.1724137931034483,True,True,True,True,False
7,10,3,dense,correlated,0.8,96,100,0.96,4,0.04,True,True,True,True,False
8,10,3,dense,correlated,0.8,48,48,1.0,0,0.0,True,True,True,True,True
9,10,3,dense,correlated,0.8,105,108,0.9722222222222222,3,0.027777777777777776,True,True,True,True,False
10,10,3,dense,correlated,0.8,49,58,0.8448275862068966,9,0.15517241379310345,True,True,True,True,False
11,10,3,dense,correlated,0.8,72,78,0.9230769230769231,6,0.07692307692307693,True,True,True,True,False
12,10,3,dense,correlated,0.8,55,70,0.7857142857142857,15,0.21428571428571427,True,True,True,True,False
13,10,3,dense,correlated,0.8,96,98,0.9795918367346939,2,0.02040816326530612,True,True,True,True,False
14,10,3,dense,correlated,0.8,60,81,0.7407407407407407,21,0.25925925925925924,True,True,True,True,False
15,10,3,dense,correlated,0.8,80,88,0.9090909090909091,8,0.09090909090909091,True,True,True,True,False
16,10,3,dense,correlated,0.8,80,82,0.975609756097561,2,0.024390243902439025,True,True,True,True,False
17,10,3,dense,correlated,0.8,77,77,1.0,0,0.0,True,True,True,True,True
18,10,3,dense,correlated,0.8,55,64,0.859375,9,0.140625,True,True,True,True,False
19,10,3,dense,correlated,0.8,40,54,0.7407407407407407,14,0.25925925925925924,True,True,True,True,False
20,10,3,dense,correlated,0.8,77,83,0.927710843373494,6,0.07228915662650602,True,True,True,True,False
21,10,3,dense,correlated,0.8,60,74,0.8108108108108109,14,0.1891891891891892,True,True,True,True,False
22,10,3,dense,correlated,0.8,54,72,0.75,18,0.25,True,True,True,True,False
23,10,3,dense,correlated,0.8,56,67,0.835820895522388,11,0.16417910447761194,True,True,True,True,False
24,10,3,dense,correlated,0.8,56,64,0.875,8,0.125,True,True,True,True,False
25,10,3,dense,correlated,0.8,54,74,0.7297297297297297,20,0.2702702702702703,True,True,True,True,False
26,10,3,dense,correlated,0.8,63,86,0.7325581395348837,23,0.26744186046511625,True,True,True,True,False
27,10,3,dense,correlated,0.8,72,84,0.8571428571428571,12,0.14285714285714285,True,True,True,True,False
28,10,3,dense,correlated,0.8,72,87,0.8275862068965517,15,0.1724137931034483,True,True,True,True,False
29,10,3,dense,correlated,0.8,60,64,0.9375,4,0.0625,True,True,True,True,False
30,10,3,dense,correlated,0.8,60,75,0.8,15,0.2,True,True,True,True,False
1,10,3,dense,anticorrelated,0.3,28,45,0.6222222222222222,17,0.37777777777777777,True,True,True,True,False
2,10,3,dense,anticorrelated,0.3,48,51,0.9411764705882353,3,0.058823529411764705,True,True,True,True,False
3,10,3,dense,anticorrelated,0.3,36,48,0.75,12,0.25,True,True,True,True,False
4,10,3,dense,anticorrelated,0.3,57,57,1.0,0,0.0,True,True,True,True,True
5,10,3,dense,anticorrelated,0.3,45,45,1.0,0,0.0,True,True,True,True,True
6,10,3,dense,anticorrelated,0.3,57,57,1.0,0,0.0,True,True,True,True,True
7,10,3,dense,anticorrelated,0.3,80,80,1.0,0,0.0,True,True,True,True,True
8,10,3,dense,anticorrelated,0.3,64,64,1.0,0,0.0,True,True,True,True,True
9,10,3,dense,anticorrelated,0.3,100,100,1.0,0,0.0,True,True,True,True,True
10,10,3,dense,anticorrelated,0.3,36,46,0.782608695652174,10,0.21739130434782608,True,True,True,True,False
11,10,3,dense,anticorrelated,0.3,48,50,0.96,2,0.04,True,True,True,True,False
12,10,3,dense,anticorrelated,0.3,65,65,1.0,0,0.0,True,True,True,True,True
13,10,3,dense,anticorrelated,0.3,72,72,1.0,0,0.0,True,True,True,True,True
14,10,3,dense,anticorrelated,0.3,38,56,0.6785714285714286,18,0.32142857142857145,True,True,True,True,False
15,10,3,dense,anticorrelated,0.3,57,57,1.0,0,0.0,True,True,True,True,True
16,10,3,dense,anticorrelated,0.3,51,51,1.0,0,0.0,True,True,True,True,True
17,10,3,dense,anticorrelated,0.3,48,52,0.9230769230769231,4,0.07692307692307693,True,True,True,True,False
18,10,3,dense,anticorrelated,0.3,32,44,0.7272727272727273,12,0.2727272727272727,True,True,True,True,False
19,10,3,dense,anticorrelated,0.3,39,39,1.0,0,0.0,True,True,True,True,True
20,10,3,dense,anticorrelated,0.3,76,76,1.0,0,0.0,True,True,True,True,True
21,10,3,dense,anticorrelated,0.3,36,39,0.9230769230769231,3,0.07692307692307693,True,True,True,True,False
22,10,3,dense,anticorrelated,0.3,34,47,0.723404255319149,13,0.2765957446808511,True,True,True,True,False
23,10,3,dense,anticorrelated,0.3,45,45,1.0,0,0.0,True,True,True,True,True
24,10,3,dense,anticorrelated,0.3,48,52,0.9230769230769231,4,0.07692307692307693,True,True,True,True,False
25,10,3,dense,anticorrelated,0.3,32,48,0.6666666666666666,16,0.3333333333333333,True,True,True,True,False
26,10,3,dense,anticorrelated,0.3,38,56,0.6785714285714286,18,0.32142857142857145,True,True,True,True,False
27,10,3,dense,anticorrelated,0.3,57,60,0.95,3,0.05,True,True,True,True,False
28,10,3,dense,anticorrelated,0.3,60,60,1.0,0,0.0,True,True,True,True,True
29,10,3,dense,anticorrelated,0.3,45,45,1.0,0,0.0,True,True,True,True,True
30,10,3,dense,anticorrelated,0.3,45,47,0.9574468085106383,2,0.0425531914893617,True,True,True,True,False
1,10,3,dense,anticorrelated,0.8,84,122,0.6885245901639344,38,0.3114754098360656,True,True,True,True,False
2,10,3,dense,anticorrelated,0.8,128,153,0.8366013071895425,25,0.16339869281045752,True,True,True,True,False
3,10,3,dense,anticorrelated,0.8,108,142,0.7605633802816901,34,0.23943661971830985,True,True,True,True,False
4,10,3,dense,anticorrelated,0.8,152,169,0.8994082840236687,17,0.10059171597633136,True,True,True,True,False
5,10,3,dense,anticorrelated,0.8,120,138,0.8695652173913043,18,0.13043478260869565,True,True,True,True,False
6,10,3,dense,anticorrelated,0.8,171,173,0.9884393063583815,2,0.011560693641618497,True,True,True,True,False
7,10,3,dense,anticorrelated,0.8,240,240,1.0,0,0.0,True,True,True,True,True
8,10,3,dense,anticorrelated,0.8,192,192,1.0,0,0.0,True,True,True,True,True
9,10,3,dense,anticorrelated,0.8,300,300,1.0,0,0.0,True,True,True,True,True
10,10,3,dense,anticorrelated,0.8,119,140,0.85,21,0.15,True,True,True,True,False
11,10,3,dense,anticorrelated,0.8,128,139,0.920863309352518,11,0.07913669064748201,True,True,True,True,False
12,10,3,dense,anticorrelated,0.8,182,186,0.978494623655914,4,0.021505376344086023,True,True,True,True,False
13,10,3,dense,anticorrelated,0.8,216,216,1.0,0,0.0,True,True,True,True,True
14,10,3,dense,anticorrelated,0.8,114,162,0.7037037037037037,48,0.2962962962962963,True,True,True,True,False
15,10,3,dense,anticorrelated,0.8,152,155,0.9806451612903225,3,0.01935483870967742,True,True,True,True,False
16,10,3,dense,anticorrelated,0.8,136,145,0.9379310344827586,9,0.06206896551724138,True,True,True,True,False
17,10,3,dense,anticorrelated,0.8,128,150,0.8533333333333334,22,0.14666666666666667,True,True,True,True,False
18,10,3,dense,anticorrelated,0.8,112,131,0.8549618320610687,19,0.1450381679389313,True,True,True,True,False
19,10,3,dense,anticorrelated,0.8,104,113,0.9203539823008849,9,0.07964601769911504,True,True,True,True,False
20,10,3,dense,anticorrelated,0.8,209,209,1.0,0,0.0,True,True,True,True,True
21,10,3,dense,anticorrelated,0.8,96,118,0.8135593220338984,22,0.1864406779661017,True,True,True,True,False
22,10,3,dense,anticorrelated,0.8,102,126,0.8095238095238095,24,0.19047619047619047,True,True,True,True,False
23,10,3,dense,anticorrelated,0.8,120,135,0.8888888888888888,15,0.1111111111111111,True,True,True,True,False
24,10,3,dense,anticorrelated,0.8,144,154,0.935064935064935,10,0.06493506493506493,True,True,True,True,False
25,10,3,dense,anticorrelated,0.8,96,137,0.7007299270072993,41,0.29927007299270075,True,True,True,True,False
26,10,3,dense,anticorrelated,0.8,133,167,0.7964071856287425,34,0.20359281437125748,True,True,True,True,False
27,10,3,dense,anticorrelated,0.8,171,177,0.9661016949152542,6,0.03389830508474576,True,True,True,True,False
28,10,3,dense,anticorrelated,0.8,160,191,0.837696335078534,31,0.16230366492146597,True,True,True,True,False
29,10,3,dense,anticorrelated,0.8,120,125,0.96,5,0.04,True,True,True,True,False
30,10,3,dense,anticorrelated,0.8,120,140,0.8571428571428571,20,0.14285714285714285,True,True,True,True,False
1,10,3,sparse,random,0.3,48,73,0.6575342465753424,25,0.3424657534246575,True,True,True,True,False
2,10,3,sparse,random,0.3,176,231,0.7619047619047619,55,0.23809523809523808,True,True,True,True,False
3,10,3,sparse,random,0.3,81,138,0.5869565217391305,57,0.41304347826086957,True,True,True,True,False
4,10,3,sparse,random,0.3,136,288,0.4722222222222222,152,0.5277777777777778,True,True,True,True,False
5,10,3,sparse,random,0.3,92,170,0.5411764705882353,78,0.4588235294117647,True,True,True,True,False
6,10,3,sparse,random,0.3,85,144,0.5902777777777778,59,0.4097222222222222,True,True,True,True,False
7,10,3,sparse,random,0.3,168,252,0.6666666666666666,84,0.3333333333333333,True,True,True,True,False
8,10,3,sparse,random,0.3,324,450,0.72,126,0.28,True,True,True,True,False
9,10,3,sparse,random,0.3,98,193,0.5077720207253886,95,0.49222797927461137,True,True,True,True,False
10,10,3,sparse,random,0.3,115,174,0.6609195402298851,59,0.3390804597701149,True,True,True,True,False
11,10,3,sparse,random,0.3,178,340,0.5235294117647059,162,0.4764705882352941,True,True,True,True,False
12,10,3,sparse,random,0.3,98,98,1.0,0,0.0,True,True,True,True,True
13,10,3,sparse,random,0.3,252,416,0.6057692307692307,164,0.3942307692307692,True,True,True,True,False
14,10,3,sparse,random,0.3,71,71,1.0,0,0.0,True,True,True,True,True
15,10,3,sparse,random,0.3,98,191,0.5130890052356021,93,0.4869109947643979,True,True,True,True,False
16,10,3,sparse,random,0.3,196,380,0.5157894736842106,184,0.4842105263157895,True,True,True,True,False
17,10,3,sparse,random,0.3,240,338,0.7100591715976331,98,0.28994082840236685,True,True,True,True,False
18,10,3,sparse,random,0.3,219,317,0.6908517350157729,98,0.30914826498422715,True,True,True,True,False
19,10,3,sparse,random,0.3,78,204,0.38235294117647056,126,0.6176470588235294,True,True,True,True,False
20,10,3,sparse,random,0.3,98,113,0.8672566371681416,15,0.13274336283185842,True,True,True,True,False
21,10,3,sparse,random,0.3,195,195,1.0,0,0.0,True,True,True,True,True
22,10,3,sparse,random,0.3,36,45,0.8,9,0.2,True,True,True,True,False
23,10,3,sparse,random,0.3,168,303,0.5544554455445545,135,0.44554455445544555,True,True,True,True,False
24,10,3,sparse,random,0.3,136,301,0.45182724252491696,165,0.5481727574750831,True,True,True,True,False
25,10,3,sparse,random,0.3,82,141,0.5815602836879432,59,0.41843971631205673,True,True,True,True,False
26,10,3,sparse,random,0.3,183,319,0.5736677115987461,136,0.4263322884012539,True,True,True,True,False
27,10,3,sparse,random,0.3,136,223,0.6098654708520179,87,0.3901345291479821,True,True,True,True,False
28,10,3,sparse,random,0.3,297,560,0.5303571428571429,263,0.46964285714285714,True,True,True,True,False
29,10,3,sparse,random,0.3,186,243,0.7654320987654321,57,0.2345679012345679,True,True,True,True,False
30,10,3,sparse,random,0.3,176,262,0.6717557251908397,86,0.3282442748091603,True,True,True,True,False
1,10,3,sparse,random,0.8,184,353,0.5212464589235127,169,0.47875354107648727,True,True,True,True,False
2,10,3,sparse,random,0.8,484,647,0.7480680061823802,163,0.25193199381761977,True,True,True,True,False
3,10,3,sparse,random,0.8,198,433,0.45727482678983833,235,0.5427251732101617,True,True,True,True,False
4,10,3,sparse,random,0.8,476,886,0.5372460496613995,410,0.46275395033860045,True,True,True,True,False
5,10,3,sparse,random,0.8,312,615,0.5073170731707317,303,0.4926829268292683,True,True,True,True,False
6,10,3,sparse,random,0.8,255,496,0.5141129032258065,241,0.48588709677419356,True,True,True,True,False
7,10,3,sparse,random,0.8,560,812,0.6896551724137931,252,0.3103448275862069,True,True,True,True,False
8,10,3,sparse,random,0.8,891,1238,0.7197092084006462,347,0.2802907915993538,True,True,True,True,False
9,10,3,sparse,random,0.8,392,566,0.6925795053003534,174,0.30742049469964666,True,True,True,True,False
10,10,3,sparse,random,0.8,364,553,0.6582278481012658,189,0.34177215189873417,True,True,True,True,False
11,10,3,sparse,random,0.8,623,1143,0.5450568678915135,520,0.4549431321084864,True,True,True,True,False
12,10,3,sparse,random,0.8,294,544,0.5404411764705882,250,0.45955882352941174,True,True,True,True,False
13,10,3,sparse,random,0.8,672,1187,0.5661331086773378,515,0.43386689132266215,True,True,True,True,False
14,10,3,sparse,random,0.8,142,253,0.5612648221343873,111,0.43873517786561267,True,True,True,True,False
15,10,3,sparse,random,0.8,348,764,0.45549738219895286,416,0.5445026178010471,True,True,True,True,False
16,10,3,sparse,random,0.8,588,1214,0.4843492586490939,626,0.515650741350906,True,True,True,True,False
17,10,3,sparse,random,0.8,649,907,0.7155457552370452,258,0.2844542447629548,True,True,True,True,False
18,10,3,sparse,random,0.8,584,942,0.6199575371549894,358,0.38004246284501064,True,True,True,True,False
19,10,3,sparse,random,0.8,390,971,0.4016477857878476,581,0.5983522142121525,True,True,True,True,False
20,10,3,sparse,random,0.8,360,537,0.6703910614525139,177,0.329608938547486,True,True,True,True,False
21,10,3,sparse,random,0.8,520,550,0.9454545454545454,30,0.05454545454545454,True,True,True,True,False
22,10,3,sparse,random,0.8,152,266,0.5714285714285714,114,0.42857142857142855,True,True,True,True,False
23,10,3,sparse,random,0.8,588,948,0.620253164556962,360,0.379746835443038,True,True,True,True,False
24,10,3,sparse,random,0.8,408,910,0.44835164835164837,502,0.5516483516483517,True,True,True,True,False
25,10,3,sparse,random,0.8,328,500,0.656,172,0.344,True,True,True,True,False
26,10,3,sparse,random,0.8,488,1015,0.4807881773399015,527,0.5192118226600986,True,True,True,True,False
27,10,3,sparse,random,0.8,476,737,0.6458616010854816,261,0.3541383989145183,True,True,True,True,False
28,10,3,sparse,random,0.8,792,1540,0.5142857142857142,748,0.4857142857142857,True,True,True,True,False
29,10,3,sparse,random,0.8,496,645,0.7689922480620155,149,0.2310077519379845,True,True,True,True,False
30,10,3,sparse,random,0.8,528,800,0.66,272,0.34,True,True,True,True,False
1,10,3,sparse,correlated,0.3,5,5,1.0,0,0.0,True,True,True,True,True
2,10,3,sparse,correlated,0.3,10,14,0.7142857142857143,4,0.2857142857142857,True,True,True,True,False
3,10,3,sparse,correlated,0.3,9,12,0.75,3,0.25,True,True,True,True,False
4,10,3,sparse,correlated,0.3,5,8,0.625,3,0.375,True,True,True,True,False
5,10,3,sparse,correlated,0.3,15,23,0.6521739130434783,8,0.34782608695652173,True,True,True,True,False
6,10,3,sparse,correlated,0.3,9,14,0.6428571428571429,5,0.35714285714285715,True,True,True,True,False
7,10,3,sparse,correlated,0.3,30,36,0.8333333333333334,6,0.16666666666666666,True,True,True,True,False
8,10,3,sparse,correlated,0.3,12,18,0.6666666666666666,6,0.3333333333333333,True,True,True,True,False
9,10,3,sparse,correlated,0.3,6,7,0.8571428571428571,1,0.14285714285714285,True,True,True,True,False
10,10,3,sparse,correlated,0.3,20,26,0.7692307692307693,6,0.23076923076923078,True,True,True,True,False
11,10,3,sparse,correlated,0.3,20,27,0.7407407407407407,7,0.25925925925925924,True,True,True,True,False
12,10,3,sparse,correlated,0.3,8,8,1.0,0,0.0,True,True,True,True,True
13,10,3,sparse,correlated,0.3,9,12,0.75,3,0.25,True,True,True,True,False
14,10,3,sparse,correlated,0.3,9,9,1.0,0,0.0,True,True,True,True,True
15,10,3,sparse,correlated,0.3,9,11,0.8181818181818182,2,0.18181818181818182,True,True,True,True,False
16,10,3,sparse,correlated,0.3,14,14,1.0,0,0.0,True,True,True,True,True
17,10,3,sparse,correlated,0.3,15,20,0.75,5,0.25,True,True,True,True,False
18,10,3,sparse,correlated,0.3,9,9,1.0,0,0.0,True,True,True,True,True
19,10,3,sparse,correlated,0.3,11,14,0.7857142857142857,3,0.21428571428571427,True,True,True,True,False
20,10,3,sparse,correlated,0.3,7,13,0.5384615384615384,6,0.46153846153846156,True,True,True,True,False
21,10,3,sparse,correlated,0.3,6,7,0.8571428571428571,1,0.14285714285714285,True,True,True,True,False
22,10,3,sparse,correlated,0.3,6,12,0.5,6,0.5,True,True,True,True,False
23,10,3,sparse,correlated,0.3,7,8,0.875,1,0.125,True,True,True,True,False
24,10,3,sparse,correlated,0.3,7,13,0.5384615384615384,6,0.46153846153846156,True,True,True,True,False
25,10,3,sparse,correlated,0.3,12,28,0.42857142857142855,16,0.5714285714285714,True,True,True,True,False
26,10,3,sparse,correlated,0.3,7,8,0.875,1,0.125,True,True,True,True,False
27,10,3,sparse,correlated,0.3,9,10,0.9,1,0.1,True,True,True,True,False
28,10,3,sparse,correlated,0.3,12,16,0.75,4,0.25,True,True,True,True,False
29,10,3,sparse,correlated,0.3,6,6,1.0,0,0.0,True,True,True,True,True
30,10,3,sparse,correlated,0.3,15,26,0.5769230769230769,11,0.4230769230769231,True,True,True,True,False
1,10,3,sparse,correlated,0.8,16,26,0.6153846153846154,10,0.38461538461538464,True,True,True,True,False
2,10,3,sparse,correlated,0.8,24,41,0.5853658536585366,17,0.4146341463414634,True,True,True,True,False
3,10,3,sparse,correlated,0.8,36,46,0.782608695652174,10,0.21739130434782608,True,True,True,True,False
4,10,3,sparse,correlated,0.8,20,36,0.5555555555555556,16,0.4444444444444444,True,True,True,True,False
5,10,3,sparse,correlated,0.8,40,70,0.5714285714285714,30,0.42857142857142855,True,True,True,True,False
6,10,3,sparse,correlated,0.8,27,38,0.7105263157894737,11,0.2894736842105263,True,True,True,True,False
7,10,3,sparse,correlated,0.8,78,101,0.7722772277227723,23,0.22772277227722773,True,True,True,True,False
8,10,3,sparse,correlated,0.8,32,49,0.6530612244897959,17,0.3469387755102041,True,True,True,True,False
9,10,3,sparse,correlated,0.8,15,30,0.5,15,0.5,True,True,True,True,False
10,10,3,sparse,correlated,0.8,52,72,0.7222222222222222,20,0.2777777777777778,True,True,True,True,False
11,10,3,sparse,correlated,0.8,60,81,0.7407407407407407,21,0.25925925925925924,True,True,True,True,False
12,10,3,sparse,correlated,0.8,21,25,0.84,4,0.16,True,True,True,True,False
13,10,3,sparse,correlated,0.8,27,42,0.6428571428571429,15,0.35714285714285715,True,True,True,True,False
14,10,3,sparse,correlated,0.8,27,33,0.8181818181818182,6,0.18181818181818182,True,True,True,True,False
15,10,3,sparse,correlated,0.8,40,45,0.8888888888888888,5,0.1111111111111111,True,True,True,True,False
16,10,3,sparse,correlated,0.8,42,50,0.84,8,0.16,True,True,True,True,False
17,10,3,sparse,correlated,0.8,45,60,0.75,15,0.25,True,True,True,True,False
18,10,3,sparse,correlated,0.8,24,28,0.8571428571428571,4,0.14285714285714285,True,True,True,True,False
19,10,3,sparse,correlated,0.8,33,48,0.6875,15,0.3125,True,True,True,True,False
20,10,3,sparse,correlated,0.8,24,37,0.6486486486486487,13,0.35135135135135137,True,True,True,True,False
21,10,3,sparse,correlated,0.8,18,21,0.8571428571428571,3,0.14285714285714285,True,True,True,True,False
22,10,3,sparse,correlated,0.8,30,54,0.5555555555555556,24,0.4444444444444444,True,True,True,True,False
23,10,3,sparse,correlated,0.8,21,27,0.7777777777777778,6,0.2222222222222222,True,True,True,True,False
24,10,3,sparse,correlated,0.8,35,46,0.7608695652173914,11,0.2391304347826087,True,True,True,True,False
25,10,3,sparse,correlated,0.8,36,80,0.45,44,0.55,True,True,True,True,False
26,10,3,sparse,correlated,0.8,28,36,0.7777777777777778,8,0.2222222222222222,True,True,True,True,False
27,10,3,sparse,correlated,0.8,27,37,0.7297297297297297,10,0.2702702702702703,True,True,True,True,False
28,10,3,sparse,correlated,0.8,40,58,0.6896551724137931,18,0.3103448275862069,True,True,True,True,False
29,10,3,sparse,correlated,0.8,21,34,0.6176470588235294,13,0.38235294117647056,True,True,True,True,False
30,10,3,sparse,correlated,0.8,40,73,0.547945205479452,33,0.4520547945205479,True,True,True,True,False
1,10,3,sparse,anticorrelated,0.3,13,25,0.52,12,0.48,True,True,True,True,False
2,10,3,sparse,anticorrelated,0.3,56,86,0.6511627906976745,30,0.3488372093023256,True,True,True,True,False
3,10,3,sparse,anticorrelated,0.3,39,70,0.5571428571428572,31,0.44285714285714284,True,True,True,True,False
4,10,3,sparse,anticorrelated,0.3,27,46,0.5869565217391305,19,0.41304347826086957,True,True,True,True,False
5,10,3,sparse,anticorrelated,0.3,54,93,0.5806451612903226,39,0.41935483870967744,True,True,True,True,False
6,10,3,sparse,anticorrelated,0.3,39,61,0.639344262295082,22,0.36065573770491804,True,True,True,True,False
7,10,3,sparse,anticorrelated,0.3,100,118,0.847457627118644,18,0.15254237288135594,True,True,True,True,False
8,10,3,sparse,anticorrelated,0.3,48,92,0.5217391304347826,44,0.4782608695652174,True,True,True,True,False
9,10,3,sparse,anticorrelated,0.3,14,23,0.6086956521739131,9,0.391304347826087,True,True,True,True,False
10,10,3,sparse,anticorrelated,0.3,95,110,0.8636363636363636,15,0.13636363636363635,True,True,True,True,False
11,10,3,sparse,anticorrelated,0.3,84,103,0.8155339805825242,19,0.18446601941747573,True,True,True,True,False
12,10,3,sparse,anticorrelated,0.3,30,41,0.7317073170731707,11,0.2682926829268293,True,True,True,True,False
13,10,3,sparse,anticorrelated,0.3,54,71,0.7605633802816901,17,0.23943661971830985,True,True,True,True,False
14,10,3,sparse,anticorrelated,0.3,16,16,1.0,0,0.0,True,True,True,True,True
15,10,3,sparse,anticorrelated,0.3,42,45,0.9333333333333333,3,0.06666666666666667,True,True,True,True,False
16,10,3,sparse,anticorrelated,0.3,40,40,1.0,0,0.0,True,True,True,True,True
17,10,3,sparse,anticorrelated,0.3,90,90,1.0,0,0.0,True,True,True,True,True
18,10,3,sparse,anticorrelated,0.3,16,16,1.0,0,0.0,True,True,True,True,True
19,10,3,sparse,anticorrelated,0.3,17,48,0.3541666666666667,31,0.6458333333333334,True,True,True,True,False
20,10,3,sparse,anticorrelated,0.3,51,66,0.7727272727272727,15,0.22727272727272727,True,True,True,True,False
21,10,3,sparse,anticorrelated,0.3,20,28,0.7142857142857143,8,0.2857142857142857,True,True,True,True,False
22,10,3,sparse,anticorrelated,0.3,18,36,0.5,18,0.5,True,True,True,True,False
23,10,3,sparse,anticorrelated,0.3,28,39,0.717948717948718,11,0.28205128205128205,True,True,True,True,False
24,10,3,sparse,anticorrelated,0.3,26,36,0.7222222222222222,10,0.2777777777777778,True,True,True,True,False
25,10,3,sparse,anticorrelated,0.3,38,106,0.3584905660377358,68,0.6415094339622641,True,True,True,True,False
26,10,3,sparse,anticorrelated,0.3,18,31,0.5806451612903226,13,0.41935483870967744,True,True,True,True,False
27,10,3,sparse,anticorrelated,0.3,48,59,0.8135593220338984,11,0.1864406779661017,True,True,True,True,False
28,10,3,sparse,anticorrelated,0.3,54,82,0.6585365853658537,28,0.34146341463414637,True,True,True,True,False
29,10,3,sparse,anticorrelated,0.3,34,34,1.0,0,0.0,True,True,True,True,True
30,10,3,sparse,anticorrelated,0.3,60,97,0.6185567010309279,37,0.38144329896907214,True,True,True,True,False
1,10,3,sparse,anticorrelated,0.8,52,104,0.5,52,0.5,True,True,True,True,False
2,10,3,sparse,anticorrelated,0.8,154,244,0.6311475409836066,90,0.36885245901639346,True,True,True,True,False
3,10,3,sparse,anticorrelated,0.8,130,222,0.5855855855855856,92,0.4144144144144144,True,True,True,True,False
4,10,3,sparse,anticorrelated,0.8,72,139,0.5179856115107914,67,0.48201438848920863,True,True,True,True,False
5,10,3,sparse,anticorrelated,0.8,144,261,0.5517241379310345,117,0.4482758620689655,True,True,True,True,False
6,10,3,sparse,anticorrelated,0.8,104,184,0.5652173913043478,80,0.43478260869565216,True,True,True,True,False
7,10,3,sparse,anticorrelated,0.8,260,329,0.790273556231003,69,0.20972644376899696,True,True,True,True,False
8,10,3,sparse,anticorrelated,0.8,128,249,0.5140562248995983,121,0.4859437751004016,True,True,True,True,False
9,10,3,sparse,anticorrelated,0.8,44,97,0.4536082474226804,53,0.5463917525773195,True,True,True,True,False
10,10,3,sparse,anticorrelated,0.8,247,305,0.8098360655737705,58,0.1901639344262295,True,True,True,True,False
11,10,3,sparse,anticorrelated,0.8,252,307,0.8208469055374593,55,0.1791530944625407,True,True,True,True,False
12,10,3,sparse,anticorrelated,0.8,105,127,0.8267716535433071,22,0.1732283464566929,True,True,True,True,False
13,10,3,sparse,anticorrelated,0.8,144,205,0.7024390243902439,61,0.2975609756097561,True,True,True,True,False
14,10,3,sparse,anticorrelated,0.8,48,74,0.6486486486486487,26,0.35135135135135137,True,True,True,True,False
15,10,3,sparse,anticorrelated,0.8,140,155,0.9032258064516129,15,0.0967741935483871,True,True,True,True,False
16,10,3,sparse,anticorrelated,0.8,120,136,0.8823529411764706,16,0.11764705882352941,True,True,True,True,False
17,10,3,sparse,anticorrelated,0.8,270,270,1.0,0,0.0,True,True,True,True,True
18,10,3,sparse,anticorrelated,0.8,60,82,0.7317073170731707,22,0.2682926829268293,True,True,True,True,False
19,10,3,sparse,anticorrelated,0.8,85,193,0.44041450777202074,108,0.5595854922279793,True,True,True,True,False
20,10,3,sparse,anticorrelated,0.8,136,181,0.7513812154696132,45,0.24861878453038674,True,True,True,True,False
21,10,3,sparse,anticorrelated,0.8,54,84,0.6428571428571429,30,0.35714285714285715,True,True,True,True,False
22,10,3,sparse,anticorrelated,0.8,90,144,0.625,54,0.375,True,True,True,True,False
23,10,3,sparse,anticorrelated,0.8,84,117,0.717948717948718,33,0.28205128205128205,True,True,True,True,False
24,10,3,sparse,anticorrelated,0.8,91,121,0.7520661157024794,30,0.24793388429752067,True,True,True,True,False
25,10,3,sparse,anticorrelated,0.8,114,301,0.3787375415282392,187,0.6212624584717608,True,True,True,True,False
26,10,3,sparse,anticorrelated,0.8,64,91,0.7032967032967034,27,0.2967032967032967,True,True,True,True,False
27,10,3,sparse,anticorrelated,0.8,144,197,0.7309644670050761,53,0.26903553299492383,True,True,True,True,False
28,10,3,sparse,anticorrelated,0.8,180,264,0.6818181818181818,84,0.3181818181818182,True,True,True,True,False
29,10,3,sparse,anticorrelated,0.8,119,149,0.7986577181208053,30,0.20134228187919462,True,True,True,True,False
30,10,3,sparse,anticorrelated,0.8,160,271,0.5904059040590406,111,0.4095940959409594,True,True,True,True,False
1,12,1,dense,random,0.3,456,456,1.0,0,0.0,True,True,True,True,True
2,12,1,dense,random,0.3,392,392,1.0,0,0.0,True,True,True,True,True
3,12,1,dense,random,0.3,518,518,1.0,0,0.0,True,True,True,True,True
4,12,1,dense,random,0.3,540,540,1.0,0,0.0,True,True,True,True,True
5,12,1,dense,random,0.3,700,700,1.0,0,0.0,True,True,True,True,True
6,12,1,dense,random,0.3,414,414,1.0,0,0.0,True,True,True,True,True
7,12,1,dense,random,0.3,528,528,1.0,0,0.0,True,True,True,True,True
8,12,1,dense,random,0.3,455,455,1.0,0,0.0,True,True,True,True,True
9,12,1,dense,random,0.3,588,588,1.0,0,0.0,True,True,True,True,True
10,12,1,dense,random,0.3,679,679,1.0,0,0.0,True,True,True,True,True
11,12,1,dense,random,0.3,546,546,1.0,0,0.0,True,True,True,True,True
12,12,1,dense,random,0.3,658,658,1.0,0,0.0,True,True,True,True,True
13,12,1,dense,random,0.3,426,426,1.0,0,0.0,True,True,True,True,True
14,12,1,dense,random,0.3,564,564,1.0,0,0.0,True,True,True,True,True
15,12,1,dense,random,0.3,525,525,1.0,0,0.0,True,True,True,True,True
16,12,1,dense,random,0.3,480,480,1.0,0,0.0,True,True,True,True,True
17,12,1,dense,random,0.3,560,560,1.0,0,0.0,True,True,True,True,True
18,12,1,dense,random,0.3,602,602,1.0,0,0.0,True,True,True,True,True
19,12,1,dense,random,0.3,574,574,1.0,0,0.0,True,True,True,True,True
20,12,1,dense,random,0.3,490,490,1.0,0,0.0,True,True,True,True,True
21,12,1,dense,random,0.3,371,371,1.0,0,0.0,True,True,True,True,True
22,12,1,dense,random,0.3,510,510,1.0,0,0.0,True,True,True,True,True
23,12,1,dense,random,0.3,462,462,1.0,0,0.0,True,True,True,True,True
24,12,1,dense,random,0.3,651,651,1.0,0,0.0,True,True,True,True,True
25,12,1,dense,random,0.3,384,384,1.0,0,0.0,True,True,True,True,True
26,12,1,dense,random,0.3,609,609,1.0,0,0.0,True,True,True,True,True
27,12,1,dense,random,0.3,594,594,1.0,0,0.0,True,True,True,True,True
28,12,1,dense,random,0.3,516,516,1.0,0,0.0,True,True,True,True,True
29,12,1,dense,random,0.3,567,567,1.0,0,0.0,True,True,True,True,True
30,12,1,dense,random,0.3,637,637,1.0,0,0.0,True,True,True,True,True
1,12,1,dense,random,0.8,1368,1368,1.0,0,0.0,True,True,True,True,True
2,12,1,dense,random,0.8,980,1008,0.9722222222222222,28,0.027777777777777776,True,True,True,True,False
3,12,1,dense,random,0.8,1406,1406,1.0,0,0.0,True,True,True,True,True
4,12,1,dense,random,0.8,1440,1440,1.0,0,0.0,True,True,True,True,True
5,12,1,dense,random,0.8,2000,2000,1.0,0,0.0,True,True,True,True,True
6,12,1,dense,random,0.8,1242,1242,1.0,0,0.0,True,True,True,True,True
7,12,1,dense,random,0.8,1408,1408,1.0,0,0.0,True,True,True,True,True
8,12,1,dense,random,0.8,1235,1235,1.0,0,0.0,True,True,True,True,True
9,12,1,dense,random,0.8,1764,1764,1.0,0,0.0,True,True,True,True,True
10,12,1,dense,random,0.8,1940,1940,1.0,0,0.0,True,True,True,True,True
11,12,1,dense,random,0.8,1456,1456,1.0,0,0.0,True,True,True,True,True
12,12,1,dense,random,0.8,1880,1880,1.0,0,0.0,True,True,True,True,True
13,12,1,dense,random,0.8,1207,1207,1.0,0,0.0,True,True,True,True,True
14,12,1,dense,random,0.8,1504,1504,1.0,0,0.0,True,True,True,True,True
15,12,1,dense,random,0.8,1425,1425,1.0,0,0.0,True,True,True,True,True
16,12,1,dense,random,0.8,1440,1440,1.0,0,0.0,True,True,True,True,True
17,12,1,dense,random,0.8,1520,1520,1.0,0,0.0,True,True,True,True,True
18,12,1,dense,random,0.8,1720,1720,1.0,0,0.0,True,True,True,True,True
19,12,1,dense,random,0.8,1640,1640,1.0,0,0.0,True,True,True,True,True
20,12,1,dense,random,0.8,1400,1400,1.0,0,0.0,True,True,True,True,True
21,12,1,dense,random,0.8,1007,1007,1.0,0,0.0,True,True,True,True,True
22,12,1,dense,random,0.8,1360,1360,1.0,0,0.0,True,True,True,True,True
23,12,1,dense,random,0.8,1320,1320,1.0,0,0.0,True,True,True,True,True
24,12,1,dense,random,0.8,1860,1860,1.0,0,0.0,True,True,True,True,True
25,12,1,dense,random,0.8,1056,1056,1.0,0,0.0,True,True,True,True,True
26,12,1,dense,random,0.8,1740,1740,1.0,0,0.0,True,True,True,True,True
27,12,1,dense,random,0.8,1683,1683,1.0,0,0.0,True,True,True,True,True
28,12,1,dense,random,0.8,1462,1462,1.0,0,0.0,True,True,True,True,True
29,12,1,dense,random,0.8,1512,1512,1.0,0,0.0,True,True,True,True,True
30,12,1,dense,random,0.8,1729,1729,1.0,0,0.0,True,True,True,True,True
1,12,1,dense,correlated,0.3,30,30,1.0,0,0.0,True,True,True,True,True
2,12,1,dense,correlated,0.3,16,16,1.0,0,0.0,True,True,True,True,True
3,12,1,dense,correlated,0.3,42,42,1.0,0,0.0,True,True,True,True,True
4,12,1,dense,correlated,0.3,36,36,1.0,0,0.0,True,True,True,True,True
5,12,1,dense,correlated,0.3,42,42,1.0,0,0.0,True,True,True,True,True
6,12,1,dense,correlated,0.3,28,28,1.0,0,0.0,True,True,True,True,True
7,12,1,dense,correlated,0.3,48,48,1.0,0,0.0,True,True,True,True,True
8,12,1,dense,correlated,0.3,36,36,1.0,0,0.0,True,True,True,True,True
9,12,1,dense,correlated,0.3,36,36,1.0,0,0.0,True,True,True,True,True
10,12,1,dense,correlated,0.3,24,24,1.0,0,0.0,True,True,True,True,True
11,12,1,dense,correlated,0.3,36,36,1.0,0,0.0,True,True,True,True,True
12,12,1,dense,correlated,0.3,42,42,1.0,0,0.0,True,True,True,True,True
13,12,1,dense,correlated,0.3,18,18,1.0,0,0.0,True,True,True,True,True
14,12,1,dense,correlated,0.3,24,24,1.0,0,0.0,True,True,True,True,True
15,12,1,dense,correlated,0.3,30,30,1.0,0,0.0,True,True,True,True,True
16,12,1,dense,correlated,0.3,40,40,1.0,0,0.0,True,True,True,True,True
17,12,1,dense,correlated,0.3,36,36,1.0,0,0.0,True,True,True,True,True
18,12,1,dense,correlated,0.3,36,36,1.0,0,0.0,True,True,True,True,True
19,12,1,dense,correlated,0.3,28,28,1.0,0,0.0,True,True,True,True,True
20,12,1,dense,correlated,0.3,24,24,1.0,0,0.0,True,True,True,True,True
21,12,1,dense,correlated,0.3,36,36,1.0,0,0.0,True,True,True,True,True
22,12,1,dense,correlated,0.3,35,35,1.0,0,0.0,True,True,True,True,True
23,12,1,dense,correlated,0.3,42,42,1.0,0,0.0,True,True,True,True,True
24,12,1,dense,correlated,0.3,18,20,0.9,2,0.1,True,True,True,True,False
25,12,1,dense,correlated,0.3,28,28,1.0,0,0.0,True,True,True,True,True
26,12,1,dense,correlated,0.3,25,25,1.0,0,0.0,True,True,True,True,True
27,12,1,dense,correlated,0.3,36,36,1.0,0,0.0,True,True,True,True,True
28,12,1,dense,correlated,0.3,12,13,0.9230769230769231,1,0.07692307692307693,True,True,True,True,False
29,12,1,dense,correlated,0.3,30,30,1.0,0,0.0,True,True,True,True,True
30,12,1,dense,correlated,0.3,24,24,1.0,0,0.0,True,True,True,True,True
1,12,1,dense,correlated,0.8,90,90,1.0,0,0.0,True,True,True,True,True
2,12,1,dense,correlated,0.8,42,42,1.0,0,0.0,True,True,True,True,True
3,12,1,dense,correlated,0.8,120,120,1.0,0,0.0,True,True,True,True,True
4,12,1,dense,correlated,0.8,108,108,1.0,0,0.0,True,True,True,True,True
5,12,1,dense,correlated,0.8,114,114,1.0,0,0.0,True,True,True,True,True
6,12,1,dense,correlated,0.8,77,77,1.0,0,0.0,True,True,True,True,True
7,12,1,dense,correlated,0.8,132,132,1.0,0,0.0,True,True,True,True,True
8,12,1,dense,correlated,0.8,96,96,1.0,0,0.0,True,True,True,True,True
9,12,1,dense,correlated,0.8,96,96,1.0,0,0.0,True,True,True,True,True
10,12,1,dense,correlated,0.8,66,67,0.9850746268656716,1,0.014925373134328358,True,True,True,True,False
11,12,1,dense,correlated,0.8,96,96,1.0,0,0.0,True,True,True,True,True
12,12,1,dense,correlated,0.8,120,120,1.0,0,0.0,True,True,True,True,True
13,12,1,dense,correlated,0.8,51,51,1.0,0,0.0,True,True,True,True,True
14,12,1,dense,correlated,0.8,66,66,1.0,0,0.0,True,True,True,True,True
15,12,1,dense,correlated,0.8,90,90,1.0,0,0.0,True,True,True,True,True
16,12,1,dense,correlated,0.8,105,105,1.0,0,0.0,True,True,True,True,True
17,12,1,dense,correlated,0.8,96,96,1.0,0,0.0,True,True,True,True,True
18,12,1,dense,correlated,0.8,108,108,1.0,0,0.0,True,True,True,True,True
19,12,1,dense,correlated,0.8,76,76,1.0,0,0.0,True,True,True,True,True
20,12,1,dense,correlated,0.8,64,64,1.0,0,0.0,True,True,True,True,True
21,12,1,dense,correlated,0.8,102,102,1.0,0,0.0,True,True,True,True,True
22,12,1,dense,correlated,0.8,100,100,1.0,0,0.0,True,True,True,True,True
23,12,1,dense,correlated,0.8,120,120,1.0,0,0.0,True,True,True,True,True
24,12,1,dense,correlated,0.8,60,60,1.0,0,0.0,True,True,True,True,True
25,12,1,dense,correlated,0.8,70,73,0.958904109589041,3,0.0410958904109589,True,True,True,True,False
26,12,1,dense,correlated,0.8,75,75,1.0,0,0.0,True,True,True,True,True
27,12,1,dense,correlated,0.8,96,96,1.0,0,0.0,True,True,True,True,True
28,12,1,dense,correlated,0.8,36,38,0.9473684210526315,2,0.05263157894736842,True,True,True,True,False
29,12,1,dense,correlated,0.8,90,90,1.0,0,0.0,True,True,True,True,True
30,12,1,dense,correlated,0.8,60,62,0.967741935483871,2,0.03225806451612903,True,True,True,True,False
1,12,1,dense,anticorrelated,0.3,96,96,1.0,0,0.0,True,True,True,True,True
2,12,1,dense,anticorrelated,0.3,104,104,1.0,0,0.0,True,True,True,True,True
3,12,1,dense,anticorrelated,0.3,119,119,1.0,0,0.0,True,True,True,True,True
4,12,1,dense,anticorrelated,0.3,102,102,1.0,0,0.0,True,True,True,True,True
5,12,1,dense,anticorrelated,0.3,119,119,1.0,0,0.0,True,True,True,True,True
6,12,1,dense,anticorrelated,0.3,80,80,1.0,0,0.0,True,True,True,True,True
7,12,1,dense,anticorrelated,0.3,136,136,1.0,0,0.0,True,True,True,True,True
8,12,1,dense,anticorrelated,0.3,135,135,1.0,0,0.0,True,True,True,True,True
9,12,1,dense,anticorrelated,0.3,102,102,1.0,0,0.0,True,True,True,True,True
10,12,1,dense,anticorrelated,0.3,80,80,1.0,0,0.0,True,True,True,True,True
11,12,1,dense,anticorrelated,0.3,102,102,1.0,0,0.0,True,True,True,True,True
12,12,1,dense,anticorrelated,0.3,119,119,1.0,0,0.0,True,True,True,True,True
13,12,1,dense,anticorrelated,0.3,84,84,1.0,0,0.0,True,True,True,True,True
14,12,1,dense,anticorrelated,0.3,72,72,1.0,0,0.0,True,True,True,True,True
15,12,1,dense,anticorrelated,0.3,96,96,1.0,0,0.0,True,True,True,True,True
16,12,1,dense,anticorrelated,0.3,128,128,1.0,0,0.0,True,True,True,True,True
17,12,1,dense,anticorrelated,0.3,102,102,1.0,0,0.0,True,True,True,True,True
18,12,1,dense,anticorrelated,0.3,102,102,1.0,0,0.0,True,True,True,True,True
19,12,1,dense,anticorrelated,0.3,105,105,1.0,0,0.0,True,True,True,True,True
20,12,1,dense,anticorrelated,0.3,90,90,1.0,0,0.0,True,True,True,True,True
21,12,1,dense,anticorrelated,0.3,102,102,1.0,0,0.0,True,True,True,True,True
22,12,1,dense,anticorrelated,0.3,112,112,1.0,0,0.0,True,True,True,True,True
23,12,1,dense,anticorrelated,0.3,119,119,1.0,0,0.0,True,True,True,True,True
24,12,1,dense,anticorrelated,0.3,77,77,1.0,0,0.0,True,True,True,True,True
25,12,1,dense,anticorrelated,0.3,112,112,1.0,0,0.0,True,True,True,True,True
26,12,1,dense,anticorrelated,0.3,80,80,1.0,0,0.0,True,True,True,True,True
27,12,1,dense,anticorrelated,0.3,102,102,1.0,0,0.0,True,True,True,True,True
28,12,1,dense,anticorrelated,0.3,77,77,1.0,0,0.0,True,True,True,True,True
29,12,1,dense,anticorrelated,0.3,96,96,1.0,0,0.0,True,True,True,True,True
30,12,1,dense,anticorrelated,0.3,72,72,1.0,0,0.0,True,True,True,True,True
1,12,1,dense,anticorrelated,0.8,288,288,1.0,0,0.0,True,True,True,True,True
2,12,1,dense,anticorrelated,0.8,273,273,1.0,0,0.0,True,True,True,True,True
3,12,1,dense,anticorrelated,0.8,340,340,1.0,0,0.0,True,True,True,True,True
4,12,1,dense,anticorrelated,0.8,306,306,1.0,0,0.0,True,True,True,True,True
5,12,1,dense,anticorrelated,0.8,323,323,1.0,0,0.0,True,True,True,True,True
6,12,1,dense,anticorrelated,0.8,220,220,1.0,0,0.0,True,True,True,True,True
7,12,1,dense,anticorrelated,0.8,374,374,1.0,0,0.0,True,True,True,True,True
8,12,1,dense,anticorrelated,0.8,360,360,1.0,0,0.0,True,True,True,True,True
9,12,1,dense,anticorrelated,0.8,272,272,1.0,0,0.0,True,True,True,True,True
10,12,1,dense,anticorrelated,0.8,230,230,1.0,0,0.0,True,True,True,True,True
11,12,1,dense,anticorrelated,0.8,272,272,1.0,0,0.0,True,True,True,True,True
12,12,1,dense,anticorrelated,0.8,340,340,1.0,0,0.0,True,True,True,True,True
13,12,1,dense,anticorrelated,0.8,238,238,1.0,0,0.0,True,True,True,True,True
14,12,1,dense,anticorrelated,0.8,198,198,1.0,0,0.0,True,True,True,True,True
15,12,1,dense,anticorrelated,0.8,288,288,1.0,0,0.0,True,True,True,True,True
16,12,1,dense,anticorrelated,0.8,336,336,1.0,0,0.0,True,True,True,True,True
17,12,1,dense,anticorrelated,0.8,272,272,1.0,0,0.0,True,True,True,True,True
18,12,1,dense,anticorrelated,0.8,306,306,1.0,0,0.0,True,True,True,True,True
19,12,1,dense,anticorrelated,0.8,285,285,1.0,0,0.0,True,True,True,True,True
20,12,1,dense,anticorrelated,0.8,240,240,1.0,0,0.0,True,True,True,True,True
21,12,1,dense,anticorrelated,0.8,289,289,1.0,0,0.0,True,True,True,True,True
22,12,1,dense,anticorrelated,0.8,320,320,1.0,0,0.0,True,True,True,True,True
23,12,1,dense,anticorrelated,0.8,340,340,1.0,0,0.0,True,True,True,True,True
24,12,1,dense,anticorrelated,0.8,220,220,1.0,0,0.0,True,True,True,True,True
25,12,1,dense,anticorrelated,0.8,294,294,1.0,0,0.0,True,True,True,True,True
26,12,1,dense,anticorrelated,0.8,240,240,1.0,0,0.0,True,True,True,True,True
27,12,1,dense,anticorrelated,0.8,272,272,1.0,0,0.0,True,True,True,True,True
28,12,1,dense,anticorrelated,0.8,220,220,1.0,0,0.0,True,True,True,True,True
29,12,1,dense,anticorrelated,0.8,288,288,1.0,0,0.0,True,True,True,True,True
30,12,1,dense,anticorrelated,0.8,189,189,1.0,0,0.0,True,True,True,True,True
1,12,1,sparse,random,0.3,180,180,1.0,0,0.0,True,True,True,True,True
2,12,1,sparse,random,0.3,108,122,0.8852459016393442,14,0.11475409836065574,True,True,True,True,False
3,12,1,sparse,random,0.3,415,415,1.0,0,0.0,True,True,True,True,True
4,12,1,sparse,random,0.3,176,176,1.0,0,0.0,True,True,True,True,True
5,12,1,sparse,random,0.3,124,125,0.992,1,0.008,True,True,True,True,False
6,12,1,sparse,random,0.3,220,220,1.0,0,0.0,True,True,True,True,True
7,12,1,sparse,random,0.3,188,188,1.0,0,0.0,True,True,True,True,True
8,12,1,sparse,random,0.3,170,170,1.0,0,0.0,True,True,True,True,True
9,12,1,sparse,random,0.3,170,170,1.0,0,0.0,True,True,True,True,True
10,12,1,sparse,random,0.3,170,170,1.0,0,0.0,True,True,True,True,True
11,12,1,sparse,random,0.3,192,192,1.0,0,0.0,True,True,True,True,True
12,12,1,sparse,random,0.3,285,285,1.0,0,0.0,True,True,True,True,True
13,12,1,sparse,random,0.3,77,77,1.0,0,0.0,True,True,True,True,True
14,12,1,sparse,random,0.3,348,348,1.0,0,0.0,True,True,True,True,True
15,12,1,sparse,random,0.3,216,216,1.0,0,0.0,True,True,True,True,True
16,12,1,sparse,random,0.3,465,465,1.0,0,0.0,True,True,True,True,True
17,12,1,sparse,random,0.3,196,196,1.0,0,0.0,True,True,True,True,True
18,12,1,sparse,random,0.3,102,102,1.0,0,0.0,True,True,True,True,True
19,12,1,sparse,random,0.3,146,146,1.0,0,0.0,True,True,True,True,True
20,12,1,sparse,random,0.3,135,135,1.0,0,0.0,True,True,True,True,True
21,12,1,sparse,random,0.3,194,194,1.0,0,0.0,True,True,True,True,True
22,12,1,sparse,random,0.3,240,240,1.0,0,0.0,True,True,True,True,True
23,12,1,sparse,random,0.3,94,108,0.8703703703703703,14,0.12962962962962962,True,True,True,True,False
24,12,1,sparse,random,0.3,100,100,1.0,0,0.0,True,True,True,True,True
25,12,1,sparse,random,0.3,273,273,1.0,0,0.0,True,True,True,True,True
26,12,1,sparse,random,0.3,380,380,1.0,0,0.0,True,True,True,True,True
27,12,1,sparse,random,0.3,129,141,0.9148936170212766,12,0.0851063829787234,True,True,True,True,False
28,12,1,sparse,random,0.3,78,78,1.0,0,0.0,True,True,True,True,True
29,12,1,sparse,random,0.3,255,255,1.0,0,0.0,True,True,True,True,True
30,12,1,sparse,random,0.3,76,76,1.0,0,0.0,True,True,True,True,True
1,12,1,sparse,random,0.8,450,450,1.0,0,0.0,True,True,True,True,True
2,12,1,sparse,random,0.8,344,380,0.9052631578947369,36,0.09473684210526316,True,True,True,True,False
3,12,1,sparse,random,0.8,1245,1245,1.0,0,0.0,True,True,True,True,True
4,12,1,sparse,random,0.8,616,616,1.0,0,0.0,True,True,True,True,True
5,12,1,sparse,random,0.8,376,376,1.0,0,0.0,True,True,True,True,True
6,12,1,sparse,random,0.8,616,616,1.0,0,0.0,True,True,True,True,True
7,12,1,sparse,random,0.8,658,658,1.0,0,0.0,True,True,True,True,True
8,12,1,sparse,random,0.8,425,425,1.0,0,0.0,True,True,True,True,True
9,12,1,sparse,random,0.8,510,510,1.0,0,0.0,True,True,True,True,True
10,12,1,sparse,random,0.8,595,595,1.0,0,0.0,True,True,True,True,True
11,12,1,sparse,random,0.8,528,528,1.0,0,0.0,True,True,True,True,True
12,12,1,sparse,random,0.8,760,760,1.0,0,0.0,True,True,True,True,True
13,12,1,sparse,random,0.8,77,77,1.0,0,0.0,True,True,True,True,True
14,12,1,sparse,random,0.8,1044,1044,1.0,0,0.0,True,True,True,True,True
15,12,1,sparse,random,0.8,594,594,1.0,0,0.0,True,True,True,True,True
16,12,1,sparse,random,0.8,1302,1302,1.0,0,0.0,True,True,True,True,True
17,12,1,sparse,random,0.8,588,588,1.0,0,0.0,True,True,True,True,True
18,12,1,sparse,random,0.8,332,332,1.0,0,0.0,True,True,True,True,True
19,12,1,sparse,random,0.8,365,365,1.0,0,0.0,True,True,True,True,True
20,12,1,sparse,random,0.8,450,450,1.0,0,0.0,True,True,True,True,True
21,12,1,sparse,random,0.8,679,679,1.0,0,0.0,True,True,True,True,True
22,12,1,sparse,random,0.8,672,672,1.0,0,0.0,True,True,True,True,True
23,12,1,sparse,random,0.8,364,364,1.0,0,0.0,True,True,True,True,True
24,12,1,sparse,random,0.8,300,300,1.0,0,0.0,True,True,True,True,True
25,12,1,sparse,random,0.8,819,819,1.0,0,0.0,True,True,True,True,True
26,12,1,sparse,random,0.8,1140,1140,1.0,0,0.0,True,True,True,True,True
27,12,1,sparse,random,0.8,392,435,0.9011494252873563,43,0.09885057471264368,True,True,True,True,False
28,12,1,sparse,random,0.8,156,187,0.8342245989304813,31,0.1657754010695187,True,True,True,True,False
29,12,1,sparse,random,0.8,680,680,1.0,0,0.0,True,True,True,True,True
30,12,1,sparse,random,0.8,304,304,1.0,0,0.0,True,True,True,True,True
1,12,1,sparse,correlated,0.3,2,2,1.0,0,0.0,True,True,True,True,True
2,12,1,sparse,correlated,0.3,18,18,1.0,0,0.0,True,True,True,True,True
3,12,1,sparse,correlated,0.3,8,8,1.0,0,0.0,True,True,True,True,True
4,12,1,sparse,correlated,0.3,24,24,1.0,0,0.0,True,True,True,True,True
5,12,1,sparse,correlated,0.3,10,10,1.0,0,0.0,True,True,True,True,True
6,12,1,sparse,correlated,0.3,24,24,1.0,0,0.0,True,True,True,True,True
7,12,1,sparse,correlated,0.3,8,8,1.0,0,0.0,True,True,True,True,True
8,12,1,sparse,correlated,0.3,7,7,1.0,0,0.0,True,True,True,True,True
9,12,1,sparse,correlated,0.3,12,12,1.0,0,0.0,True,True,True,True,True
10,12,1,sparse,correlated,0.3,24,24,1.0,0,0.0,True,True,True,True,True
11,12,1,sparse,correlated,0.3,8,8,1.0,0,0.0,True,True,True,True,True
12,12,1,sparse,correlated,0.3,12,12,1.0,0,0.0,True,True,True,True,True
13,12,1,sparse,correlated,0.3,1,1,1.0,0,0.0,True,True,True,True,True
14,12,1,sparse,correlated,0.3,9,9,1.0,0,0.0,True,True,True,True,True
15,12,1,sparse,correlated,0.3,6,7,0.8571428571428571,1,0.14285714285714285,True,True,True,True,False
16,12,1,sparse,correlated,0.3,8,12,0.6666666666666666,4,0.3333333333333333,True,True,True,True,False
17,12,1,sparse,correlated,0.3,10,10,1.0,0,0.0,True,True,True,True,True
18,12,1,sparse,correlated,0.3,4,4,1.0,0,0.0,True,True,True,True,True
19,12,1,sparse,correlated,0.3,18,18,1.0,0,0.0,True,True,True,True,True
20,12,1,sparse,correlated,0.3,14,16,0.875,2,0.125,True,True,True,True,False
21,12,1,sparse,correlated,0.3,5,5,1.0,0,0.0,True,True,True,True,True
22,12,1,sparse,correlated,0.3,6,7,0.8571428571428571,1,0.14285714285714285,True,True,True,True,False
23,12,1,sparse,correlated,0.3,12,12,1.0,0,0.0,True,True,True,True,True
24,12,1,sparse,correlated,0.3,12,12,1.0,0,0.0,True,True,True,True,True
25,12,1,sparse,correlated,0.3,15,15,1.0,0,0.0,True,True,True,True,True
26,12,1,sparse,correlated,0.3,8,8,1.0,0,0.0,True,True,True,True,True
27,12,1,sparse,correlated,0.3,18,18,1.0,0,0.0,True,True,True,True,True
28,12,1,sparse,correlated,0.3,8,8,1.0,0,0.0,True,True,True,True,True
29,12,1,sparse,correlated,0.3,6,6,1.0,0,0.0,True,True,True,True,True
30,12,1,sparse,correlated,0.3,24,24,1.0,0,0.0,True,True,True,True,True
1,12,1,sparse,correlated,0.8,5,5,1.0,0,0.0,True,True,True,True,True
2,12,1,sparse,correlated,0.8,60,60,1.0,0,0.0,True,True,True,True,True
3,12,1,sparse,correlated,0.8,28,28,1.0,0,0.0,True,True,True,True,True
4,12,1,sparse,correlated,0.8,66,66,1.0,0,0.0,True,True,True,True,True
5,12,1,sparse,correlated,0.8,25,26,0.9615384615384616,1,0.038461538461538464,True,True,True,True,False
6,12,1,sparse,correlated,0.8,72,72,1.0,0,0.0,True,True,True,True,True
7,12,1,sparse,correlated,0.8,20,22,0.9090909090909091,2,0.09090909090909091,True,True,True,True,False
8,12,1,sparse,correlated,0.8,21,21,1.0,0,0.0,True,True,True,True,True
9,12,1,sparse,correlated,0.8,30,30,1.0,0,0.0,True,True,True,True,True
10,12,1,sparse,correlated,0.8,66,66,1.0,0,0.0,True,True,True,True,True
11,12,1,sparse,correlated,0.8,28,29,0.9655172413793104,1,0.034482758620689655,True,True,True,True,False
12,12,1,sparse,correlated,0.8,33,33,1.0,0,0.0,True,True,True,True,True
13,12,1,sparse,correlated,0.8,8,9,0.8888888888888888,1,0.1111111111111111,True,True,True,True,False
14,12,1,sparse,correlated,0.8,30,30,1.0,0,0.0,True,True,True,True,True
15,12,1,sparse,correlated,0.8,24,24,1.0,0,0.0,True,True,True,True,True
16,12,1,sparse,correlated,0.8,32,33,0.9696969696969697,1,0.030303030303030304,True,True,True,True,False
17,12,1,sparse,correlated,0.8,25,25,1.0,0,0.0,True,True,True,True,True
18,12,1,sparse,correlated,0.8,16,16,1.0,0,0.0,True,True,True,True,True
19,12,1,sparse,correlated,0.8,48,48,1.0,0,0.0,True,True,True,True,True
20,12,1,sparse,correlated,0.8,49,49,1.0,0,0.0,True,True,True,True,True
21,12,1,sparse,correlated,0.8,20,20,1.0,0,0.0,True,True,True,True,True
22,12,1,sparse,correlated,0.8,30,30,1.0,0,0.0,True,True,True,True,True
23,12,1,sparse,correlated,0.8,42,42,1.0,0,0.0,True,True,True,True,True
24,12,1,sparse,correlated,0.8,36,36,1.0,0,0.0,True,True,True,True,True
25,12,1,sparse,correlated,0.8,45,45,1.0,0,0.0,True,True,True,True,True
26,12,1,sparse,correlated,0.8,24,24,1.0,0,0.0,True,True,True,True,True
27,12,1,sparse,correlated,0.8,48,48,1.0,0,0.0,True,True,True,True,True
28,12,1,sparse,correlated,0.8,24,24,1.0,0,0.0,True,True,True,True,True
29,12,1,sparse,correlated,0.8,24,24,1.0,0,0.0,True,True,True,True,True
30,12,1,sparse,correlated,0.8,72,72,1.0,0,0.0,True,True,True,True,True
1,12,1,sparse,anticorrelated,0.3,24,24,1.0,0,0.0,True,True,True,True,True
2,12,1,sparse,anticorrelated,0.3,51,51,1.0,0,0.0,True,True,True,True,True
3,12,1,sparse,anticorrelated,0.3,30,30,1.0,0,0.0,True,True,True,True,True
4,12,1,sparse,anticorrelated,0.3,68,68,1.0,0,0.0,True,True,True,True,True
5,12,1,sparse,anticorrelated,0.3,44,44,1.0,0,0.0,True,True,True,True,True
6,12,1,sparse,anticorrelated,0.3,68,68,1.0,0,0.0,True,True,True,True,True
7,12,1,sparse,anticorrelated,0.3,40,40,1.0,0,0.0,True,True,True,True,True
8,12,1,sparse,anticorrelated,0.3,21,21,1.0,0,0.0,True,True,True,True,True
9,12,1,sparse,anticorrelated,0.3,34,34,1.0,0,0.0,True,True,True,True,True
10,12,1,sparse,anticorrelated,0.3,68,68,1.0,0,0.0,True,True,True,True,True
11,12,1,sparse,anticorrelated,0.3,33,33,1.0,0,0.0,True,True,True,True,True
12,12,1,sparse,anticorrelated,0.3,56,56,1.0,0,0.0,True,True,True,True,True
13,12,1,sparse,anticorrelated,0.3,10,10,1.0,0,0.0,True,True,True,True,True
14,12,1,sparse,anticorrelated,0.3,42,42,1.0,0,0.0,True,True,True,True,True
15,12,1,sparse,anticorrelated,0.3,30,30,1.0,0,0.0,True,True,True,True,True
16,12,1,sparse,anticorrelated,0.3,55,55,1.0,0,0.0,True,True,True,True,True
17,12,1,sparse,anticorrelated,0.3,32,32,1.0,0,0.0,True,True,True,True,True
18,12,1,sparse,anticorrelated,0.3,13,13,1.0,0,0.0,True,True,True,True,True
19,12,1,sparse,anticorrelated,0.3,51,51,1.0,0,0.0,True,True,True,True,True
20,12,1,sparse,anticorrelated,0.3,65,65,1.0,0,0.0,True,True,True,True,True
21,12,1,sparse,anticorrelated,0.3,14,14,1.0,0,0.0,True,True,True,True,True
22,12,1,sparse,anticorrelated,0.3,33,33,1.0,0,0.0,True,True,True,True,True
23,12,1,sparse,anticorrelated,0.3,34,34,1.0,0,0.0,True,True,True,True,True
24,12,1,sparse,anticorrelated,0.3,56,56,1.0,0,0.0,True,True,True,True,True
25,12,1,sparse,anticorrelated,0.3,48,48,1.0,0,0.0,True,True,True,True,True
26,12,1,sparse,anticorrelated,0.3,36,36,1.0,0,0.0,True,True,True,True,True
27,12,1,sparse,anticorrelated,0.3,51,51,1.0,0,0.0,True,True,True,True,True
28,12,1,sparse,anticorrelated,0.3,30,30,1.0,0,0.0,True,True,True,True,True
29,12,1,sparse,anticorrelated,0.3,15,15,1.0,0,0.0,True,True,True,True,True
30,12,1,sparse,anticorrelated,0.3,68,68,1.0,0,0.0,True,True,True,True,True
1,12,1,sparse,anticorrelated,0.8,60,60,1.0,0,0.0,True,True,True,True,True
2,12,1,sparse,anticorrelated,0.8,170,170,1.0,0,0.0,True,True,True,True,True
3,12,1,sparse,anticorrelated,0.8,105,105,1.0,0,0.0,True,True,True,True,True
4,12,1,sparse,anticorrelated,0.8,187,187,1.0,0,0.0,True,True,True,True,True
5,12,1,sparse,anticorrelated,0.8,121,121,1.0,0,0.0,True,True,True,True,True
6,12,1,sparse,anticorrelated,0.8,204,204,1.0,0,0.0,True,True,True,True,True
7,12,1,sparse,anticorrelated,0.8,110,110,1.0,0,0.0,True,True,True,True,True
8,12,1,sparse,anticorrelated,0.8,63,63,1.0,0,0.0,True,True,True,True,True
9,12,1,sparse,anticorrelated,0.8,85,85,1.0,0,0.0,True,True,True,True,True
10,12,1,sparse,anticorrelated,0.8,187,187,1.0,0,0.0,True,True,True,True,True
11,12,1,sparse,anticorrelated,0.8,99,99,1.0,0,0.0,True,True,True,True,True
12,12,1,sparse,anticorrelated,0.8,154,154,1.0,0,0.0,True,True,True,True,True
13,12,1,sparse,anticorrelated,0.8,40,40,1.0,0,0.0,True,True,True,True,True
14,12,1,sparse,anticorrelated,0.8,140,140,1.0,0,0.0,True,True,True,True,True
15,12,1,sparse,anticorrelated,0.8,80,80,1.0,0,0.0,True,True,True,True,True
16,12,1,sparse,anticorrelated,0.8,143,143,1.0,0,0.0,True,True,True,True,True
17,12,1,sparse,anticorrelated,0.8,80,80,1.0,0,0.0,True,True,True,True,True
18,12,1,sparse,anticorrelated,0.8,52,52,1.0,0,0.0,True,True,True,True,True
19,12,1,sparse,anticorrelated,0.8,136,136,1.0,0,0.0,True,True,True,True,True
20,12,1,sparse,anticorrelated,0.8,182,182,1.0,0,0.0,True,True,True,True,True
21,12,1,sparse,anticorrelated,0.8,56,56,1.0,0,0.0,True,True,True,True,True
22,12,1,sparse,anticorrelated,0.8,110,110,1.0,0,0.0,True,True,True,True,True
23,12,1,sparse,anticorrelated,0.8,119,119,1.0,0,0.0,True,True,True,True,True
24,12,1,sparse,anticorrelated,0.8,168,168,1.0,0,0.0,True,True,True,True,True
25,12,1,sparse,anticorrelated,0.8,144,144,1.0,0,0.0,True,True,True,True,True
26,12,1,sparse,anticorrelated,0.8,108,108,1.0,0,0.0,True,True,True,True,True
27,12,1,sparse,anticorrelated,0.8,136,136,1.0,0,0.0,True,True,True,True,True
28,12,1,sparse,anticorrelated,0.8,90,90,1.0,0,0.0,True,True,True,True,True
29,12,1,sparse,anticorrelated,0.8,60,60,1.0,0,0.0,True,True,True,True,True
30,12,1,sparse,anticorrelated,0.8,204,204,1.0,0,0.0,True,True,True,True,True
1,12,2,dense,random,0.3,420,420,1.0,0,0.0,True,True,True,True,True
2,12,2,dense,random,0.3,273,347,0.7867435158501441,74,0.2132564841498559,True,True,True,True,False
3,12,2,dense,random,0.3,528,528,1.0,0,0.0,True,True,True,True,True
4,12,2,dense,random,0.3,288,340,0.8470588235294118,52,0.15294117647058825,True,True,True,True,False
5,12,2,dense,random,0.3,196,300,0.6533333333333333,104,0.3466666666666667,True,True,True,True,False
6,12,2,dense,random,0.3,297,313,0.9488817891373802,16,0.051118210862619806,True,True,True,True,False
7,12,2,dense,random,0.3,228,258,0.8837209302325582,30,0.11627906976744186,True,True,True,True,False
8,12,2,dense,random,0.3,336,336,1.0,0,0.0,True,True,True,True,True
9,12,2,dense,random,0.3,265,275,0.9636363636363636,10,0.03636363636363636,True,True,True,True,False
10,12,2,dense,random,0.3,300,300,1.0,0,0.0,True,True,True,True,True
11,12,2,dense,random,0.3,236,253,0.932806324110672,17,0.06719367588932806,True,True,True,True,False
12,12,2,dense,random,0.3,510,510,1.0,0,0.0,True,True,True,True,True
13,12,2,dense,random,0.3,432,478,0.9037656903765691,46,0.09623430962343096,True,True,True,True,False
14,12,2,dense,random,0.3,285,285,1.0,0,0.0,True,True,True,True,True
15,12,2,dense,random,0.3,312,312,1.0,0,0.0,True,True,True,True,True
16,12,2,dense,random,0.3,688,688,1.0,0,0.0,True,True,True,True,True
17,12,2,dense,random,0.3,609,609,1.0,0,0.0,True,True,True,True,True
18,12,2,dense,random,0.3,370,395,0.9367088607594937,25,0.06329113924050633,True,True,True,True,False
19,12,2,dense,random,0.3,582,582,1.0,0,0.0,True,True,True,True,True
20,12,2,dense,random,0.3,546,546,1.0,0,0.0,True,True,True,True,True
21,12,2,dense,random,0.3,420,423,0.9929078014184397,3,0.0070921985815602835,True,True,True,True,False
22,12,2,dense,random,0.3,300,300,1.0,0,0.0,True,True,True,True,True
23,12,2,dense,random,0.3,300,305,0.9836065573770492,5,0.01639344262295082,True,True,True,True,False
24,12,2,dense,random,0.3,441,441,1.0,0,0.0,True,True,True,True,True
25,12,2,dense,random,0.3,270,334,0.8083832335329342,64,0.19161676646706588,True,True,True,True,False
26,12,2,dense,random,0.3,426,426,1.0,0,0.0,True,True,True,True,True
27,12,2,dense,random,0.3,294,294,1.0,0,0.0,True,True,True,True,True
28,12,2,dense,random,0.3,264,264,1.0,0,0.0,True,True,True,True,True
29,12,2,dense,random,0.3,324,375,0.864,51,0.136,True,True,True,True,False
30,12,2,dense,random,0.3,249,251,0.9920318725099602,2,0.00796812749003984,True,True,True,True,False
1,12,2,dense,random,0.8,1120,1160,0.9655172413793104,40,0.034482758620689655,True,True,True,True,False
2,12,2,dense,random,0.8,910,967,0.9410548086866598,57,0.05894519131334023,True,True,True,True,False
3,12,2,dense,random,0.8,1408,1408,1.0,0,0.0,True,True,True,True,True
4,12,2,dense,random,0.8,960,976,0.9836065573770492,16,0.01639344262295082,True,True,True,True,False
5,12,2,dense,random,0.8,651,930,0.7,279,0.3,True,True,True,True,False
6,12,2,dense,random,0.8,792,1003,0.7896311066799602,211,0.21036889332003988,True,True,True,True,False
7,12,2,dense,random,0.8,760,805,0.9440993788819876,45,0.055900621118012424,True,True,True,True,False
8,12,2,dense,random,0.8,896,925,0.9686486486486486,29,0.03135135135135135,True,True,True,True,False
9,12,2,dense,random,0.8,795,815,0.9754601226993865,20,0.024539877300613498,True,True,True,True,False
10,12,2,dense,random,0.8,825,825,1.0,0,0.0,True,True,True,True,True
11,12,2,dense,random,0.8,649,700,0.9271428571428572,51,0.07285714285714286,True,True,True,True,False
12,12,2,dense,random,0.8,1530,1541,0.9928617780661908,11,0.007138221933809215,True,True,True,True,False
13,12,2,dense,random,0.8,1152,1267,0.909234411996843,115,0.09076558800315707,True,True,True,True,False
14,12,2,dense,random,0.8,760,824,0.9223300970873787,64,0.07766990291262135,True,True,True,True,False
15,12,2,dense,random,0.8,832,832,1.0,0,0.0,True,True,True,True,True
16,12,2,dense,random,0.8,1806,1806,1.0,0,0.0,True,True,True,True,True
17,12,2,dense,random,0.8,1740,1740,1.0,0,0.0,True,True,True,True,True
18,12,2,dense,random,0.8,962,1062,0.9058380414312618,100,0.09416195856873823,True,True,True,True,False
19,12,2,dense,random,0.8,1649,1649,1.0,0,0.0,True,True,True,True,True
20,12,2,dense,random,0.8,1456,1456,1.0,0,0.0,True,True,True,True,True
21,12,2,dense,random,0.8,1140,1167,0.9768637532133676,27,0.02313624678663239,True,True,True,True,False
22,12,2,dense,random,0.8,800,840,0.9523809523809523,40,0.047619047619047616,True,True,True,True,False
23,12,2,dense,random,0.8,750,810,0.9259259259259259,60,0.07407407407407407,True,True,True,True,False
24,12,2,dense,random,0.8,1260,1260,1.0,0,0.0,True,True,True,True,True
25,12,2,dense,random,0.8,810,874,0.9267734553775744,64,0.07322654462242563,True,True,True,True,False
26,12,2,dense,random,0.8,1278,1292,0.9891640866873065,14,0.010835913312693499,True,True,True,True,False
27,12,2,dense,random,0.8,882,882,1.0,0,0.0,True,True,True,True,True
28,12,2,dense,random,0.8,704,704,1.0,0,0.0,True,True,True,True,True
29,12,2,dense,random,0.8,980,980,1.0,0,0.0,True,True,True,True,True
30,12,2,dense,random,0.8,747,861,0.867595818815331,114,0.13240418118466898,True,True,True,True,False
1,12,2,dense,correlated,0.3,36,36,1.0,0,0.0,True,True,True,True,True
2,12,2,dense,correlated,0.3,42,42,1.0,0,0.0,True,True,True,True,True
3,12,2,dense,correlated,0.3,20,26,0.7692307692307693,6,0.23076923076923078,True,True,True,True,False
4,12,2,dense,correlated,0.3,32,34,0.9411764705882353,2,0.058823529411764705,True,True,True,True,False
5,12,2,dense,correlated,0.3,36,36,1.0,0,0.0,True,True,True,True,True
6,12,2,dense,correlated,0.3,24,25,0.96,1,0.04,True,True,True,True,False
7,12,2,dense,correlated,0.3,42,42,1.0,0,0.0,True,True,True,True,True
8,12,2,dense,correlated,0.3,18,23,0.782608695652174,5,0.21739130434782608,True,True,True,True,False
9,12,2,dense,correlated,0.3,21,23,0.9130434782608695,2,0.08695652173913043,True,True,True,True,False
10,12,2,dense,correlated,0.3,36,37,0.972972972972973,1,0.02702702702702703,True,True,True,True,False
11,12,2,dense,correlated,0.3,27,28,0.9642857142857143,1,0.03571428571428571,True,True,True,True,False
12,12,2,dense,correlated,0.3,28,28,1.0,0,0.0,True,True,True,True,True
13,12,2,dense,correlated,0.3,30,30,1.0,0,0.0,True,True,True,True,True
14,12,2,dense,correlated,0.3,24,32,0.75,8,0.25,True,True,True,True,False
15,12,2,dense,correlated,0.3,24,26,0.9230769230769231,2,0.07692307692307693,True,True,True,True,False
16,12,2,dense,correlated,0.3,24,27,0.8888888888888888,3,0.1111111111111111,True,True,True,True,False
17,12,2,dense,correlated,0.3,32,34,0.9411764705882353,2,0.058823529411764705,True,True,True,True,False
18,12,2,dense,correlated,0.3,24,27,0.8888888888888888,3,0.1111111111111111,True,True,True,True,False
19,12,2,dense,correlated,0.3,16,19,0.8421052631578947,3,0.15789473684210525,True,True,True,True,False
20,12,2,dense,correlated,0.3,22,26,0.8461538461538461,4,0.15384615384615385,True,True,True,True,False
21,12,2,dense,correlated,0.3,24,28,0.8571428571428571,4,0.14285714285714285,True,True,True,True,False
22,12,2,dense,correlated,0.3,30,33,0.9090909090909091,3,0.09090909090909091,True,True,True,True,False
23,12,2,dense,correlated,0.3,49,49,1.0,0,0.0,True,True,True,True,True
24,12,2,dense,correlated,0.3,18,27,0.6666666666666666,9,0.3333333333333333,True,True,True,True,False
25,12,2,dense,correlated,0.3,30,32,0.9375,2,0.0625,True,True,True,True,False
26,12,2,dense,correlated,0.3,30,30,1.0,0,0.0,True,True,True,True,True
27,12,2,dense,correlated,0.3,36,36,1.0,0,0.0,True,True,True,True,True
28,12,2,dense,correlated,0.3,20,23,0.8695652173913043,3,0.13043478260869565,True,True,True,True,False
29,12,2,dense,correlated,0.3,21,23,0.9130434782608695,2,0.08695652173913043,True,True,True,True,False
30,12,2,dense,correlated,0.3,42,42,1.0,0,0.0,True,True,True,True,True
1,12,2,dense,correlated,0.8,96,96,1.0,0,0.0,True,True,True,True,True
2,12,2,dense,correlated,0.8,112,112,1.0,0,0.0,True,True,True,True,True
3,12,2,dense,correlated,0.8,60,80,0.75,20,0.25,True,True,True,True,False
4,12,2,dense,correlated,0.8,88,96,0.9166666666666666,8,0.08333333333333333,True,True,True,True,False
5,12,2,dense,correlated,0.8,108,108,1.0,0,0.0,True,True,True,True,True
6,12,2,dense,correlated,0.8,72,78,0.9230769230769231,6,0.07692307692307693,True,True,True,True,False
7,12,2,dense,correlated,0.8,119,119,1.0,0,0.0,True,True,True,True,True
8,12,2,dense,correlated,0.8,54,64,0.84375,10,0.15625,True,True,True,True,False
9,12,2,dense,correlated,0.8,56,69,0.8115942028985508,13,0.18840579710144928,True,True,True,True,False
10,12,2,dense,correlated,0.8,96,99,0.9696969696969697,3,0.030303030303030304,True,True,True,True,False
11,12,2,dense,correlated,0.8,72,81,0.8888888888888888,9,0.1111111111111111,True,True,True,True,False
12,12,2,dense,correlated,0.8,76,76,1.0,0,0.0,True,True,True,True,True
13,12,2,dense,correlated,0.8,85,85,1.0,0,0.0,True,True,True,True,True
14,12,2,dense,correlated,0.8,64,83,0.7710843373493976,19,0.2289156626506024,True,True,True,True,False
15,12,2,dense,correlated,0.8,70,70,1.0,0,0.0,True,True,True,True,True
16,12,2,dense,correlated,0.8,80,82,0.975609756097561,2,0.024390243902439025,True,True,True,True,False
17,12,2,dense,correlated,0.8,80,91,0.8791208791208791,11,0.12087912087912088,True,True,True,True,False
18,12,2,dense,correlated,0.8,64,77,0.8311688311688312,13,0.16883116883116883,True,True,True,True,False
19,12,2,dense,correlated,0.8,40,56,0.7142857142857143,16,0.2857142857142857,True,True,True,True,False
20,12,2,dense,correlated,0.8,66,73,0.9041095890410958,7,0.0958904109589041,True,True,True,True,False
21,12,2,dense,correlated,0.8,64,76,0.8421052631578947,12,0.15789473684210525,True,True,True,True,False
22,12,2,dense,correlated,0.8,78,90,0.8666666666666667,12,0.13333333333333333,True,True,True,True,False
23,12,2,dense,correlated,0.8,140,140,1.0,0,0.0,True,True,True,True,True
24,12,2,dense,correlated,0.8,60,78,0.7692307692307693,18,0.23076923076923078,True,True,True,True,False
25,12,2,dense,correlated,0.8,90,92,0.9782608695652174,2,0.021739130434782608,True,True,True,True,False
26,12,2,dense,correlated,0.8,90,90,1.0,0,0.0,True,True,True,True,True
27,12,2,dense,correlated,0.8,96,96,1.0,0,0.0,True,True,True,True,True
28,12,2,dense,correlated,0.8,63,64,0.984375,1,0.015625,True,True,True,True,False
29,12,2,dense,correlated,0.8,63,77,0.8181818181818182,14,0.18181818181818182,True,True,True,True,False
30,12,2,dense,correlated,0.8,114,114,1.0,0,0.0,True,True,True,True,True
1,12,2,dense,anticorrelated,0.3,108,108,1.0,0,0.0,True,True,True,True,True
2,12,2,dense,anticorrelated,0.3,114,114,1.0,0,0.0,True,True,True,True,True
3,12,2,dense,anticorrelated,0.3,98,98,1.0,0,0.0,True,True,True,True,True
4,12,2,dense,anticorrelated,0.3,84,90,0.9333333333333333,6,0.06666666666666667,True,True,True,True,False
5,12,2,dense,anticorrelated,0.3,108,108,1.0,0,0.0,True,True,True,True,True
6,12,2,dense,anticorrelated,0.3,80,82,0.975609756097561,2,0.024390243902439025,True,True,True,True,False
7,12,2,dense,anticorrelated,0.3,114,114,1.0,0,0.0,True,True,True,True,True
8,12,2,dense,anticorrelated,0.3,70,70,1.0,0,0.0,True,True,True,True,True
9,12,2,dense,anticorrelated,0.3,55,60,0.9166666666666666,5,0.08333333333333333,True,True,True,True,False
10,12,2,dense,anticorrelated,0.3,108,108,1.0,0,0.0,True,True,True,True,True
11,12,2,dense,anticorrelated,0.3,96,96,1.0,0,0.0,True,True,True,True,True
12,12,2,dense,anticorrelated,0.3,112,112,1.0,0,0.0,True,True,True,True,True
13,12,2,dense,anticorrelated,0.3,102,102,1.0,0,0.0,True,True,True,True,True
14,12,2,dense,anticorrelated,0.3,84,84,1.0,0,0.0,True,True,True,True,True
15,12,2,dense,anticorrelated,0.3,60,60,1.0,0,0.0,True,True,True,True,True
16,12,2,dense,anticorrelated,0.3,63,63,1.0,0,0.0,True,True,True,True,True
17,12,2,dense,anticorrelated,0.3,72,84,0.8571428571428571,12,0.14285714285714285,True,True,True,True,False
18,12,2,dense,anticorrelated,0.3,90,90,1.0,0,0.0,True,True,True,True,True
19,12,2,dense,anticorrelated,0.3,54,58,0.9310344827586207,4,0.06896551724137931,True,True,True,True,False
20,12,2,dense,anticorrelated,0.3,66,74,0.8918918918918919,8,0.10810810810810811,True,True,True,True,False
21,12,2,dense,anticorrelated,0.3,54,54,1.0,0,0.0,True,True,True,True,True
22,12,2,dense,anticorrelated,0.3,90,90,1.0,0,0.0,True,True,True,True,True
23,12,2,dense,anticorrelated,0.3,133,133,1.0,0,0.0,True,True,True,True,True
24,12,2,dense,anticorrelated,0.3,48,64,0.75,16,0.25,True,True,True,True,False
25,12,2,dense,anticorrelated,0.3,102,102,1.0,0,0.0,True,True,True,True,True
26,12,2,dense,anticorrelated,0.3,102,102,1.0,0,0.0,True,True,True,True,True
27,12,2,dense,anticorrelated,0.3,102,102,1.0,0,0.0,True,True,True,True,True
28,12,2,dense,anticorrelated,0.3,65,71,0.9154929577464789,6,0.08450704225352113,True,True,True,True,False
29,12,2,dense,anticorrelated,0.3,51,61,0.8360655737704918,10,0.16393442622950818,True,True,True,True,False
30,12,2,dense,anticorrelated,0.3,119,119,1.0,0,0.0,True,True,True,True,True
1,12,2,dense,anticorrelated,0.8,288,288,1.0,0,0.0,True,True,True,True,True
2,12,2,dense,anticorrelated,0.8,304,304,1.0,0,0.0,True,True,True,True,True
3,12,2,dense,anticorrelated,0.8,280,280,1.0,0,0.0,True,True,True,True,True
4,12,2,dense,anticorrelated,0.8,240,252,0.9523809523809523,12,0.047619047619047616,True,True,True,True,False
5,12,2,dense,anticorrelated,0.8,324,324,1.0,0,0.0,True,True,True,True,True
6,12,2,dense,anticorrelated,0.8,240,246,0.975609756097561,6,0.024390243902439025,True,True,True,True,False
7,12,2,dense,anticorrelated,0.8,323,323,1.0,0,0.0,True,True,True,True,True
8,12,2,dense,anticorrelated,0.8,190,190,1.0,0,0.0,True,True,True,True,True
9,12,2,dense,anticorrelated,0.8,165,170,0.9705882352941176,5,0.029411764705882353,True,True,True,True,False
10,12,2,dense,anticorrelated,0.8,288,288,1.0,0,0.0,True,True,True,True,True
11,12,2,dense,anticorrelated,0.8,272,272,1.0,0,0.0,True,True,True,True,True
12,12,2,dense,anticorrelated,0.8,304,304,1.0,0,0.0,True,True,True,True,True
13,12,2,dense,anticorrelated,0.8,289,289,1.0,0,0.0,True,True,True,True,True
14,12,2,dense,anticorrelated,0.8,224,224,1.0,0,0.0,True,True,True,True,True
15,12,2,dense,anticorrelated,0.8,150,162,0.9259259259259259,12,0.07407407407407407,True,True,True,True,False
16,12,2,dense,anticorrelated,0.8,180,182,0.989010989010989,2,0.01098901098901099,True,True,True,True,False
17,12,2,dense,anticorrelated,0.8,180,231,0.7792207792207793,51,0.22077922077922077,True,True,True,True,False
18,12,2,dense,anticorrelated,0.8,240,242,0.9917355371900827,2,0.008264462809917356,True,True,True,True,False
19,12,2,dense,anticorrelated,0.8,153,165,0.9272727272727272,12,0.07272727272727272,True,True,True,True,False
20,12,2,dense,anticorrelated,0.8,198,210,0.9428571428571428,12,0.05714285714285714,True,True,True,True,False
21,12,2,dense,anticorrelated,0.8,144,146,0.9863013698630136,2,0.0136986301369863,True,True,True,True,False
22,12,2,dense,anticorrelated,0.8,234,234,1.0,0,0.0,True,True,True,True,True
23,12,2,dense,anticorrelated,0.8,380,380,1.0,0,0.0,True,True,True,True,True
24,12,2,dense,anticorrelated,0.8,160,208,0.7692307692307693,48,0.23076923076923078,True,True,True,True,False
25,12,2,dense,anticorrelated,0.8,306,306,1.0,0,0.0,True,True,True,True,True
26,12,2,dense,anticorrelated,0.8,306,306,1.0,0,0.0,True,True,True,True,True
27,12,2,dense,anticorrelated,0.8,272,272,1.0,0,0.0,True,True,True,True,True
28,12,2,dense,anticorrelated,0.8,195,209,0.9330143540669856,14,0.06698564593301436,True,True,True,True,False
29,12,2,dense,anticorrelated,0.8,153,179,0.8547486033519553,26,0.1452513966480447,True,True,True,True,False
30,12,2,dense,anticorrelated,0.8,323,323,1.0,0,0.0,True,True,True,True,True
1,12,2,sparse,random,0.3,222,256,0.8671875,34,0.1328125,True,True,True,True,False
2,12,2,sparse,random,0.3,97,196,0.49489795918367346,99,0.5051020408163265,True,True,True,True,False
3,12,2,sparse,random,0.3,252,296,0.8513513513513513,44,0.14864864864864866,True,True,True,True,False
4,12,2,sparse,random,0.3,120,192,0.625,72,0.375,True,True,True,True,False
5,12,2,sparse,random,0.3,104,104,1.0,0,0.0,True,True,True,True,True
6,12,2,sparse,random,0.3,328,362,0.9060773480662984,34,0.09392265193370165,True,True,True,True,False
7,12,2,sparse,random,0.3,147,252,0.5833333333333334,105,0.4166666666666667,True,True,True,True,False
8,12,2,sparse,random,0.3,360,445,0.8089887640449438,85,0.19101123595505617,True,True,True,True,False
9,12,2,sparse,random,0.3,388,477,0.8134171907756813,89,0.18658280922431866,True,True,True,True,False
10,12,2,sparse,random,0.3,248,346,0.7167630057803468,98,0.2832369942196532,True,True,True,True,False
11,12,2,sparse,random,0.3,252,252,1.0,0,0.0,True,True,True,True,True
12,12,2,sparse,random,0.3,300,582,0.5154639175257731,282,0.4845360824742268,True,True,True,True,False
13,12,2,sparse,random,0.3,132,228,0.5789473684210527,96,0.42105263157894735,True,True,True,True,False
14,12,2,sparse,random,0.3,400,400,1.0,0,0.0,True,True,True,True,True
15,12,2,sparse,random,0.3,350,490,0.7142857142857143,140,0.2857142857142857,True,True,True,True,False
16,12,2,sparse,random,0.3,201,315,0.638095238095238,114,0.3619047619047619,True,True,True,True,False
17,12,2,sparse,random,0.3,186,284,0.6549295774647887,98,0.34507042253521125,True,True,True,True,False
18,12,2,sparse,random,0.3,294,375,0.784,81,0.216,True,True,True,True,False
19,12,2,sparse,random,0.3,222,370,0.6,148,0.4,True,True,True,True,False
20,12,2,sparse,random,0.3,388,392,0.9897959183673469,4,0.01020408163265306,True,True,True,True,False
21,12,2,sparse,random,0.3,178,257,0.6926070038910506,79,0.30739299610894943,True,True,True,True,False
22,12,2,sparse,random,0.3,100,109,0.9174311926605505,9,0.08256880733944955,True,True,True,True,False
23,12,2,sparse,random,0.3,94,94,1.0,0,0.0,True,True,True,True,True
24,12,2,sparse,random,0.3,180,350,0.5142857142857142,170,0.4857142857142857,True,True,True,True,False
25,12,2,sparse,random,0.3,91,140,0.65,49,0.35,True,True,True,True,False
26,12,2,sparse,random,0.3,0,0,1.0,0,0.0,True,True,True,True,True
27,12,2,sparse,random,0.3,231,475,0.4863157894736842,244,0.5136842105263157,True,True,True,True,False
28,12,2,sparse,random,0.3,99,169,0.5857988165680473,70,0.41420118343195267,True,True,True,True,False
29,12,2,sparse,random,0.3,270,272,0.9926470588235294,2,0.007352941176470588,True,True,True,True,False
30,12,2,sparse,random,0.3,136,215,0.6325581395348837,79,0.3674418604651163,True,True,True,True,False
1,12,2,sparse,random,0.8,592,677,0.8744460856720827,85,0.1255539143279173,True,True,True,True,False
2,12,2,sparse,random,0.8,485,685,0.708029197080292,200,0.291970802919708,True,True,True,True,False
3,12,2,sparse,random,0.8,756,888,0.8513513513513513,132,0.14864864864864866,True,True,True,True,False
4,12,2,sparse,random,0.8,312,572,0.5454545454545454,260,0.45454545454545453,True,True,True,True,False
5,12,2,sparse,random,0.8,260,337,0.771513353115727,77,0.228486646884273,True,True,True,True,False
6,12,2,sparse,random,0.8,984,1086,0.9060773480662984,102,0.09392265193370165,True,True,True,True,False
7,12,2,sparse,random,0.8,392,707,0.5544554455445545,315,0.44554455445544555,True,True,True,True,False
8,12,2,sparse,random,0.8,1080,1165,0.927038626609442,85,0.07296137339055794,True,True,True,True,False
9,12,2,sparse,random,0.8,1164,1520,0.7657894736842106,356,0.23421052631578948,True,True,True,True,False
10,12,2,sparse,random,0.8,682,976,0.6987704918032787,294,0.3012295081967213,True,True,True,True,False
11,12,2,sparse,random,0.8,672,724,0.9281767955801105,52,0.0718232044198895,True,True,True,True,False
12,12,2,sparse,random,0.8,1000,1752,0.5707762557077626,752,0.4292237442922374,True,True,True,True,False
13,12,2,sparse,random,0.8,396,684,0.5789473684210527,288,0.42105263157894735,True,True,True,True,False
14,12,2,sparse,random,0.8,1040,1040,1.0,0,0.0,True,True,True,True,True
15,12,2,sparse,random,0.8,910,1295,0.7027027027027027,385,0.2972972972972973,True,True,True,True,False
16,12,2,sparse,random,0.8,603,945,0.638095238095238,342,0.3619047619047619,True,True,True,True,False
17,12,2,sparse,random,0.8,496,888,0.5585585585585585,392,0.44144144144144143,True,True,True,True,False
18,12,2,sparse,random,0.8,980,1232,0.7954545454545454,252,0.20454545454545456,True,True,True,True,False
19,12,2,sparse,random,0.8,592,1036,0.5714285714285714,444,0.42857142857142855,True,True,True,True,False
20,12,2,sparse,random,0.8,1164,1176,0.9897959183673469,12,0.01020408163265306,True,True,True,True,False
21,12,2,sparse,random,0.8,445,682,0.6524926686217009,237,0.34750733137829914,True,True,True,True,False
22,12,2,sparse,random,0.8,400,461,0.8676789587852495,61,0.13232104121475055,True,True,True,True,False
23,12,2,sparse,random,0.8,376,376,1.0,0,0.0,True,True,True,True,True
24,12,2,sparse,random,0.8,540,1050,0.5142857142857142,510,0.4857142857142857,True,True,True,True,False
25,12,2,sparse,random,0.8,196,424,0.46226415094339623,228,0.5377358490566038,True,True,True,True,False
26,12,2,sparse,random,0.8,162,222,0.7297297297297297,60,0.2702702702702703,True,True,True,True,False
27,12,2,sparse,random,0.8,700,1393,0.5025125628140703,693,0.49748743718592964,True,True,True,True,False
28,12,2,sparse,random,0.8,396,536,0.7388059701492538,140,0.26119402985074625,True,True,True,True,False
29,12,2,sparse,random,0.8,702,737,0.9525101763907734,35,0.04748982360922659,True,True,True,True,False
30,12,2,sparse,random,0.8,344,556,0.6187050359712231,212,0.381294964028777,True,True,True,True,False
1,12,2,sparse,correlated,0.3,15,15,1.0,0,0.0,True,True,True,True,True
2,12,2,sparse,correlated,0.3,10,13,0.7692307692307693,3,0.23076923076923078,True,True,True,True,False
3,12,2,sparse,correlated,0.3,16,26,0.6153846153846154,10,0.38461538461538464,True,True,True,True,False
4,12,2,sparse,correlated,0.3,16,16,1.0,0,0.0,True,True,True,True,True
5,12,2,sparse,correlated,0.3,1,1,1.0,0,0.0,True,True,True,True,True
6,12,2,sparse,correlated,0.3,18,26,0.6923076923076923,8,0.3076923076923077,True,True,True,True,False
7,12,2,sparse,correlated,0.3,8,8,1.0,0,0.0,True,True,True,True,True
8,12,2,sparse,correlated,0.3,14,18,0.7777777777777778,4,0.2222222222222222,True,True,True,True,False
9,12,2,sparse,correlated,0.3,24,24,1.0,0,0.0,True,True,True,True,True
10,12,2,sparse,correlated,0.3,16,23,0.6956521739130435,7,0.30434782608695654,True,True,True,True,False
11,12,2,sparse,correlated,0.3,10,15,0.6666666666666666,5,0.3333333333333333,True,True,True,True,False
12,12,2,sparse,correlated,0.3,18,19,0.9473684210526315,1,0.05263157894736842,True,True,True,True,False
13,12,2,sparse,correlated,0.3,12,12,1.0,0,0.0,True,True,True,True,True
14,12,2,sparse,correlated,0.3,10,16,0.625,6,0.375,True,True,True,True,False
15,12,2,sparse,correlated,0.3,18,34,0.5294117647058824,16,0.47058823529411764,True,True,True,True,False
16,12,2,sparse,correlated,0.3,6,6,1.0,0,0.0,True,True,True,True,True
17,12,2,sparse,correlated,0.3,8,16,0.5,8,0.5,True,True,True,True,False
18,12,2,sparse,correlated,0.3,18,32,0.5625,14,0.4375,True,True,True,True,False
19,12,2,sparse,correlated,0.3,30,31,0.967741935483871,1,0.03225806451612903,True,True,True,True,False
20,12,2,sparse,correlated,0.3,12,19,0.631578947368421,7,0.3684210526315789,True,True,True,True,False
21,12,2,sparse,correlated,0.3,8,8,1.0,0,0.0,True,True,True,True,True
22,12,2,sparse,correlated,0.3,14,17,0.8235294117647058,3,0.17647058823529413,True,True,True,True,False
23,12,2,sparse,correlated,0.3,9,11,0.8181818181818182,2,0.18181818181818182,True,True,True,True,False
24,12,2,sparse,correlated,0.3,30,30,1.0,0,0.0,True,True,True,True,True
25,12,2,sparse,correlated,0.3,8,10,0.8,2,0.2,True,True,True,True,False
26,12,2,sparse,correlated,0.3,10,10,1.0,0,0.0,True,True,True,True,True
27,12,2,sparse,correlated,0.3,16,23,0.6956521739130435,7,0.30434782608695654,True,True,True,True,False
28,12,2,sparse,correlated,0.3,24,24,1.0,0,0.0,True,True,True,True,True
29,12,2,sparse,correlated,0.3,20,24,0.8333333333333334,4,0.16666666666666666,True,True,True,True,False
30,12,2,sparse,correlated,0.3,8,13,0.6153846153846154,5,0.38461538461538464,True,True,True,True,False
1,12,2,sparse,correlated,0.8,40,41,0.975609756097561,1,0.024390243902439025,True,True,True,True,False
2,12,2,sparse,correlated,0.8,40,43,0.9302325581395349,3,0.06976744186046512,True,True,True,True,False
3,12,2,sparse,correlated,0.8,48,74,0.6486486486486487,26,0.35135135135135137,True,True,True,True,False
4,12,2,sparse,correlated,0.8,48,49,0.9795918367346939,1,0.02040816326530612,True,True,True,True,False
5,12,2,sparse,correlated,0.8,8,17,0.47058823529411764,9,0.5294117647058824,True,True,True,True,False
6,12,2,sparse,correlated,0.8,60,95,0.631578947368421,35,0.3684210526315789,True,True,True,True,False
7,12,2,sparse,correlated,0.8,24,24,1.0,0,0.0,True,True,True,True,True
8,12,2,sparse,correlated,0.8,42,47,0.8936170212765957,5,0.10638297872340426,True,True,True,True,False
9,12,2,sparse,correlated,0.8,72,72,1.0,0,0.0,True,True,True,True,True
10,12,2,sparse,correlated,0.8,44,61,0.7213114754098361,17,0.2786885245901639,True,True,True,True,False
11,12,2,sparse,correlated,0.8,30,40,0.75,10,0.25,True,True,True,True,False
12,12,2,sparse,correlated,0.8,45,65,0.6923076923076923,20,0.3076923076923077,True,True,True,True,False
13,12,2,sparse,correlated,0.8,36,40,0.9,4,0.1,True,True,True,True,False
14,12,2,sparse,correlated,0.8,35,47,0.7446808510638298,12,0.2553191489361702,True,True,True,True,False
15,12,2,sparse,correlated,0.8,60,108,0.5555555555555556,48,0.4444444444444444,True,True,True,True,False
16,12,2,sparse,correlated,0.8,18,20,0.9,2,0.1,True,True,True,True,False
17,12,2,sparse,correlated,0.8,28,56,0.5,28,0.5,True,True,True,True,False
18,12,2,sparse,correlated,0.8,48,83,0.5783132530120482,35,0.42168674698795183,True,True,True,True,False
19,12,2,sparse,correlated,0.8,78,80,0.975,2,0.025,True,True,True,True,False
20,12,2,sparse,correlated,0.8,45,61,0.7377049180327869,16,0.26229508196721313,True,True,True,True,False
21,12,2,sparse,correlated,0.8,24,31,0.7741935483870968,7,0.22580645161290322,True,True,True,True,False
22,12,2,sparse,correlated,0.8,42,51,0.8235294117647058,9,0.17647058823529413,True,True,True,True,False
23,12,2,sparse,correlated,0.8,27,32,0.84375,5,0.15625,True,True,True,True,False
24,12,2,sparse,correlated,0.8,84,84,1.0,0,0.0,True,True,True,True,True
25,12,2,sparse,correlated,0.8,16,25,0.64,9,0.36,True,True,True,True,False
26,12,2,sparse,correlated,0.8,20,27,0.7407407407407407,7,0.25925925925925924,True,True,True,True,False
27,12,2,sparse,correlated,0.8,56,68,0.8235294117647058,12,0.17647058823529413,True,True,True,True,False
28,12,2,sparse,correlated,0.8,68,76,0.8947368421052632,8,0.10526315789473684,True,True,True,True,False
29,12,2,sparse,correlated,0.8,60,72,0.8333333333333334,12,0.16666666666666666,True,True,True,True,False
30,12,2,sparse,correlated,0.8,40,44,0.9090909090909091,4,0.09090909090909091,True,True,True,True,False
1,12,2,sparse,anticorrelated,0.3,51,51,1.0,0,0.0,True,True,True,True,True
2,12,2,sparse,anticorrelated,0.3,48,57,0.8421052631578947,9,0.15789473684210525,True,True,True,True,False
3,12,2,sparse,anticorrelated,0.3,72,116,0.6206896551724138,44,0.3793103448275862,True,True,True,True,False
4,12,2,sparse,anticorrelated,0.3,48,76,0.631578947368421,28,0.3684210526315789,True,True,True,True,False
5,12,2,sparse,anticorrelated,0.3,11,11,1.0,0,0.0,True,True,True,True,True
6,12,2,sparse,anticorrelated,0.3,60,102,0.5882352941176471,42,0.4117647058823529,True,True,True,True,False
7,12,2,sparse,anticorrelated,0.3,52,60,0.8666666666666667,8,0.13333333333333333,True,True,True,True,False
8,12,2,sparse,anticorrelated,0.3,80,91,0.8791208791208791,11,0.12087912087912088,True,True,True,True,False
9,12,2,sparse,anticorrelated,0.3,80,80,1.0,0,0.0,True,True,True,True,True
10,12,2,sparse,anticorrelated,0.3,64,100,0.64,36,0.36,True,True,True,True,False
11,12,2,sparse,anticorrelated,0.3,36,50,0.72,14,0.28,True,True,True,True,False
12,12,2,sparse,anticorrelated,0.3,84,110,0.7636363636363637,26,0.23636363636363636,True,True,True,True,False
13,12,2,sparse,anticorrelated,0.3,52,76,0.6842105263157895,24,0.3157894736842105,True,True,True,True,False
14,12,2,sparse,anticorrelated,0.3,32,49,0.6530612244897959,17,0.3469387755102041,True,True,True,True,False
15,12,2,sparse,anticorrelated,0.3,72,132,0.5454545454545454,60,0.45454545454545453,True,True,True,True,False
16,12,2,sparse,anticorrelated,0.3,28,28,1.0,0,0.0,True,True,True,True,True
17,12,2,sparse,anticorrelated,0.3,34,52,0.6538461538461539,18,0.34615384615384615,True,True,True,True,False
18,12,2,sparse,anticorrelated,0.3,51,83,0.6144578313253012,32,0.3855421686746988,True,True,True,True,False
19,12,2,sparse,anticorrelated,0.3,90,98,0.9183673469387755,8,0.08163265306122448,True,True,True,True,False
20,12,2,sparse,anticorrelated,0.3,52,76,0.6842105263157895,24,0.3157894736842105,True,True,True,True,False
21,12,2,sparse,anticorrelated,0.3,16,27,0.5925925925925926,11,0.4074074074074074,True,True,True,True,False
22,12,2,sparse,anticorrelated,0.3,30,44,0.6818181818181818,14,0.3181818181818182,True,True,True,True,False
23,12,2,sparse,anticorrelated,0.3,48,72,0.6666666666666666,24,0.3333333333333333,True,True,True,True,False
24,12,2,sparse,anticorrelated,0.3,85,85,1.0,0,0.0,True,True,True,True,True
25,12,2,sparse,anticorrelated,0.3,16,30,0.5333333333333333,14,0.4666666666666667,True,True,True,True,False
26,12,2,sparse,anticorrelated,0.3,16,23,0.6956521739130435,7,0.30434782608695654,True,True,True,True,False
27,12,2,sparse,anticorrelated,0.3,32,49,0.6530612244897959,17,0.3469387755102041,True,True,True,True,False
28,12,2,sparse,anticorrelated,0.3,96,96,1.0,0,0.0,True,True,True,True,True
29,12,2,sparse,anticorrelated,0.3,76,115,0.6608695652173913,39,0.3391304347826087,True,True,True,True,False
30,12,2,sparse,anticorrelated,0.3,33,47,0.7021276595744681,14,0.2978723404255319,True,True,True,True,False
1,12,2,sparse,anticorrelated,0.8,136,145,0.9379310344827586,9,0.06206896551724138,True,True,True,True,False
2,12,2,sparse,anticorrelated,0.8,144,180,0.8,36,0.2,True,True,True,True,False
3,12,2,sparse,anticorrelated,0.8,216,337,0.6409495548961425,121,0.3590504451038576,True,True,True,True,False
4,12,2,sparse,anticorrelated,0.8,144,242,0.5950413223140496,98,0.4049586776859504,True,True,True,True,False
5,12,2,sparse,anticorrelated,0.8,44,60,0.7333333333333333,16,0.26666666666666666,True,True,True,True,False
6,12,2,sparse,anticorrelated,0.8,200,340,0.5882352941176471,140,0.4117647058823529,True,True,True,True,False
7,12,2,sparse,anticorrelated,0.8,156,188,0.8297872340425532,32,0.1702127659574468,True,True,True,True,False
8,12,2,sparse,anticorrelated,0.8,208,230,0.9043478260869565,22,0.09565217391304348,True,True,True,True,False
9,12,2,sparse,anticorrelated,0.8,240,240,1.0,0,0.0,True,True,True,True,True
10,12,2,sparse,anticorrelated,0.8,176,272,0.6470588235294118,96,0.35294117647058826,True,True,True,True,False
11,12,2,sparse,anticorrelated,0.8,108,136,0.7941176470588235,28,0.20588235294117646,True,True,True,True,False
12,12,2,sparse,anticorrelated,0.8,224,315,0.7111111111111111,91,0.28888888888888886,True,True,True,True,False
13,12,2,sparse,anticorrelated,0.8,156,216,0.7222222222222222,60,0.2777777777777778,True,True,True,True,False
14,12,2,sparse,anticorrelated,0.8,112,146,0.7671232876712328,34,0.2328767123287671,True,True,True,True,False
15,12,2,sparse,anticorrelated,0.8,216,416,0.5192307692307693,200,0.4807692307692308,True,True,True,True,False
16,12,2,sparse,anticorrelated,0.8,84,104,0.8076923076923077,20,0.19230769230769232,True,True,True,True,False
17,12,2,sparse,anticorrelated,0.8,119,191,0.6230366492146597,72,0.3769633507853403,True,True,True,True,False
18,12,2,sparse,anticorrelated,0.8,136,216,0.6296296296296297,80,0.37037037037037035,True,True,True,True,False
19,12,2,sparse,anticorrelated,0.8,234,250,0.936,16,0.064,True,True,True,True,False
20,12,2,sparse,anticorrelated,0.8,156,236,0.6610169491525424,80,0.3389830508474576,True,True,True,True,False
21,12,2,sparse,anticorrelated,0.8,55,81,0.6790123456790124,26,0.32098765432098764,True,True,True,True,False
22,12,2,sparse,anticorrelated,0.8,90,132,0.6818181818181818,42,0.3181818181818182,True,True,True,True,False
23,12,2,sparse,anticorrelated,0.8,144,204,0.7058823529411765,60,0.29411764705882354,True,True,True,True,False
24,12,2,sparse,anticorrelated,0.8,238,238,1.0,0,0.0,True,True,True,True,True
25,12,2,sparse,anticorrelated,0.8,56,100,0.56,44,0.44,True,True,True,True,False
26,12,2,sparse,anticorrelated,0.8,70,106,0.660377358490566,36,0.33962264150943394,True,True,True,True,False
27,12,2,sparse,anticorrelated,0.8,112,148,0.7567567567567568,36,0.24324324324324326,True,True,True,True,False
28,12,2,sparse,anticorrelated,0.8,272,272,1.0,0,0.0,True,True,True,True,True
29,12,2,sparse,anticorrelated,0.8,228,332,0.6867469879518072,104,0.3132530120481928,True,True,True,True,False
30,12,2,sparse,anticorrelated,0.8,110,166,0.6626506024096386,56,0.3373493975903614,True,True,True,True,False
1,12,3,dense,random,0.3,196,244,0.8032786885245902,48,0.19672131147540983,True,True,True,True,False
2,12,3,dense,random,0.3,264,284,0.9295774647887324,20,0.07042253521126761,True,True,True,True,False
3,12,3,dense,random,0.3,288,340,0.8470588235294118,52,0.15294117647058825,True,True,True,True,False
4,12,3,dense,random,0.3,492,492,1.0,0,0.0,True,True,True,True,True
5,12,3,dense,random,0.3,402,440,0.9136363636363637,38,0.08636363636363636,True,True,True,True,False
6,12,3,dense,random,0.3,261,286,0.9125874125874126,25,0.08741258741258741,True,True,True,True,False
7,12,3,dense,random,0.3,188,269,0.6988847583643123,81,0.30111524163568776,True,True,True,True,False
8,12,3,dense,random,0.3,225,287,0.7839721254355401,62,0.21602787456445993,True,True,True,True,False
9,12,3,dense,random,0.3,288,288,1.0,0,0.0,True,True,True,True,True
10,12,3,dense,random,0.3,264,264,1.0,0,0.0,True,True,True,True,True
11,12,3,dense,random,0.3,330,347,0.9510086455331412,17,0.04899135446685879,True,True,True,True,False
12,12,3,dense,random,0.3,258,343,0.7521865889212828,85,0.2478134110787172,True,True,True,True,False
13,12,3,dense,random,0.3,291,373,0.7801608579088471,82,0.21983914209115282,True,True,True,True,False
14,12,3,dense,random,0.3,180,269,0.6691449814126395,89,0.3308550185873606,True,True,True,True,False
15,12,3,dense,random,0.3,280,330,0.8484848484848485,50,0.15151515151515152,True,True,True,True,False
16,12,3,dense,random,0.3,249,304,0.819078947368421,55,0.18092105263157895,True,True,True,True,False
17,12,3,dense,random,0.3,600,600,1.0,0,0.0,True,True,True,True,True
18,12,3,dense,random,0.3,252,346,0.7283236994219653,94,0.27167630057803466,True,True,True,True,False
19,12,3,dense,random,0.3,201,263,0.7642585551330798,62,0.23574144486692014,True,True,True,True,False
20,12,3,dense,random,0.3,304,345,0.881159420289855,41,0.11884057971014493,True,True,True,True,False
21,12,3,dense,random,0.3,264,264,1.0,0,0.0,True,True,True,True,True
22,12,3,dense,random,0.3,270,359,0.7520891364902507,89,0.2479108635097493,True,True,True,True,False
23,12,3,dense,random,0.3,190,223,0.852017937219731,33,0.14798206278026907,True,True,True,True,False
24,12,3,dense,random,0.3,297,338,0.878698224852071,41,0.12130177514792899,True,True,True,True,False
25,12,3,dense,random,0.3,192,246,0.7804878048780488,54,0.21951219512195122,True,True,True,True,False
26,12,3,dense,random,0.3,360,391,0.9207161125319693,31,0.0792838874680307,True,True,True,True,False
27,12,3,dense,random,0.3,480,492,0.975609756097561,12,0.024390243902439025,True,True,True,True,False
28,12,3,dense,random,0.3,246,310,0.7935483870967742,64,0.2064516129032258,True,True,True,True,False
29,12,3,dense,random,0.3,312,312,1.0,0,0.0,True,True,True,True,True
30,12,3,dense,random,0.3,261,318,0.8207547169811321,57,0.1792452830188679,True,True,True,True,False
1,12,3,dense,random,0.8,588,760,0.7736842105263158,172,0.22631578947368422,True,True,True,True,False
2,12,3,dense,random,0.8,774,827,0.9359129383313181,53,0.06408706166868199,True,True,True,True,False
3,12,3,dense,random,0.8,960,976,0.9836065573770492,16,0.01639344262295082,True,True,True,True,False
4,12,3,dense,random,0.8,1476,1476,1.0,0,0.0,True,True,True,True,True
5,12,3,dense,random,0.8,1139,1234,0.9230145867098866,95,0.07698541329011345,True,True,True,True,False
6,12,3,dense,random,0.8,696,804,0.8656716417910447,108,0.13432835820895522,True,True,True,True,False
7,12,3,dense,random,0.8,630,825,0.7636363636363637,195,0.23636363636363636,True,True,True,True,False
8,12,3,dense,random,0.8,675,913,0.7393209200438116,238,0.2606790799561884,True,True,True,True,False
9,12,3,dense,random,0.8,768,770,0.9974025974025974,2,0.0025974025974025974,True,True,True,True,False
10,12,3,dense,random,0.8,792,792,1.0,0,0.0,True,True,True,True,True
11,12,3,dense,random,0.8,990,1041,0.9510086455331412,51,0.04899135446685879,True,True,True,True,False
12,12,3,dense,random,0.8,860,950,0.9052631578947369,90,0.09473684210526316,True,True,True,True,False
13,12,3,dense,random,0.8,970,1037,0.9353905496624879,67,0.06460945033751206,True,True,True,True,False
14,12,3,dense,random,0.8,540,861,0.627177700348432,321,0.37282229965156793,True,True,True,True,False
15,12,3,dense,random,0.8,700,900,0.7777777777777778,200,0.2222222222222222,True,True,True,True,False
16,12,3,dense,random,0.8,830,911,0.9110867178924259,81,0.0889132821075741,True,True,True,True,False
17,12,3,dense,random,0.8,1600,1600,1.0,0,0.0,True,True,True,True,True
18,12,3,dense,random,0.8,840,964,0.8713692946058091,124,0.12863070539419086,True,True,True,True,False
19,12,3,dense,random,0.8,670,794,0.8438287153652393,124,0.1561712846347607,True,True,True,True,False
20,12,3,dense,random,0.8,912,1035,0.881159420289855,123,0.11884057971014493,True,True,True,True,False
21,12,3,dense,random,0.8,704,704,1.0,0,0.0,True,True,True,True,True
22,12,3,dense,random,0.8,900,1045,0.861244019138756,145,0.13875598086124402,True,True,True,True,False
23,12,3,dense,random,0.8,570,640,0.890625,70,0.109375,True,True,True,True,False
24,12,3,dense,random,0.8,990,990,1.0,0,0.0,True,True,True,True,True
25,12,3,dense,random,0.8,546,686,0.7959183673469388,140,0.20408163265306123,True,True,True,True,False
26,12,3,dense,random,0.8,1000,1082,0.9242144177449169,82,0.07578558225508318,True,True,True,True,False
27,12,3,dense,random,0.8,1360,1384,0.9826589595375722,24,0.017341040462427744,True,True,True,True,False
28,12,3,dense,random,0.8,656,874,0.7505720823798627,218,0.2494279176201373,True,True,True,True,False
29,12,3,dense,random,0.8,780,865,0.9017341040462428,85,0.09826589595375723,True,True,True,True,False
30,12,3,dense,random,0.8,696,957,0.7272727272727273,261,0.2727272727272727,True,True,True,True,False
1,12,3,dense,correlated,0.3,24,24,1.0,0,0.0,True,True,True,True,True
2,12,3,dense,correlated,0.3,36,36,1.0,0,0.0,True,True,True,True,True
3,12,3,dense,correlated,0.3,24,30,0.8,6,0.2,True,True,True,True,False
4,12,3,dense,correlated,0.3,22,33,0.6666666666666666,11,0.3333333333333333,True,True,True,True,False
5,12,3,dense,correlated,0.3,30,34,0.8823529411764706,4,0.11764705882352941,True,True,True,True,False
6,12,3,dense,correlated,0.3,30,31,0.967741935483871,1,0.03225806451612903,True,True,True,True,False
7,12,3,dense,correlated,0.3,27,31,0.8709677419354839,4,0.12903225806451613,True,True,True,True,False
8,12,3,dense,correlated,0.3,26,29,0.896551724137931,3,0.10344827586206896,True,True,True,True,False
9,12,3,dense,correlated,0.3,22,33,0.6666666666666666,11,0.3333333333333333,True,True,True,True,False
10,12,3,dense,correlated,0.3,36,36,1.0,0,0.0,True,True,True,True,True
11,12,3,dense,correlated,0.3,24,28,0.8571428571428571,4,0.14285714285714285,True,True,True,True,False
12,12,3,dense,correlated,0.3,40,40,1.0,0,0.0,True,True,True,True,True
13,12,3,dense,correlated,0.3,27,38,0.7105263157894737,11,0.2894736842105263,True,True,True,True,False
14,12,3,dense,correlated,0.3,36,39,0.9230769230769231,3,0.07692307692307693,True,True,True,True,False
15,12,3,dense,correlated,0.3,20,25,0.8,5,0.2,True,True,True,True,False
16,12,3,dense,correlated,0.3,27,31,0.8709677419354839,4,0.12903225806451613,True,True,True,True,False
17,12,3,dense,correlated,0.3,36,43,0.8372093023255814,7,0.16279069767441862,True,True,True,True,False
18,12,3,dense,correlated,0.3,30,32,0.9375,2,0.0625,True,True,True,True,False
19,12,3,dense,correlated,0.3,22,29,0.7586206896551724,7,0.2413793103448276,True,True,True,True,False
20,12,3,dense,correlated,0.3,30,34,0.8823529411764706,4,0.11764705882352941,True,True,True,True,False
21,12,3,dense,correlated,0.3,42,42,1.0,0,0.0,True,True,True,True,True
22,12,3,dense,correlated,0.3,32,32,1.0,0,0.0,True,True,True,True,True
23,12,3,dense,correlated,0.3,30,32,0.9375,2,0.0625,True,True,True,True,False
24,12,3,dense,correlated,0.3,36,36,1.0,0,0.0,True,True,True,True,True
25,12,3,dense,correlated,0.3,30,32,0.9375,2,0.0625,True,True,True,True,False
26,12,3,dense,correlated,0.3,33,33,1.0,0,0.0,True,True,True,True,True
27,12,3,dense,correlated,0.3,27,37,0.7297297297297297,10,0.2702702702702703,True,True,True,True,False
28,12,3,dense,correlated,0.3,49,49,1.0,0,0.0,True,True,True,True,True
29,12,3,dense,correlated,0.3,22,32,0.6875,10,0.3125,True,True,True,True,False
30,12,3,dense,correlated,0.3,27,27,1.0,0,0.0,True,True,True,True,True
1,12,3,dense,correlated,0.8,64,65,0.9846153846153847,1,0.015384615384615385,True,True,True,True,False
2,12,3,dense,correlated,0.8,102,108,0.9444444444444444,6,0.05555555555555555,True,True,True,True,False
3,12,3,dense,correlated,0.8,72,86,0.8372093023255814,14,0.16279069767441862,True,True,True,True,False
4,12,3,dense,correlated,0.8,77,92,0.8369565217391305,15,0.16304347826086957,True,True,True,True,False
5,12,3,dense,correlated,0.8,90,102,0.8823529411764706,12,0.11764705882352941,True,True,True,True,False
6,12,3,dense,correlated,0.8,90,102,0.8823529411764706,12,0.11764705882352941,True,True,True,True,False
7,12,3,dense,correlated,0.8,72,87,0.8275862068965517,15,0.1724137931034483,True,True,True,True,False
8,12,3,dense,correlated,0.8,78,89,0.8764044943820225,11,0.12359550561797752,True,True,True,True,False
9,12,3,dense,correlated,0.8,77,93,0.8279569892473119,16,0.17204301075268819,True,True,True,True,False
10,12,3,dense,correlated,0.8,102,102,1.0,0,0.0,True,True,True,True,True
11,12,3,dense,correlated,0.8,80,92,0.8695652173913043,12,0.13043478260869565,True,True,True,True,False
12,12,3,dense,correlated,0.8,110,111,0.990990990990991,1,0.009009009009009009,True,True,True,True,False
13,12,3,dense,correlated,0.8,90,101,0.8910891089108911,11,0.10891089108910891,True,True,True,True,False
14,12,3,dense,correlated,0.8,108,113,0.9557522123893806,5,0.04424778761061947,True,True,True,True,False
15,12,3,dense,correlated,0.8,60,75,0.8,15,0.2,True,True,True,True,False
16,12,3,dense,correlated,0.8,72,84,0.8571428571428571,12,0.14285714285714285,True,True,True,True,False
17,12,3,dense,correlated,0.8,90,114,0.7894736842105263,24,0.21052631578947367,True,True,True,True,False
18,12,3,dense,correlated,0.8,100,100,1.0,0,0.0,True,True,True,True,True
19,12,3,dense,correlated,0.8,70,89,0.7865168539325843,19,0.21348314606741572,True,True,True,True,False
20,12,3,dense,correlated,0.8,90,97,0.9278350515463918,7,0.07216494845360824,True,True,True,True,False
21,12,3,dense,correlated,0.8,119,119,1.0,0,0.0,True,True,True,True,True
22,12,3,dense,correlated,0.8,88,90,0.9777777777777777,2,0.022222222222222223,True,True,True,True,False
23,12,3,dense,correlated,0.8,90,105,0.8571428571428571,15,0.14285714285714285,True,True,True,True,False
24,12,3,dense,correlated,0.8,108,108,1.0,0,0.0,True,True,True,True,True
25,12,3,dense,correlated,0.8,90,98,0.9183673469387755,8,0.08163265306122448,True,True,True,True,False
26,12,3,dense,correlated,0.8,88,96,0.9166666666666666,8,0.08333333333333333,True,True,True,True,False
27,12,3,dense,correlated,0.8,72,103,0.6990291262135923,31,0.30097087378640774,True,True,True,True,False
28,12,3,dense,correlated,0.8,133,133,1.0,0,0.0,True,True,True,True,True
29,12,3,dense,correlated,0.8,77,92,0.8369565217391305,15,0.16304347826086957,True,True,True,True,False
30,12,3,dense,correlated,0.8,90,90,1.0,0,0.0,True,True,True,True,True
1,12,3,dense,anticorrelated,0.3,102,102,1.0,0,0.0,True,True,True,True,True
2,12,3,dense,anticorrelated,0.3,108,108,1.0,0,0.0,True,True,True,True,True
3,12,3,dense,anticorrelated,0.3,42,45,0.9333333333333333,3,0.06666666666666667,True,True,True,True,False
4,12,3,dense,anticorrelated,0.3,32,54,0.5925925925925926,22,0.4074074074074074,True,True,True,True,False
5,12,3,dense,anticorrelated,0.3,90,90,1.0,0,0.0,True,True,True,True,True
6,12,3,dense,anticorrelated,0.3,51,51,1.0,0,0.0,True,True,True,True,True
7,12,3,dense,anticorrelated,0.3,48,61,0.7868852459016393,13,0.21311475409836064,True,True,True,True,False
8,12,3,dense,anticorrelated,0.3,68,69,0.9855072463768116,1,0.014492753623188406,True,True,True,True,False
9,12,3,dense,anticorrelated,0.3,84,84,1.0,0,0.0,True,True,True,True,True
10,12,3,dense,anticorrelated,0.3,114,114,1.0,0,0.0,True,True,True,True,True
11,12,3,dense,anticorrelated,0.3,51,64,0.796875,13,0.203125,True,True,True,True,False
12,12,3,dense,anticorrelated,0.3,76,76,1.0,0,0.0,True,True,True,True,True
13,12,3,dense,anticorrelated,0.3,64,82,0.7804878048780488,18,0.21951219512195122,True,True,True,True,False
14,12,3,dense,anticorrelated,0.3,76,76,1.0,0,0.0,True,True,True,True,True
15,12,3,dense,anticorrelated,0.3,42,56,0.75,14,0.25,True,True,True,True,False
16,12,3,dense,anticorrelated,0.3,66,66,1.0,0,0.0,True,True,True,True,True
17,12,3,dense,anticorrelated,0.3,80,98,0.8163265306122449,18,0.1836734693877551,True,True,True,True,False
18,12,3,dense,anticorrelated,0.3,48,56,0.8571428571428571,8,0.14285714285714285,True,True,True,True,False
19,12,3,dense,anticorrelated,0.3,54,71,0.7605633802816901,17,0.23943661971830985,True,True,True,True,False
20,12,3,dense,anticorrelated,0.3,102,104,0.9807692307692307,2,0.019230769230769232,True,True,True,True,False
21,12,3,dense,anticorrelated,0.3,120,120,1.0,0,0.0,True,True,True,True,True
22,12,3,dense,anticorrelated,0.3,68,68,1.0,0,0.0,True,True,True,True,True
23,12,3,dense,anticorrelated,0.3,54,54,1.0,0,0.0,True,True,True,True,True
24,12,3,dense,anticorrelated,0.3,102,102,1.0,0,0.0,True,True,True,True,True
25,12,3,dense,anticorrelated,0.3,51,63,0.8095238095238095,12,0.19047619047619047,True,True,True,True,False
26,12,3,dense,anticorrelated,0.3,54,68,0.7941176470588235,14,0.20588235294117646,True,True,True,True,False
27,12,3,dense,anticorrelated,0.3,60,77,0.7792207792207793,17,0.22077922077922077,True,True,True,True,False
28,12,3,dense,anticorrelated,0.3,140,140,1.0,0,0.0,True,True,True,True,True
29,12,3,dense,anticorrelated,0.3,48,68,0.7058823529411765,20,0.29411764705882354,True,True,True,True,False
30,12,3,dense,anticorrelated,0.3,45,45,1.0,0,0.0,True,True,True,True,True
1,12,3,dense,anticorrelated,0.8,272,272,1.0,0,0.0,True,True,True,True,True
2,12,3,dense,anticorrelated,0.8,306,306,1.0,0,0.0,True,True,True,True,True
3,12,3,dense,anticorrelated,0.8,126,135,0.9333333333333333,9,0.06666666666666667,True,True,True,True,False
4,12,3,dense,anticorrelated,0.8,105,155,0.6774193548387096,50,0.3225806451612903,True,True,True,True,False
5,12,3,dense,anticorrelated,0.8,270,270,1.0,0,0.0,True,True,True,True,True
6,12,3,dense,anticorrelated,0.8,153,173,0.884393063583815,20,0.11560693641618497,True,True,True,True,False
7,12,3,dense,anticorrelated,0.8,128,161,0.7950310559006211,33,0.20496894409937888,True,True,True,True,False
8,12,3,dense,anticorrelated,0.8,187,207,0.9033816425120773,20,0.0966183574879227,True,True,True,True,False
9,12,3,dense,anticorrelated,0.8,224,227,0.986784140969163,3,0.013215859030837005,True,True,True,True,False
10,12,3,dense,anticorrelated,0.8,323,323,1.0,0,0.0,True,True,True,True,True
11,12,3,dense,anticorrelated,0.8,170,185,0.918918918918919,15,0.08108108108108109,True,True,True,True,False
12,12,3,dense,anticorrelated,0.8,209,209,1.0,0,0.0,True,True,True,True,True
13,12,3,dense,anticorrelated,0.8,170,215,0.7906976744186046,45,0.20930232558139536,True,True,True,True,False
14,12,3,dense,anticorrelated,0.8,228,228,1.0,0,0.0,True,True,True,True,True
15,12,3,dense,anticorrelated,0.8,112,154,0.7272727272727273,42,0.2727272727272727,True,True,True,True,False
16,12,3,dense,anticorrelated,0.8,176,176,1.0,0,0.0,True,True,True,True,True
17,12,3,dense,anticorrelated,0.8,208,255,0.8156862745098039,47,0.1843137254901961,True,True,True,True,False
18,12,3,dense,anticorrelated,0.8,160,160,1.0,0,0.0,True,True,True,True,True
19,12,3,dense,anticorrelated,0.8,180,212,0.8490566037735849,32,0.1509433962264151,True,True,True,True,False
20,12,3,dense,anticorrelated,0.8,272,280,0.9714285714285714,8,0.02857142857142857,True,True,True,True,False
21,12,3,dense,anticorrelated,0.8,340,340,1.0,0,0.0,True,True,True,True,True
22,12,3,dense,anticorrelated,0.8,187,190,0.9842105263157894,3,0.015789473684210527,True,True,True,True,False
23,12,3,dense,anticorrelated,0.8,162,178,0.9101123595505618,16,0.0898876404494382,True,True,True,True,False
24,12,3,dense,anticorrelated,0.8,306,306,1.0,0,0.0,True,True,True,True,True
25,12,3,dense,anticorrelated,0.8,160,190,0.8421052631578947,30,0.15789473684210525,True,True,True,True,False
26,12,3,dense,anticorrelated,0.8,160,202,0.7920792079207921,42,0.2079207920792079,True,True,True,True,False
27,12,3,dense,anticorrelated,0.8,160,220,0.7272727272727273,60,0.2727272727272727,True,True,True,True,False
28,12,3,dense,anticorrelated,0.8,380,380,1.0,0,0.0,True,True,True,True,True
29,12,3,dense,anticorrelated,0.8,144,212,0.6792452830188679,68,0.32075471698113206,True,True,True,True,False
30,12,3,dense,anticorrelated,0.8,150,150,1.0,0,0.0,True,True,True,True,True
1,12,3,sparse,random,0.3,216,336,0.6428571428571429,120,0.35714285714285715,True,True,True,True,False
2,12,3,sparse,random,0.3,252,412,0.6116504854368932,160,0.3883495145631068,True,True,True,True,False
3,12,3,sparse,random,0.3,285,479,0.5949895615866388,194,0.40501043841336115,True,True,True,True,False
4,12,3,sparse,random,0.3,210,466,0.45064377682403434,256,0.5493562231759657,True,True,True,True,False
5,12,3,sparse,random,0.3,180,336,0.5357142857142857,156,0.4642857142857143,True,True,True,True,False
6,12,3,sparse,random,0.3,400,431,0.9280742459396751,31,0.07192575406032482,True,True,True,True,False
7,12,3,sparse,random,0.3,396,646,0.6130030959752322,250,0.38699690402476783,True,True,True,True,False
8,12,3,sparse,random,0.3,228,348,0.6551724137931034,120,0.3448275862068966,True,True,True,True,False
9,12,3,sparse,random,0.3,192,372,0.5161290322580645,180,0.4838709677419355,True,True,True,True,False
10,12,3,sparse,random,0.3,294,379,0.7757255936675461,85,0.22427440633245382,True,True,True,True,False
11,12,3,sparse,random,0.3,178,290,0.6137931034482759,112,0.38620689655172413,True,True,True,True,False
12,12,3,sparse,random,0.3,196,319,0.6144200626959248,123,0.38557993730407525,True,True,True,True,False
13,12,3,sparse,random,0.3,240,436,0.5504587155963303,196,0.44954128440366975,True,True,True,True,False
14,12,3,sparse,random,0.3,194,294,0.6598639455782312,100,0.3401360544217687,True,True,True,True,False
15,12,3,sparse,random,0.3,77,100,0.77,23,0.23,True,True,True,True,False
16,12,3,sparse,random,0.3,104,198,0.5252525252525253,94,0.47474747474747475,True,True,True,True,False
17,12,3,sparse,random,0.3,160,243,0.6584362139917695,83,0.34156378600823045,True,True,True,True,False
18,12,3,sparse,random,0.3,188,254,0.7401574803149606,66,0.25984251968503935,True,True,True,True,False
19,12,3,sparse,random,0.3,166,367,0.45231607629427795,201,0.547683923705722,True,True,True,True,False
20,12,3,sparse,random,0.3,495,569,0.8699472759226714,74,0.13005272407732865,True,True,True,True,False
21,12,3,sparse,random,0.3,86,218,0.3944954128440367,132,0.6055045871559633,True,True,True,True,False
22,12,3,sparse,random,0.3,84,112,0.75,28,0.25,True,True,True,True,False
23,12,3,sparse,random,0.3,164,233,0.703862660944206,69,0.296137339055794,True,True,True,True,False
24,12,3,sparse,random,0.3,83,234,0.3547008547008547,151,0.6452991452991453,True,True,True,True,False
25,12,3,sparse,random,0.3,291,441,0.6598639455782312,150,0.3401360544217687,True,True,True,True,False
26,12,3,sparse,random,0.3,118,216,0.5462962962962963,98,0.4537037037037037,True,True,True,True,False
27,12,3,sparse,random,0.3,192,359,0.5348189415041783,167,0.46518105849582175,True,True,True,True,False
28,12,3,sparse,random,0.3,207,305,0.6786885245901639,98,0.32131147540983607,True,True,True,True,False
29,12,3,sparse,random,0.3,174,235,0.7404255319148936,61,0.25957446808510637,True,True,True,True,False
30,12,3,sparse,random,0.3,135,218,0.6192660550458715,83,0.38073394495412843,True,True,True,True,False
1,12,3,sparse,random,0.8,648,1033,0.6272991287512101,385,0.3727008712487899,True,True,True,True,False
2,12,3,sparse,random,0.8,756,1236,0.6116504854368932,480,0.3883495145631068,True,True,True,True,False
3,12,3,sparse,random,0.8,855,1437,0.5949895615866388,582,0.40501043841336115,True,True,True,True,False
4,12,3,sparse,random,0.8,602,1498,0.40186915887850466,896,0.5981308411214953,True,True,True,True,False
5,12,3,sparse,random,0.8,540,956,0.5648535564853556,416,0.4351464435146444,True,True,True,True,False
6,12,3,sparse,random,0.8,1040,1102,0.9437386569872959,62,0.056261343012704176,True,True,True,True,False
7,12,3,sparse,random,0.8,1089,1789,0.6087199552822806,700,0.3912800447177194,True,True,True,True,False
8,12,3,sparse,random,0.8,608,960,0.6333333333333333,352,0.36666666666666664,True,True,True,True,False
9,12,3,sparse,random,0.8,576,1183,0.48689771766694845,607,0.5131022823330516,True,True,True,True,False
10,12,3,sparse,random,0.8,784,1124,0.697508896797153,340,0.302491103202847,True,True,True,True,False
11,12,3,sparse,random,0.8,534,926,0.5766738660907127,392,0.42332613390928725,True,True,True,True,False
12,12,3,sparse,random,0.8,490,847,0.5785123966942148,357,0.4214876033057851,True,True,True,True,False
13,12,3,sparse,random,0.8,640,1164,0.5498281786941581,524,0.45017182130584193,True,True,True,True,False
14,12,3,sparse,random,0.8,679,929,0.7308934337997847,250,0.2691065662002153,True,True,True,True,False
15,12,3,sparse,random,0.8,231,302,0.7649006622516556,71,0.23509933774834438,True,True,True,True,False
16,12,3,sparse,random,0.8,376,584,0.6438356164383562,208,0.3561643835616438,True,True,True,True,False
17,12,3,sparse,random,0.8,480,728,0.6593406593406593,248,0.34065934065934067,True,True,True,True,False
18,12,3,sparse,random,0.8,470,768,0.6119791666666666,298,0.3880208333333333,True,True,True,True,False
19,12,3,sparse,random,0.8,581,987,0.5886524822695035,406,0.41134751773049644,True,True,True,True,False
20,12,3,sparse,random,0.8,1386,1682,0.8240190249702735,296,0.1759809750297265,True,True,True,True,False
21,12,3,sparse,random,0.8,430,700,0.6142857142857143,270,0.38571428571428573,True,True,True,True,False
22,12,3,sparse,random,0.8,280,342,0.8187134502923976,62,0.18128654970760233,True,True,True,True,False
23,12,3,sparse,random,0.8,574,852,0.6737089201877934,278,0.32629107981220656,True,True,True,True,False
24,12,3,sparse,random,0.8,332,726,0.4573002754820937,394,0.5426997245179064,True,True,True,True,False
25,12,3,sparse,random,0.8,776,1298,0.5978428351309707,522,0.40215716486902925,True,True,True,True,False
26,12,3,sparse,random,0.8,372,666,0.5585585585585585,294,0.44144144144144143,True,True,True,True,False
27,12,3,sparse,random,0.8,576,1028,0.5603112840466926,452,0.4396887159533074,True,True,True,True,False
28,12,3,sparse,random,0.8,690,1082,0.6377079482439926,392,0.36229205175600737,True,True,True,True,False
29,12,3,sparse,random,0.8,522,798,0.6541353383458647,276,0.3458646616541353,True,True,True,True,False
30,12,3,sparse,random,0.8,351,653,0.5375191424196019,302,0.46248085758039814,True,True,True,True,False
1,12,3,sparse,correlated,0.3,18,21,0.8571428571428571,3,0.14285714285714285,True,True,True,True,False
2,12,3,sparse,correlated,0.3,10,12,0.8333333333333334,2,0.16666666666666666,True,True,True,True,False
3,12,3,sparse,correlated,0.3,10,18,0.5555555555555556,8,0.4444444444444444,True,True,True,True,False
4,12,3,sparse,correlated,0.3,6,8,0.75,2,0.25,True,True,True,True,False
5,12,3,sparse,correlated,0.3,21,28,0.75,7,0.25,True,True,True,True,False
6,12,3,sparse,correlated,0.3,9,14,0.6428571428571429,5,0.35714285714285715,True,True,True,True,False
7,12,3,sparse,correlated,0.3,20,26,0.7692307692307693,6,0.23076923076923078,True,True,True,True,False
8,12,3,sparse,correlated,0.3,12,26,0.46153846153846156,14,0.5384615384615384,True,True,True,True,False
9,12,3,sparse,correlated,0.3,18,28,0.6428571428571429,10,0.35714285714285715,True,True,True,True,False
10,12,3,sparse,correlated,0.3,9,14,0.6428571428571429,5,0.35714285714285715,True,True,True,True,False
11,12,3,sparse,correlated,0.3,14,15,0.9333333333333333,1,0.06666666666666667,True,True,True,True,False
12,12,3,sparse,correlated,0.3,12,19,0.631578947368421,7,0.3684210526315789,True,True,True,True,False
13,12,3,sparse,correlated,0.3,10,18,0.5555555555555556,8,0.4444444444444444,True,True,True,True,False
14,12,3,sparse,correlated,0.3,12,25,0.48,13,0.52,True,True,True,True,False
15,12,3,sparse,correlated,0.3,8,12,0.6666666666666666,4,0.3333333333333333,True,True,True,True,False
16,12,3,sparse,correlated,0.3,12,14,0.8571428571428571,2,0.14285714285714285,True,True,True,True,False
17,12,3,sparse,correlated,0.3,8,9,0.8888888888888888,1,0.1111111111111111,True,True,True,True,False
18,12,3,sparse,correlated,0.3,7,11,0.6363636363636364,4,0.36363636363636365,True,True,True,True,False
19,12,3,sparse,correlated,0.3,10,25,0.4,15,0.6,True,True,True,True,False
20,12,3,sparse,correlated,0.3,6,18,0.3333333333333333,12,0.6666666666666666,True,True,True,True,False
21,12,3,sparse,correlated,0.3,21,33,0.6363636363636364,12,0.36363636363636365,True,True,True,True,False
22,12,3,sparse,correlated,0.3,7,10,0.7,3,0.3,True,True,True,True,False
23,12,3,sparse,correlated,0.3,18,37,0.4864864864864865,19,0.5135135135135135,True,True,True,True,False
24,12,3,sparse,correlated,0.3,6,12,0.5,6,0.5,True,True,True,True,False
25,12,3,sparse,correlated,0.3,14,16,0.875,2,0.125,True,True,True,True,False
26,12,3,sparse,correlated,0.3,8,11,0.7272727272727273,3,0.2727272727272727,True,True,True,True,False
27,12,3,sparse,correlated,0.3,18,18,1.0,0,0.0,True,True,True,True,True
28,12,3,sparse,correlated,0.3,15,25,0.6,10,0.4,True,True,True,True,False
29,12,3,sparse,correlated,0.3,12,30,0.4,18,0.6,True,True,True,True,False
30,12,3,sparse,correlated,0.3,3,4,0.75,1,0.25,True,True,True,True,False
1,12,3,sparse,correlated,0.8,54,63,0.8571428571428571,9,0.14285714285714285,True,True,True,True,False
2,12,3,sparse,correlated,0.8,40,40,1.0,0,0.0,True,True,True,True,True
3,12,3,sparse,correlated,0.8,40,51,0.7843137254901961,11,0.21568627450980393,True,True,True,True,False
4,12,3,sparse,correlated,0.8,30,32,0.9375,2,0.0625,True,True,True,True,False
5,12,3,sparse,correlated,0.8,56,88,0.6363636363636364,32,0.36363636363636365,True,True,True,True,False
6,12,3,sparse,correlated,0.8,24,48,0.5,24,0.5,True,True,True,True,False
7,12,3,sparse,correlated,0.8,60,81,0.7407407407407407,21,0.25925925925925924,True,True,True,True,False
8,12,3,sparse,correlated,0.8,36,70,0.5142857142857142,34,0.4857142857142857,True,True,True,True,False
9,12,3,sparse,correlated,0.8,48,78,0.6153846153846154,30,0.38461538461538464,True,True,True,True,False
10,12,3,sparse,correlated,0.8,32,57,0.5614035087719298,25,0.43859649122807015,True,True,True,True,False
11,12,3,sparse,correlated,0.8,35,45,0.7777777777777778,10,0.2222222222222222,True,True,True,True,False
12,12,3,sparse,correlated,0.8,32,55,0.5818181818181818,23,0.41818181818181815,True,True,True,True,False
13,12,3,sparse,correlated,0.8,30,55,0.5454545454545454,25,0.45454545454545453,True,True,True,True,False
14,12,3,sparse,correlated,0.8,40,71,0.5633802816901409,31,0.43661971830985913,True,True,True,True,False
15,12,3,sparse,correlated,0.8,32,40,0.8,8,0.2,True,True,True,True,False
16,12,3,sparse,correlated,0.8,36,50,0.72,14,0.28,True,True,True,True,False
17,12,3,sparse,correlated,0.8,24,34,0.7058823529411765,10,0.29411764705882354,True,True,True,True,False
18,12,3,sparse,correlated,0.8,16,30,0.5333333333333333,14,0.4666666666666667,True,True,True,True,False
19,12,3,sparse,correlated,0.8,40,78,0.5128205128205128,38,0.48717948717948717,True,True,True,True,False
20,12,3,sparse,correlated,0.8,24,51,0.47058823529411764,27,0.5294117647058824,True,True,True,True,False
21,12,3,sparse,correlated,0.8,56,88,0.6363636363636364,32,0.36363636363636365,True,True,True,True,False
22,12,3,sparse,correlated,0.8,14,30,0.4666666666666667,16,0.5333333333333333,True,True,True,True,False
23,12,3,sparse,correlated,0.8,54,104,0.5192307692307693,50,0.4807692307692308,True,True,True,True,False
24,12,3,sparse,correlated,0.8,24,44,0.5454545454545454,20,0.45454545454545453,True,True,True,True,False
25,12,3,sparse,correlated,0.8,42,51,0.8235294117647058,9,0.17647058823529413,True,True,True,True,False
26,12,3,sparse,correlated,0.8,16,35,0.45714285714285713,19,0.5428571428571428,True,True,True,True,False
27,12,3,sparse,correlated,0.8,48,58,0.8275862068965517,10,0.1724137931034483,True,True,True,True,False
28,12,3,sparse,correlated,0.8,49,67,0.7313432835820896,18,0.26865671641791045,True,True,True,True,False
29,12,3,sparse,correlated,0.8,40,90,0.4444444444444444,50,0.5555555555555556,True,True,True,True,False
30,12,3,sparse,correlated,0.8,18,25,0.72,7,0.28,True,True,True,True,False
1,12,3,sparse,anticorrelated,0.3,60,96,0.625,36,0.375,True,True,True,True,False
2,12,3,sparse,anticorrelated,0.3,52,100,0.52,48,0.48,True,True,True,True,False
3,12,3,sparse,anticorrelated,0.3,32,64,0.5,32,0.5,True,True,True,True,False
4,12,3,sparse,anticorrelated,0.3,42,70,0.6,28,0.4,True,True,True,True,False
5,12,3,sparse,anticorrelated,0.3,57,102,0.5588235294117647,45,0.4411764705882353,True,True,True,True,False
6,12,3,sparse,anticorrelated,0.3,75,129,0.5813953488372093,54,0.4186046511627907,True,True,True,True,False
7,12,3,sparse,anticorrelated,0.3,80,112,0.7142857142857143,32,0.2857142857142857,True,True,True,True,False
8,12,3,sparse,anticorrelated,0.3,52,96,0.5416666666666666,44,0.4583333333333333,True,True,True,True,False
9,12,3,sparse,anticorrelated,0.3,60,98,0.6122448979591837,38,0.3877551020408163,True,True,True,True,False
10,12,3,sparse,anticorrelated,0.3,33,49,0.673469387755102,16,0.32653061224489793,True,True,True,True,False
11,12,3,sparse,anticorrelated,0.3,48,79,0.6075949367088608,31,0.3924050632911392,True,True,True,True,False
12,12,3,sparse,anticorrelated,0.3,54,67,0.8059701492537313,13,0.19402985074626866,True,True,True,True,False
13,12,3,sparse,anticorrelated,0.3,51,78,0.6538461538461539,27,0.34615384615384615,True,True,True,True,False
14,12,3,sparse,anticorrelated,0.3,45,92,0.4891304347826087,47,0.5108695652173914,True,True,True,True,False
15,12,3,sparse,anticorrelated,0.3,45,82,0.5487804878048781,37,0.45121951219512196,True,True,True,True,False
16,12,3,sparse,anticorrelated,0.3,38,38,1.0,0,0.0,True,True,True,True,True
17,12,3,sparse,anticorrelated,0.3,48,74,0.6486486486486487,26,0.35135135135135137,True,True,True,True,False
18,12,3,sparse,anticorrelated,0.3,17,33,0.5151515151515151,16,0.48484848484848486,True,True,True,True,False
19,12,3,sparse,anticorrelated,0.3,32,67,0.47761194029850745,35,0.5223880597014925,True,True,True,True,False
20,12,3,sparse,anticorrelated,0.3,65,79,0.8227848101265823,14,0.17721518987341772,True,True,True,True,False
21,12,3,sparse,anticorrelated,0.3,54,110,0.4909090909090909,56,0.509090909090909,True,True,True,True,False
22,12,3,sparse,anticorrelated,0.3,14,33,0.42424242424242425,19,0.5757575757575758,True,True,True,True,False
23,12,3,sparse,anticorrelated,0.3,63,165,0.38181818181818183,102,0.6181818181818182,True,True,True,True,False
24,12,3,sparse,anticorrelated,0.3,36,60,0.6,24,0.4,True,True,True,True,False
25,12,3,sparse,anticorrelated,0.3,34,34,1.0,0,0.0,True,True,True,True,True
26,12,3,sparse,anticorrelated,0.3,42,61,0.6885245901639344,19,0.3114754098360656,True,True,True,True,False
27,12,3,sparse,anticorrelated,0.3,54,81,0.6666666666666666,27,0.3333333333333333,True,True,True,True,False
28,12,3,sparse,anticorrelated,0.3,85,99,0.8585858585858586,14,0.1414141414141414,True,True,True,True,False
29,12,3,sparse,anticorrelated,0.3,54,142,0.38028169014084506,88,0.6197183098591549,True,True,True,True,False
30,12,3,sparse,anticorrelated,0.3,26,26,1.0,0,0.0,True,True,True,True,True
1,12,3,sparse,anticorrelated,0.8,180,276,0.6521739130434783,96,0.34782608695652173,True,True,True,True,False
2,12,3,sparse,anticorrelated,0.8,156,300,0.52,144,0.48,True,True,True,True,False
3,12,3,sparse,anticorrelated,0.8,96,176,0.5454545454545454,80,0.45454545454545453,True,True,True,True,False
4,12,3,sparse,anticorrelated,0.8,140,219,0.639269406392694,79,0.3607305936073059,True,True,True,True,False
5,12,3,sparse,anticorrelated,0.8,152,325,0.4676923076923077,173,0.5323076923076923,True,True,True,True,False
6,12,3,sparse,anticorrelated,0.8,210,354,0.5932203389830508,144,0.4067796610169492,True,True,True,True,False
7,12,3,sparse,anticorrelated,0.8,240,352,0.6818181818181818,112,0.3181818181818182,True,True,True,True,False
8,12,3,sparse,anticorrelated,0.8,143,275,0.52,132,0.48,True,True,True,True,False
9,12,3,sparse,anticorrelated,0.8,160,274,0.583941605839416,114,0.41605839416058393,True,True,True,True,False
10,12,3,sparse,anticorrelated,0.8,99,180,0.55,81,0.45,True,True,True,True,False
11,12,3,sparse,anticorrelated,0.8,132,232,0.5689655172413793,100,0.43103448275862066,True,True,True,True,False
12,12,3,sparse,anticorrelated,0.8,144,203,0.7093596059113301,59,0.29064039408866993,True,True,True,True,False
13,12,3,sparse,anticorrelated,0.8,153,257,0.5953307392996109,104,0.4046692607003891,True,True,True,True,False
14,12,3,sparse,anticorrelated,0.8,135,250,0.54,115,0.46,True,True,True,True,False
15,12,3,sparse,anticorrelated,0.8,120,255,0.47058823529411764,135,0.5294117647058824,True,True,True,True,False
16,12,3,sparse,anticorrelated,0.8,114,138,0.8260869565217391,24,0.17391304347826086,True,True,True,True,False
17,12,3,sparse,anticorrelated,0.8,144,227,0.6343612334801763,83,0.3656387665198238,True,True,True,True,False
18,12,3,sparse,anticorrelated,0.8,48,96,0.5,48,0.5,True,True,True,True,False
19,12,3,sparse,anticorrelated,0.8,96,204,0.47058823529411764,108,0.5294117647058824,True,True,True,True,False
20,12,3,sparse,anticorrelated,0.8,182,223,0.8161434977578476,41,0.18385650224215247,True,True,True,True,False
21,12,3,sparse,anticorrelated,0.8,144,307,0.46905537459283386,163,0.5309446254071661,True,True,True,True,False
22,12,3,sparse,anticorrelated,0.8,56,121,0.4628099173553719,65,0.5371900826446281,True,True,True,True,False
23,12,3,sparse,anticorrelated,0.8,189,465,0.4064516129032258,276,0.5935483870967742,True,True,True,True,False
24,12,3,sparse,anticorrelated,0.8,96,210,0.45714285714285713,114,0.5428571428571428,True,True,True,True,False
25,12,3,sparse,anticorrelated,0.8,102,123,0.8292682926829268,21,0.17073170731707318,True,True,True,True,False
26,12,3,sparse,anticorrelated,0.8,112,163,0.6871165644171779,51,0.3128834355828221,True,True,True,True,False
27,12,3,sparse,anticorrelated,0.8,170,270,0.6296296296296297,100,0.37037037037037035,True,True,True,True,False
28,12,3,sparse,anticorrelated,0.8,238,266,0.8947368421052632,28,0.10526315789473684,True,True,True,True,False
29,12,3,sparse,anticorrelated,0.8,180,426,0.4225352112676056,246,0.5774647887323944,True,True,True,True,False
30,12,3,sparse,anticorrelated,0.8,65,103,0.6310679611650486,38,0.36893203883495146,True,True,True,True,False
